Date,Open,High,Low,Close,Adj Close,Volume,Year,Month,Daily Return,MA50,MA200
2010-06-29,3.8,5.0,3.508,4.778,4.778,93831500,2010,2010-06,,,
2010-06-30,5.158,6.084,4.66,4.766,4.766,85935500,2010,2010-06,-0.002511511092507246,,
2010-07-01,5.0,5.184,4.054,4.392,4.392,41094000,2010,2010-07,-0.07847251363827101,,
2010-07-02,4.6,4.62,3.742,3.84,3.84,25699000,2010,2010-07,-0.12568306010928976,,
2010-07-06,4.0,4.0,3.166,3.222,3.222,34334500,2010,2010-07,-0.16093749999999996,,
2010-07-07,3.28,3.326,2.996,3.16,3.16,34608500,2010,2010-07,-0.019242706393544307,,
2010-07-08,3.228,3.504,3.114,3.492,3.492,38557000,2010,2010-07,0.1050632911392404,,
2010-07-09,3.516,3.58,3.31,3.48,3.48,20253000,2010,2010-07,-0.0034364261168384758,,
2010-07-12,3.59,3.614,3.4,3.41,3.41,11012500,2010,2010-07,-0.02011494252873558,,
2010-07-13,3.478,3.728,3.38,3.628,3.628,13400500,2010,2010-07,0.06392961876832848,,
2010-07-14,3.588,4.03,3.552,3.968,3.968,20976000,2010,2010-07,0.093715545755237,,
2010-07-15,3.988,4.3,3.8,3.978,3.978,18699000,2010,2010-07,0.002520161290322731,,
2010-07-16,4.14,4.26,4.01,4.128,4.128,13106500,2010,2010-07,0.037707390648566985,,
2010-07-19,4.274,4.45,4.184,4.382,4.382,12432500,2010,2010-07,0.06153100775193798,,
2010-07-20,4.37,4.37,4.01,4.06,4.06,9126500,2010,2010-07,-0.07348242811501604,,
2010-07-21,4.132,4.18,3.9,4.044,4.044,6262500,2010,2010-07,-0.003940886699507429,,
2010-07-22,4.1,4.25,4.074,4.2,4.2,4789000,2010,2010-07,0.03857566765578646,,
2010-07-23,4.238,4.312,4.212,4.258,4.258,3268000,2010,2010-07,0.013809523809523716,,
2010-07-26,4.3,4.3,4.06,4.19,4.19,4611000,2010,2010-07,-0.015969938938468653,,
2010-07-27,4.182,4.236,4.052,4.11,4.11,3098500,2010,2010-07,-0.019093078758949944,,
2010-07-28,4.11,4.18,4.102,4.144,4.144,2336000,2010,2010-07,0.008272506082725117,,
2010-07-29,4.154,4.176,4.0,4.07,4.07,3080000,2010,2010-07,-0.017857142857142794,,
2010-07-30,4.04,4.088,3.91,3.988,3.988,2134500,2010,2010-07,-0.020147420147420214,,
2010-08-02,4.1,4.194,4.066,4.184,4.184,3590500,2010,2010-08,0.049147442326981094,,
2010-08-03,4.2,4.39,4.164,4.39,4.39,6152500,2010,2010-08,0.04923518164435925,,
2010-08-04,4.39,4.436,4.17,4.252,4.252,4565000,2010,2010-08,-0.031435079726651494,,
2010-08-05,4.308,4.31,4.01,4.09,4.09,3981000,2010,2010-08,-0.038099717779868314,,
2010-08-06,4.02,4.032,3.904,3.918,3.918,3709500,2010,2010-08,-0.04205378973105123,,
2010-08-09,3.98,3.996,3.89,3.92,3.92,4063500,2010,2010-08,0.0005104645227156368,,
2010-08-10,3.93,3.93,3.764,3.806,3.806,6406500,2010,2010-08,-0.029081632653061185,,
2010-08-11,3.738,3.776,3.57,3.58,3.58,3988000,2010,2010-08,-0.05937992643194956,,
2010-08-12,3.56,3.58,3.478,3.52,3.52,3455000,2010,2010-08,-0.016759776536312887,,
2010-08-13,3.636,3.69,3.532,3.664,3.664,3170000,2010,2010-08,0.040909090909091006,,
2010-08-16,3.69,3.76,3.652,3.756,3.756,2429000,2010,2010-08,0.02510917030567672,,
2010-08-17,3.792,3.88,3.756,3.83,3.83,2239500,2010,2010-08,0.01970181043663488,,
2010-08-18,3.918,3.918,3.72,3.754,3.754,3006500,2010,2010-08,-0.01984334203655358,,
2010-08-19,3.708,3.85,3.666,3.758,3.758,2895500,2010,2010-08,0.0010655301012254537,,
2010-08-20,3.73,3.822,3.702,3.82,3.82,1480000,2010,2010-08,0.016498137307078276,,
2010-08-23,3.818,4.078,3.8,4.026,4.026,5440500,2010,2010-08,0.05392670157068058,,
2010-08-24,3.85,3.942,3.79,3.84,3.84,3365500,2010,2010-08,-0.046199701937406856,,
2010-08-25,3.832,3.996,3.712,3.98,3.98,2516500,2010,2010-08,0.03645833333333326,,
2010-08-26,3.978,4.054,3.92,3.95,3.95,2169000,2010,2010-08,-0.007537688442211032,,
2010-08-27,3.95,3.974,3.9,3.94,3.94,1898000,2010,2010-08,-0.0025316455696202667,,
2010-08-30,3.94,4.038,3.922,3.974,3.974,3664000,2010,2010-08,0.00862944162436552,,
2010-08-31,3.932,3.958,3.866,3.896,3.896,1005500,2010,2010-08,-0.01962757926522407,,
2010-09-01,3.924,4.138,3.92,4.09,4.09,2474500,2010,2010-09,0.049794661190964984,,
2010-09-02,4.074,4.248,4.062,4.212,4.212,2435500,2010,2010-09,0.029828850855745603,,
2010-09-03,4.174,4.26,4.132,4.21,4.21,2173000,2010,2010-09,-0.0004748338081670411,,
2010-09-07,4.122,4.2,4.1,4.108,4.108,1217000,2010,2010-09,-0.02422802850356298,,
2010-09-08,4.132,4.19,4.12,4.18,4.18,1442000,2010,2010-09,0.017526777020447915,3.9667200000000005,
2010-09-09,4.2,4.21,4.138,4.142,4.142,1881000,2010,2010-09,-0.009090909090908927,3.954,
2010-09-10,4.15,4.186,3.952,4.034,4.034,1933000,2010,2010-09,-0.026074360212457903,3.9393599999999998,
2010-09-13,4.178,4.18,4.1,4.144,4.144,1804000,2010,2010-09,0.027268220128904286,3.9344,
2010-09-14,4.108,4.32,4.106,4.224,4.224,3273500,2010,2010-09,0.019305019305019266,3.94208,
2010-09-15,4.196,4.4,4.158,4.396,4.396,3423000,2010,2010-09,0.040719696969696795,3.9655600000000004,
2010-09-16,4.43,4.632,4.168,4.188,4.188,13422500,2010,2010-09,-0.047315741583257576,3.98612,
2010-09-17,4.204,4.264,3.96,4.046,4.046,5992500,2010,2010-09,-0.03390639923591199,3.9972,
2010-09-20,4.134,4.27,4.032,4.212,4.212,4737500,2010,2010-09,0.04102817597627273,4.01184,
2010-09-21,4.178,4.31,4.134,4.154,4.154,3980000,2010,2010-09,-0.01377018043684708,4.02672,
2010-09-22,4.174,4.19,3.96,3.974,3.974,4814500,2010,2010-09,-0.04333172845450162,4.03364,
2010-09-23,3.978,4.028,3.9,3.912,3.912,3340500,2010,2010-09,-0.015601409159537005,4.03252,
2010-09-24,3.99,4.038,3.93,4.02,4.02,2894500,2010,2010-09,0.027607361963190025,4.03336,
2010-09-27,4.08,4.162,4.01,4.106,4.106,2093000,2010,2010-09,0.021393034825870627,4.032920000000001,
2010-09-28,4.208,4.298,4.152,4.28,4.28,6072500,2010,2010-09,0.0423770092547493,4.03088,
2010-09-29,4.238,4.406,4.226,4.396,4.396,9846500,2010,2010-09,0.027102803738317638,4.0376,
2010-09-30,4.4,4.43,4.038,4.082,4.082,10979000,2010,2010-09,-0.0714285714285714,4.03836,
2010-10-01,4.138,4.15,4.062,4.12,4.12,2988500,2010,2010-10,0.009309162175404229,4.03676,
2010-10-04,4.086,4.234,4.06,4.198,4.198,3218000,2010,2010-10,0.018932038834951426,4.03556,
2010-10-05,4.23,4.256,4.202,4.224,4.224,1660000,2010,2010-10,0.006193425440685907,4.036239999999999,
2010-10-06,4.212,4.252,4.064,4.092,4.092,1567000,2010,2010-10,-0.03125000000000011,4.035880000000001,
2010-10-07,4.114,4.128,4.068,4.086,4.086,705000,2010,2010-10,-0.0014662756598239346,4.03472,
2010-10-08,4.086,4.158,4.078,4.086,4.086,1339000,2010,2010-10,0.0,4.03504,
2010-10-11,4.088,4.14,4.014,4.048,4.048,856000,2010,2010-10,-0.00930004894762615,4.03624,
2010-10-12,4.04,4.056,4.006,4.048,4.048,1220000,2010,2010-10,0.0,4.033519999999999,
2010-10-13,4.128,4.17,4.072,4.108,4.108,1591000,2010,2010-10,0.014822134387351582,4.02788,
2010-10-14,4.2,4.206,4.08,4.15,4.15,1474000,2010,2010-10,0.010223953261928154,4.02584,
2010-10-15,4.178,4.18,4.05,4.108,4.108,1423500,2010,2010-10,-0.010120481927710978,4.026199999999999,
2010-10-18,4.104,4.128,4.044,4.046,4.046,814000,2010,2010-10,-0.015092502434274402,4.02876,
2010-10-19,4.04,4.082,4.0,4.01,4.01,1226000,2010,2010-10,-0.008897676717745995,4.0305599999999995,
2010-10-20,4.032,4.138,4.008,4.13,4.13,1562500,2010,2010-10,0.029925187032419087,4.03704,
2010-10-21,4.122,4.19,4.09,4.15,4.15,2085500,2010,2010-10,0.004842615012106588,4.04844,
2010-10-22,4.136,4.186,4.11,4.144,4.144,805500,2010,2010-10,-0.0014457831325301873,4.060919999999999,
2010-10-25,4.188,4.196,4.146,4.17,4.17,592500,2010,2010-10,0.006274131274131234,4.07104,
2010-10-26,4.16,4.374,4.102,4.272,4.272,3304500,2010,2010-10,0.024460431654676373,4.08136,
2010-10-27,4.25,4.276,4.13,4.2,4.2,1782500,2010,2010-10,-0.016853932584269704,4.08876,
2010-10-28,4.278,4.3,4.192,4.238,4.238,1121000,2010,2010-10,0.009047619047619193,4.09844,
2010-10-29,4.228,4.37,4.21,4.368,4.368,1403000,2010,2010-10,0.030674846625766916,4.11064,
2010-11-01,4.388,4.55,4.262,4.282,4.282,2279000,2010,2010-11,-0.01968864468864473,4.11988,
2010-11-02,4.336,4.376,4.21,4.25,4.25,1612500,2010,2010-11,-0.007473143390938852,4.12436,
2010-11-03,4.256,4.5,4.232,4.354,4.354,1863000,2010,2010-11,0.024470588235294244,4.13464,
2010-11-04,4.52,5.066,4.43,4.98,4.98,9370000,2010,2010-11,0.1437758383096004,4.15464,
2010-11-05,4.974,4.994,4.744,4.888,4.888,5055000,2010,2010-11,-0.01847389558232937,4.1734,
2010-11-08,4.9,5.0,4.806,4.996,4.996,2547500,2010,2010-11,0.02209492635024568,4.19452,
2010-11-09,5.0,5.138,4.81,4.926,4.926,4782000,2010,2010-11,-0.014011208967173783,4.21356,
2010-11-10,4.896,5.994,4.81,5.872,5.872,15302500,2010,2010-11,0.1920422249289484,4.25308,
2010-11-11,5.72,5.82,5.466,5.608,5.608,9726500,2010,2010-11,-0.04495912806539515,4.28344,
2010-11-12,5.65,6.1,5.614,5.968,5.968,13645500,2010,2010-11,0.06419400855920121,4.31856,
2010-11-15,6.044,6.588,6.044,6.16,6.16,13114500,2010,2010-11,0.03217158176943702,4.35756,
2010-11-16,6.2,6.28,5.684,5.934,5.934,6738000,2010,2010-11,-0.03668831168831166,4.39408,
2010-11-17,6.04,6.15,5.722,5.898,5.898,3750000,2010,2010-11,-0.006066734074823166,4.42844,
2010-11-18,6.134,6.148,5.784,5.978,5.978,4780500,2010,2010-11,0.013563919972872096,4.46516,
2010-11-19,6.032,6.274,5.94,6.198,6.198,5752500,2010,2010-11,0.03680160588825698,4.50844,
2010-11-22,6.314,6.69,6.3,6.68,6.68,7648500,2010,2010-11,0.07776702161987736,4.55916,
2010-11-23,6.658,7.136,6.438,6.914,6.914,7889000,2010,2010-11,0.03502994011976046,4.61296,
2010-11-24,7.054,7.194,6.866,7.094,7.094,7125000,2010,2010-11,0.026034133641886115,4.66692,
2010-11-26,7.12,7.2,6.95,7.064,7.064,1753000,2010,2010-11,-0.0042289258528334095,4.72444,
2010-11-29,7.082,7.19,6.666,6.866,6.866,5728000,2010,2010-11,-0.028029445073612713,4.78084,
2010-11-30,6.748,7.066,6.682,7.066,7.066,11113000,2010,2010-11,0.029129041654529564,4.8379199999999996,
2010-12-01,7.174,7.284,6.69,6.87,6.87,6496000,2010,2010-12,-0.027738465893008768,4.89224,
2010-12-02,6.802,6.86,6.24,6.47,6.47,10035000,2010,2010-12,-0.05822416302765654,4.94216,
2010-12-03,6.402,6.45,6.174,6.298,6.298,5800500,2010,2010-12,-0.026584234930448147,4.98988,
2010-12-06,6.27,6.29,5.912,6.062,6.062,6372000,2010,2010-12,-0.037472213401079646,5.03072,
2010-12-07,6.098,6.48,6.01,6.312,6.312,6556500,2010,2010-12,0.041240514681623264,5.07484,
2010-12-08,6.496,6.498,6.304,6.474,6.474,3300000,2010,2010-12,0.025665399239543696,5.11872,
2010-12-09,6.502,6.544,6.33,6.41,6.41,2030000,2010,2010-12,-0.00988569663268457,5.159,
2010-12-10,6.41,6.584,6.226,6.304,6.304,2147000,2010,2010-12,-0.016536661466458602,5.2034400000000005,
2010-12-13,6.328,6.354,6.08,6.11,6.11,2052000,2010,2010-12,-0.03077411167512689,5.243240000000001,
2010-12-14,6.058,6.078,5.552,5.706,5.706,8828500,2010,2010-12,-0.06612111292962353,5.273399999999999,
2010-12-15,5.734,5.994,5.706,5.92,5.92,3714500,2010,2010-12,0.037504381352961635,5.30732,
2010-12-16,6.0,6.182,5.93,6.162,6.162,3950500,2010,2010-12,0.04087837837837838,5.348719999999999,
2010-12-17,6.268,6.308,6.142,6.272,6.272,4065000,2010,2010-12,0.01785134696527102,5.392440000000001,
2010-12-20,6.328,6.438,6.252,6.34,6.34,2617000,2010,2010-12,0.010841836734693855,5.437519999999999,
2010-12-21,6.36,6.538,6.342,6.452,6.452,3888500,2010,2010-12,0.01766561514195586,5.4856,
2010-12-22,6.45,6.572,6.34,6.526,6.526,4166500,2010,2010-12,0.011469311841289409,5.535160000000001,
2010-12-23,6.252,6.496,5.984,6.018,6.018,7763000,2010,2010-12,-0.07784247624885077,5.57336,
2010-12-27,5.604,5.716,5.012,5.11,5.11,46509500,2010,2010-12,-0.1508806912595546,5.59256,
2010-12-28,5.17,5.35,5.0,5.282,5.282,20281500,2010,2010-12,0.03365949119373779,5.616039999999999,
2010-12-29,5.406,5.602,5.3,5.546,5.546,16596000,2010,2010-12,0.04998106777735711,5.64604,
2010-12-30,5.54,5.58,5.276,5.3,5.3,10205500,2010,2010-12,-0.04435629282365672,5.6718399999999995,
2010-12-31,5.314,5.45,5.3,5.326,5.326,7089500,2010,2010-12,0.004905660377358512,5.69576,
2011-01-03,5.368,5.4,5.18,5.324,5.324,6415000,2011,2011-01,-0.00037551633496057946,5.71924,
2011-01-04,5.332,5.39,5.204,5.334,5.334,5937000,2011,2011-01,0.0018782870022540088,5.743040000000001,
2011-01-05,5.296,5.38,5.238,5.366,5.366,7233500,2011,2011-01,0.005999250093738251,5.76696,
2011-01-06,5.366,5.6,5.362,5.576,5.576,10306000,2011,2011-01,0.0391352963101006,5.793040000000001,
2011-01-07,5.6,5.716,5.58,5.648,5.648,11239500,2011,2011-01,0.012912482065997155,5.821999999999999,
2011-01-10,5.634,5.736,5.61,5.69,5.69,6713500,2011,2011-01,0.007436260623229662,5.851039999999999,
2011-01-11,5.718,5.742,5.384,5.392,5.392,8551000,2011,2011-01,-0.052372583479789125,5.871519999999999,
2011-01-12,5.402,5.48,5.304,5.392,5.392,4822000,2011,2011-01,0.0,5.893719999999999,
2011-01-13,5.392,5.394,5.232,5.244,5.244,3618000,2011,2011-01,-0.027448071216617298,5.9136,
2011-01-14,5.23,5.316,5.122,5.15,5.15,5960000,2011,2011-01,-0.017925247902364494,5.92952,
2011-01-18,5.096,5.128,4.95,5.128,5.128,8108500,2011,2011-01,-0.004271844660194257,5.932479999999999,
2011-01-19,5.054,5.094,4.75,4.806,4.806,11857500,2011,2011-01,-0.06279251170046807,5.930840000000001,
2011-01-20,4.806,4.89,4.474,4.524,4.524,11399500,2011,2011-01,-0.05867665418227219,5.9214,
2011-01-21,4.624,4.718,4.542,4.608,4.608,6085000,2011,2011-01,0.018567639257294433,5.91504,
2011-01-24,4.706,4.962,4.646,4.898,4.898,8225500,2011,2011-01,0.0629340277777779,5.89556,
2011-01-25,4.93,4.978,4.804,4.936,4.936,6357500,2011,2011-01,0.007758268681094416,5.88212,
2011-01-26,4.942,4.976,4.82,4.95,4.95,5399500,2011,2011-01,0.002836304700162051,5.86176,
2011-01-27,4.948,5.016,4.906,4.984,4.984,4478500,2011,2011-01,0.006868686868686913,5.83824,
2011-01-28,4.976,4.976,4.75,4.802,4.802,5242000,2011,2011-01,-0.0365168539325843,5.815600000000001,
2011-01-31,4.81,4.824,4.7,4.82,4.82,4151500,2011,2011-01,0.003748438150770639,5.79404,
2011-02-01,4.862,4.946,4.708,4.782,4.782,3539000,2011,2011-02,-0.007883817427385975,5.7701199999999995,
2011-02-02,4.832,4.836,4.734,4.788,4.788,2847500,2011,2011-02,0.0012547051442910462,5.74192,
2011-02-03,4.764,4.78,4.63,4.726,4.726,2560000,2011,2011-02,-0.012949039264828821,5.70284,
2011-02-04,4.688,4.734,4.644,4.692,4.692,2720000,2011,2011-02,-0.007194244604316502,5.6584,
2011-02-07,4.652,4.652,4.576,4.614,4.614,4475500,2011,2011-02,-0.01662404092071612,5.6088,
2011-02-08,4.756,5.05,4.6,4.898,4.898,17524500,2011,2011-02,0.06155179887299522,5.56548,
2011-02-09,4.826,4.836,4.558,4.642,4.642,13178000,2011,2011-02,-0.0522662311147406,5.521,
2011-02-10,4.652,4.728,4.562,4.644,4.644,4180500,2011,2011-02,0.0004308487720809939,5.47256,
2011-02-11,4.65,4.75,4.588,4.65,4.65,3172500,2011,2011-02,0.0012919896640828377,5.428159999999999,
2011-02-14,4.728,4.828,4.61,4.616,4.616,6415500,2011,2011-02,-0.00731182795698937,5.3910800000000005,
2011-02-15,4.602,4.634,4.512,4.568,4.568,4768500,2011,2011-02,-0.010398613518197597,5.35648,
2011-02-16,4.62,4.994,4.614,4.946,4.946,20575500,2011,2011-02,0.08274956217162877,5.33416,
2011-02-17,4.926,5.098,4.71,4.72,4.72,13092000,2011,2011-02,-0.04569348968863729,5.30232,
2011-02-18,4.666,4.698,4.592,4.636,4.636,11853500,2011,2011-02,-0.01779661016949141,5.265559999999999,
2011-02-22,4.576,4.6,4.356,4.374,4.374,10323000,2011,2011-02,-0.05651423641069897,5.22484,
2011-02-23,4.436,4.5,4.222,4.366,4.366,8028000,2011,2011-02,-0.0018289894833104503,5.18608,
2011-02-24,4.356,4.516,4.3,4.506,4.506,5276500,2011,2011-02,0.03206596426935415,5.154,
2011-02-25,4.562,4.77,4.538,4.722,4.722,6731500,2011,2011-02,0.04793608521970705,5.13432,
2011-02-28,4.748,4.82,4.7,4.778,4.778,5256000,2011,2011-02,0.011859381617958409,5.11148,
2011-03-01,4.81,4.864,4.74,4.788,4.788,5532000,2011,2011-03,0.0020929259104229825,5.084,
2011-03-02,4.764,4.856,4.746,4.804,4.804,3316500,2011,2011-03,0.003341687552213868,5.05464,
2011-03-03,4.896,4.958,4.812,4.872,4.872,3201000,2011,2011-03,0.014154870940882525,5.02528,
2011-03-04,4.896,4.998,4.756,4.99,4.99,7900500,2011,2011-03,0.024220032840722494,4.99604,
2011-03-07,4.986,5.08,4.94,4.988,4.988,10168000,2011,2011-03,-0.0004008016032063244,4.96528,
2011-03-08,4.92,4.992,4.8,4.932,4.932,6999500,2011,2011-03,-0.01122694466720131,4.94356,
2011-03-09,4.932,4.998,4.854,4.944,4.944,4624000,2011,2011-03,0.0024330900243307862,4.94024,
2011-03-10,4.888,4.898,4.746,4.802,4.802,5085000,2011,2011-03,-0.028721682847896557,4.9306399999999995,
2011-03-11,4.77,4.85,4.706,4.814,4.814,4654000,2011,2011-03,0.002498958767180426,4.916,
2011-03-14,4.764,4.8,4.64,4.65,4.65,5830000,2011,2011-03,-0.034067303697548734,4.903,
2011-03-15,4.44,4.592,4.36,4.59,4.59,6594000,2011,2011-03,-0.012903225806451757,4.88828,
2011-03-16,4.572,4.65,4.538,4.564,4.564,5848500,2011,2011-03,-0.005664488017429137,4.87308,
2011-03-17,4.648,4.686,4.528,4.562,4.562,4613000,2011,2011-03,-0.0004382120946537782,4.85764,
2011-03-18,4.638,4.638,4.502,4.592,4.592,3439500,2011,2011-03,0.006576063130205867,4.84216,
2011-03-21,4.61,4.61,4.508,4.546,4.546,2058500,2011,2011-03,-0.010017421602787291,4.82156,
2011-03-22,4.546,4.572,4.4,4.438,4.438,2914500,2011,2011-03,-0.02375714914210303,4.79736,
2011-03-23,4.422,4.454,4.354,4.442,4.442,2114000,2011,2011-03,0.0009013068949978997,4.7724,
2011-03-24,4.428,4.476,4.396,4.466,4.466,2311000,2011,2011-03,0.005402971634398845,4.7538800000000005,
2011-03-25,4.486,4.6,4.48,4.55,4.55,2840000,2011,2011-03,0.01880877742946696,4.7370399999999995,
2011-03-28,4.54,4.708,4.51,4.65,4.65,5290500,2011,2011-03,0.021978021978022122,4.72516,
2011-03-29,4.66,4.8,4.642,4.784,4.784,3777000,2011,2011-03,0.02881720430107504,4.717840000000001,
2011-03-30,4.822,4.898,4.602,4.742,4.742,6116500,2011,2011-03,-0.008779264214046734,4.71012,
2011-03-31,5.31,5.742,5.3,5.55,5.55,57589000,2011,2011-03,0.1703922395613664,4.725,
2011-04-01,5.49,5.636,5.314,5.332,5.332,14324000,2011,2011-04,-0.03927927927927932,4.74116,
2011-04-04,5.366,5.4,5.046,5.166,5.166,13046500,2011,2011-04,-0.03113278319579882,4.75232,
2011-04-05,5.18,5.4,5.138,5.34,5.34,15904500,2011,2011-04,0.03368176538908241,4.76116,
2011-04-06,5.398,5.402,5.16,5.298,5.298,6441500,2011,2011-04,-0.00786516853932584,4.768400000000001,
2011-04-07,5.37,5.588,5.29,5.448,5.448,14051500,2011,2011-04,0.028312570781427127,4.778359999999999,
2011-04-08,5.516,5.52,5.272,5.298,5.298,9732000,2011,2011-04,-0.02753303964757714,4.78464,
2011-04-11,5.294,5.306,5.004,5.054,5.054,6847000,2011,2011-04,-0.046055115137787817,4.78968,
2011-04-12,5.016,5.042,4.86,4.93,4.93,6787000,2011,2011-04,-0.024535021764938825,4.79188,4.74527
2011-04-13,5.026,5.138,4.962,4.986,4.986,6057500,2011,2011-04,0.011359026369168301,4.79596,4.746309999999999
2011-04-14,4.974,5.056,4.84,5.028,5.028,4917000,2011,2011-04,0.008423586040914532,4.80076,4.74762
2011-04-15,5.13,5.236,5.082,5.116,5.116,4717500,2011,2011-04,0.017501988862370643,4.80856,4.751239999999999
2011-04-18,5.026,5.124,4.872,5.006,5.006,5169500,2011,2011-04,-0.021501172791243084,4.81484,4.757070000000001
2011-04-19,5.052,5.052,4.93,5.032,5.032,2743500,2011,2011-04,0.005193767479025224,4.8232,4.76612
2011-04-20,5.14,5.218,5.06,5.15,5.15,4186000,2011,2011-04,0.02344992050874417,4.82824,4.77607
2011-04-21,5.17,5.396,5.118,5.348,5.348,6930500,2011,2011-04,0.03844660194174754,4.84236,4.78535
2011-04-25,5.34,5.346,5.194,5.278,5.278,4004500,2011,2011-04,-0.013089005235602191,4.85504,4.79434
2011-04-26,5.332,5.45,5.262,5.386,5.386,7000000,2011,2011-04,0.02046229632436547,4.86976,4.80422
2011-04-27,5.386,5.472,5.326,5.416,5.416,4984500,2011,2011-04,0.005569996286669099,4.88576,4.81316
2011-04-28,5.414,5.538,5.344,5.532,5.532,8000000,2011,2011-04,0.021418020679468075,4.90504,4.8209800000000005
2011-04-29,5.538,5.574,5.484,5.52,5.52,3630000,2011,2011-04,-0.002169197396963196,4.91652,4.82869
2011-05-02,5.52,5.56,5.412,5.49,5.49,3923000,2011,2011-05,-0.005434782608695565,4.93192,4.8355
2011-05-03,5.476,5.478,5.3,5.374,5.374,4569500,2011,2011-05,-0.021129326047358954,4.94668,4.84046
2011-05-04,5.356,5.4,5.15,5.338,5.338,5222500,2011,2011-05,-0.006698920729438007,4.96596,4.84685
2011-05-05,5.44,5.488,5.234,5.288,5.288,6092500,2011,2011-05,-0.009366804046459287,4.9844,4.85307
2011-05-06,5.38,5.54,5.324,5.424,5.424,4908500,2011,2011-05,0.02571860816944027,5.002759999999999,4.85919
2011-05-09,5.4,5.6,5.37,5.582,5.582,4582000,2011,2011-05,0.029129793510324298,5.01996,4.86581
2011-05-10,5.648,5.79,5.582,5.666,5.666,7676500,2011,2011-05,0.015048369759942837,5.03772,4.87319
2011-05-11,5.64,5.66,5.384,5.414,5.414,4812500,2011,2011-05,-0.044475820684786616,5.05024,4.87971
2011-05-12,5.414,5.548,5.33,5.534,5.534,3140000,2011,2011-05,0.02216475803472484,5.06484,4.88666
2011-05-13,5.6,5.638,5.46,5.51,5.51,3307500,2011,2011-05,-0.004336826888326706,5.0776,4.89386
2011-05-16,5.598,5.598,5.31,5.32,5.32,3778500,2011,2011-05,-0.03448275862068961,5.0842,4.90052
2011-05-17,5.4,5.4,5.144,5.192,5.192,6171000,2011,2011-05,-0.024060150375939893,5.08828,4.90556
2011-05-18,5.22,5.294,5.104,5.27,5.27,3647500,2011,2011-05,0.015023112480739398,5.09504,4.90996
2011-05-19,5.406,5.688,5.32,5.64,5.64,13275500,2011,2011-05,0.07020872865275152,5.10896,4.9169
2011-05-20,5.652,5.656,5.47,5.594,5.594,4212500,2011,2011-05,-0.008156028368794255,5.1248000000000005,4.9244200000000005
2011-05-23,5.524,5.524,5.324,5.364,5.364,4318000,2011,2011-05,-0.041115480872363275,5.1358,4.931649999999999
2011-05-24,5.404,5.5,5.32,5.344,5.344,3068500,2011,2011-05,-0.0037285607755405126,5.149680000000001,4.93877
2011-05-25,5.38,5.802,5.234,5.796,5.796,23465500,2011,2011-05,0.08458083832335328,5.1738,4.94872
2011-05-26,5.764,5.952,5.62,5.896,5.896,16684500,2011,2011-05,0.017253278122843385,5.2004399999999995,4.9603
2011-05-27,5.908,5.934,5.764,5.91,5.91,8435500,2011,2011-05,0.002374491180461291,5.2274,4.97225
2011-05-31,5.938,6.056,5.91,6.028,6.028,16452500,2011,2011-05,0.01996615905245336,5.256120000000001,4.98407
2011-06-01,6.0,6.02,5.676,5.704,5.704,7649500,2011,2011-06,-0.05374917053749173,5.27928,4.99381
2011-06-02,5.704,5.864,5.702,5.752,5.752,4931500,2011,2011-06,0.008415147265077083,5.305559999999999,5.00342
2011-06-03,5.99,6.3,5.9,6.026,6.026,31046000,2011,2011-06,0.047635605006954185,5.3372399999999995,5.01478
2011-06-06,6.02,6.026,5.652,5.74,5.74,11655500,2011,2011-06,-0.04746100232326578,5.36272,5.02469
2011-06-07,5.788,5.878,5.652,5.674,5.674,6110500,2011,2011-06,-0.011498257839721249,5.3852,5.03396
2011-06-08,5.688,5.72,5.404,5.424,5.424,8479500,2011,2011-06,-0.0440606274233345,5.4006799999999995,5.04095
2011-06-09,5.486,5.62,5.42,5.524,5.524,8016000,2011,2011-06,0.018436578171091345,5.41548,5.04937
2011-06-10,5.504,5.66,5.47,5.572,5.572,7833000,2011,2011-06,0.00868935553946426,5.432080000000001,5.05733
2011-06-13,5.614,5.776,5.576,5.686,5.686,8567000,2011,2011-06,0.020459440057430056,5.4348,5.06601
2011-06-14,5.708,5.94,5.704,5.72,5.72,7867000,2011,2011-06,0.005979599015124792,5.442560000000001,5.07491
2011-06-15,5.688,5.69,5.414,5.464,5.464,6725000,2011,2011-06,-0.044755244755244616,5.448520000000001,5.0823599999999995
2011-06-16,5.534,5.6,5.148,5.3,5.3,9211000,2011,2011-06,-0.030014641288433452,5.4477199999999995,5.08938
2011-06-17,5.374,5.54,5.228,5.3,5.3,8570000,2011,2011-06,0.0,5.44776,5.09543
2011-06-20,5.258,5.292,5.1,5.202,5.202,7689000,2011,2011-06,-0.0184905660377358,5.44284,5.10038
2011-06-21,5.248,5.546,5.2,5.506,5.506,7480000,2011,2011-06,0.05843906189926962,5.447,5.10686
2011-06-22,5.474,5.65,5.42,5.442,5.442,7378000,2011,2011-06,-0.011623683254631367,5.45476,5.11353
2011-06-23,5.44,5.544,5.242,5.542,5.542,5850000,2011,2011-06,0.018375597206909067,5.467,5.12034
2011-06-24,5.528,5.594,5.452,5.514,5.514,18042500,2011,2011-06,-0.0050523276795380045,5.4775599999999995,5.1272
2011-06-27,5.546,5.656,5.462,5.492,5.492,9047000,2011,2011-06,-0.0039898440333696605,5.486840000000001,5.1344899999999996
2011-06-28,5.558,5.65,5.534,5.622,5.622,4446000,2011,2011-06,0.02367079388201021,5.496959999999999,5.14188
2011-06-29,5.7,5.818,5.614,5.658,5.658,7309000,2011,2011-06,0.006403415154749181,5.51,5.14905
2011-06-30,5.7,5.866,5.68,5.826,5.826,4733500,2011,2011-06,0.029692470837751728,5.525880000000001,5.1562
2011-07-01,5.814,5.92,5.76,5.804,5.804,4274500,2011,2011-07,-0.00377617576381728,5.538959999999999,5.16428
2011-07-05,5.804,5.904,5.742,5.828,5.828,4980000,2011,2011-07,0.004135079255685792,5.54856,5.17319
2011-07-06,5.828,5.828,5.71,5.792,5.792,4634500,2011,2011-07,-0.0061770761839397,5.55884,5.18109
2011-07-07,5.828,6.0,5.802,5.946,5.946,6639500,2011,2011-07,0.026588397790055174,5.5700400000000005,5.19005
2011-07-08,5.978,5.978,5.718,5.762,5.762,6203000,2011,2011-07,-0.03094517322569801,5.576960000000001,5.19899
2011-07-11,5.68,5.706,5.6,5.67,5.67,4879000,2011,2011-07,-0.015966678236723264,5.57972,5.2077800000000005
2011-07-12,5.674,5.818,5.6,5.634,5.634,5227000,2011,2011-07,-0.006349206349206327,5.582000000000001,5.2158500000000005
2011-07-13,5.686,5.806,5.58,5.728,5.728,5330000,2011,2011-07,0.016684416045438244,5.586760000000001,5.223960000000001
2011-07-14,5.706,5.792,5.45,5.522,5.522,5795000,2011,2011-07,-0.035963687150837864,5.58972,5.23017
2011-07-15,5.558,5.566,5.48,5.516,5.516,3545000,2011,2011-07,-0.0010865628395508864,5.59328,5.23577
2011-07-18,5.468,5.49,5.326,5.446,5.446,4259500,2011,2011-07,-0.012690355329949332,5.59644,5.24259
2011-07-19,5.516,5.622,5.508,5.578,5.578,5130500,2011,2011-07,0.024237972824091125,5.59952,5.249879999999999
2011-07-20,5.6,6.088,5.56,5.738,5.738,15241500,2011,2011-07,0.02868411617067057,5.60264,5.257580000000001
2011-07-21,5.782,5.832,5.62,5.74,5.74,5057500,2011,2011-07,0.0003485535029625897,5.60412,5.26516
2011-07-22,5.74,5.908,5.71,5.858,5.858,2917500,2011,2011-07,0.020557491289198593,5.613,5.27399
2011-07-25,5.802,5.85,5.688,5.698,5.698,3366500,2011,2011-07,-0.02731307613519962,5.616280000000001,5.282050000000001
2011-07-26,5.662,5.754,5.594,5.6,5.6,3803000,2011,2011-07,-0.017199017199017286,5.61808,5.28962
2011-07-27,5.7,5.7,5.502,5.528,5.528,4792500,2011,2011-07,-0.0128571428571429,5.62224,5.29702
2011-07-28,5.52,5.71,5.508,5.634,5.634,4693500,2011,2011-07,0.01917510853835025,5.631080000000001,5.30495
2011-07-29,5.56,5.68,5.5,5.634,5.634,4741000,2011,2011-07,0.0,5.6383600000000005,5.3125800000000005
2011-08-01,5.734,5.796,5.642,5.754,5.754,5824500,2011,2011-08,0.021299254526091493,5.640639999999999,5.3206
2011-08-02,5.738,5.84,5.454,5.468,5.468,7747000,2011,2011-08,-0.04970455335418833,5.63812,5.3274
2011-08-03,5.5,5.566,5.268,5.44,5.44,8972500,2011,2011-08,-0.00512070226773953,5.639640000000001,5.33437
2011-08-04,5.302,5.378,4.934,4.95,4.95,15322500,2011,2011-08,-0.09007352941176472,5.631759999999999,5.33907
2011-08-05,4.998,5.076,4.566,4.848,4.848,9822000,2011,2011-08,-0.020606060606060628,5.6128,5.34266
2011-08-08,4.62,4.888,4.62,4.728,4.728,13042500,2011,2011-08,-0.024752475247524774,5.589440000000001,5.345549999999999
2011-08-09,4.83,5.09,4.74,5.012,5.012,6667000,2011,2011-08,0.06006768189509293,5.57148,5.34989
2011-08-10,5.088,5.088,4.726,4.764,4.764,7821000,2011,2011-08,-0.04948124501197115,5.5462,5.35286
2011-08-11,4.808,5.15,4.8,5.06,5.06,4182500,2011,2011-08,0.06213266162888309,5.53332,5.3568
2011-08-12,5.12,5.428,5.072,5.262,5.262,5045500,2011,2011-08,0.03992094861660078,5.523520000000001,5.36211
2011-08-15,5.324,5.35,5.186,5.246,5.246,3693000,2011,2011-08,-0.003040668947168257,5.50792,5.367149999999999
2011-08-16,5.226,5.308,5.166,5.22,5.22,2688500,2011,2011-08,-0.00495615707205499,5.49752,5.37141
2011-08-17,5.278,5.33,5.102,5.166,5.166,3218500,2011,2011-08,-0.010344827586206806,5.487360000000001,5.37583
2011-08-18,5.0,5.03,4.694,4.852,4.852,5283000,2011,2011-08,-0.06078203639179247,5.4759199999999995,5.37884
2011-08-19,4.772,4.844,4.4,4.46,4.46,6876500,2011,2011-08,-0.08079142621599344,5.4546399999999995,5.37937
2011-08-22,4.622,4.76,4.336,4.39,4.39,4930500,2011,2011-08,-0.015695067264574036,5.431,5.3764199999999995
2011-08-23,4.386,4.622,4.3,4.592,4.592,4345000,2011,2011-08,0.04601366742596813,5.409120000000001,5.3749400000000005
2011-08-24,4.62,4.786,4.566,4.774,4.774,3421500,2011,2011-08,0.03963414634146356,5.3902,5.373829999999999
2011-08-25,4.774,4.774,4.58,4.622,4.622,3399000,2011,2011-08,-0.031839128613322165,5.37336,5.37231
2011-08-26,4.542,4.79,4.414,4.746,4.746,3809000,2011,2011-08,0.026828212894850934,5.362280000000001,5.36668
2011-08-29,4.844,4.97,4.804,4.942,4.942,4017000,2011,2011-08,0.041297935103244754,5.35512,5.3633500000000005
2011-08-30,4.9,4.954,4.818,4.926,4.926,1831000,2011,2011-08,-0.0032375556454876664,5.349600000000001,5.35814
2011-08-31,4.96,5.1,4.856,4.948,4.948,4119000,2011,2011-08,0.004466098254161555,5.338439999999999,5.352080000000001
2011-09-01,4.932,4.974,4.768,4.8,4.8,4240500,2011,2011-09,-0.029911075181891733,5.3256,5.3464100000000006
2011-09-02,4.732,4.798,4.536,4.614,4.614,3849500,2011,2011-09,-0.03874999999999995,5.307040000000001,5.33999
2011-09-06,4.5,4.64,4.458,4.588,4.588,4049000,2011,2011-09,-0.00563502384048542,5.28852,5.33304
2011-09-07,4.678,4.8,4.656,4.768,4.768,2296000,2011,2011-09,0.039232781168264896,5.27404,5.32589
2011-09-08,4.716,4.806,4.656,4.722,4.722,2528500,2011,2011-09,-0.009647651006711278,5.2560400000000005,5.3161000000000005
2011-09-09,4.674,4.714,4.51,4.594,4.594,3346500,2011,2011-09,-0.027107157983905172,5.23476,5.304500000000001
2011-09-12,4.5,4.662,4.49,4.576,4.576,2833000,2011,2011-09,-0.003918154114061934,5.20976,5.291909999999999
2011-09-13,4.602,4.82,4.55,4.816,4.816,3632500,2011,2011-09,0.0524475524475525,5.19,5.28067
2011-09-14,4.85,4.968,4.758,4.868,4.868,4154000,2011,2011-09,0.01079734219269124,5.170800000000001,5.270680000000001
2011-09-15,4.916,4.986,4.866,4.964,4.964,2813000,2011,2011-09,0.019720624486442073,5.15424,5.2601700000000005
2011-09-16,4.956,5.168,4.898,5.16,5.16,7085500,2011,2011-09,0.03948428686543104,5.13852,5.251619999999999
2011-09-19,4.99,5.162,4.764,5.154,5.154,5787000,2011,2011-09,-0.0011627906976744429,5.12636,5.2450399999999995
2011-09-20,5.196,5.32,5.134,5.202,5.202,5902000,2011,2011-09,0.0093131548311991,5.117,5.239559999999999
2011-09-21,5.19,5.39,5.14,5.17,5.17,4938000,2011,2011-09,-0.006151480199923065,5.10772,5.2351
2011-09-22,5.128,5.222,4.976,5.126,5.126,3879000,2011,2011-09,-0.008510638297872242,5.09568,5.229169999999999
2011-09-23,5.098,5.324,5.07,5.276,5.276,5782000,2011,2011-09,0.029262582910651425,5.09076,5.22318
2011-09-26,5.304,5.304,4.98,5.104,5.104,4674000,2011,2011-09,-0.03260045489006813,5.08252,5.2166500000000005
2011-09-27,5.2,5.398,5.114,5.238,5.238,3372500,2011,2011-09,0.0262539184952979,5.07836,5.211320000000001
2011-09-28,5.2,5.3,4.902,4.918,4.918,3616500,2011,2011-09,-0.06109201985490653,5.0651600000000006,5.20536
2011-09-29,5.144,5.164,4.71,4.824,4.824,4648000,2011,2011-09,-0.019113460756405076,5.04688,5.200950000000001
2011-09-30,4.96,4.978,4.698,4.878,4.878,6680500,2011,2011-09,0.011194029850746245,5.02964,5.19574
2011-10-03,4.99,5.0,4.65,4.746,4.746,5116000,2011,2011-10,-0.027060270602705994,5.0074000000000005,5.188660000000001
2011-10-04,4.658,4.864,4.586,4.732,4.732,6001500,2011,2011-10,-0.002949852507374673,4.98808,5.18096
2011-10-05,4.806,5.168,4.67,5.074,5.074,6147500,2011,2011-10,0.0722738799661875,4.97756,5.17463
2011-10-06,5.074,5.52,5.004,5.392,5.392,8845500,2011,2011-10,0.06267244777296033,4.97484,5.1693299999999995
2011-10-07,5.396,5.52,5.21,5.398,5.398,6558000,2011,2011-10,0.001112759643916883,4.97012,5.16369
2011-10-10,5.462,5.636,5.4,5.576,5.576,4617500,2011,2011-10,0.032975175991107886,4.96896,5.16148
2011-10-11,5.502,5.554,5.418,5.522,5.522,2878500,2011,2011-10,-0.0096843615494977,4.96432,5.16354
2011-10-12,5.45,5.6,5.44,5.56,5.56,5617000,2011,2011-10,0.006881564650488947,4.9661599999999995,5.164930000000001
2011-10-13,5.526,5.694,5.488,5.588,5.588,5217500,2011,2011-10,0.005035971223021685,4.96912,5.16514
2011-10-14,5.6,5.71,5.452,5.61,5.61,7002500,2011,2011-10,0.003937007874015741,4.9823200000000005,5.166690000000001
2011-10-17,5.572,5.6,5.452,5.484,5.484,3772500,2011,2011-10,-0.022459893048128454,4.99504,5.16748
2011-10-18,5.46,5.686,5.342,5.668,5.668,4998500,2011,2011-10,0.03355215171407733,5.013839999999999,5.1692
2011-10-19,5.604,5.612,5.46,5.514,5.514,3964500,2011,2011-10,-0.0271700776287932,5.02388,5.1701
2011-10-20,5.488,5.494,5.4,5.468,5.468,4998500,2011,2011-10,-0.008342401160681967,5.037960000000001,5.17061
2011-10-21,5.48,5.66,5.402,5.606,5.606,5713000,2011,2011-10,0.02523774689100211,5.0488800000000005,5.1707600000000005
2011-10-24,5.574,5.778,5.55,5.71,5.71,4703000,2011,2011-10,0.018551551908669195,5.05784,5.171069999999999
2011-10-25,5.646,5.772,5.56,5.65,5.65,3272000,2011,2011-10,-0.010507880910682998,5.06592,5.17087
2011-10-26,5.638,5.674,5.48,5.596,5.596,2552500,2011,2011-10,-0.009557522123893825,5.07344,5.171889999999999
2011-10-27,5.668,5.79,5.622,5.752,5.752,4347000,2011,2011-10,0.027877055039313703,5.08516,5.173690000000001
2011-10-28,5.7,6.0,5.602,5.974,5.974,6320000,2011,2011-10,0.03859527121001394,5.1076,5.17734
2011-10-31,5.9,5.902,5.75,5.874,5.874,5670000,2011,2011-10,-0.01673920321392708,5.135879999999999,5.18096
2011-11-01,5.678,5.784,5.6,5.776,5.776,3176000,2011,2011-11,-0.016683690840994192,5.1636,5.1842
2011-11-02,5.8,5.852,5.65,5.742,5.742,4376500,2011,2011-11,-0.0058864265927977,5.186599999999999,5.188879999999999
2011-11-03,6.0,6.498,5.906,6.492,6.492,12548500,2011,2011-11,0.1306165099268548,5.22096,5.19872
2011-11-04,6.292,6.48,6.102,6.462,6.462,15164500,2011,2011-11,-0.004621072088724643,5.257759999999999,5.20799
2011-11-07,6.328,6.4,6.15,6.254,6.254,6331500,2011,2011-11,-0.032188177034973675,5.287920000000001,5.21477
2011-11-08,6.274,6.4,6.144,6.368,6.368,5839500,2011,2011-11,0.018228333866325608,5.31644,5.2219299999999995
2011-11-09,6.174,6.298,6.06,6.176,6.176,4768500,2011,2011-11,-0.03015075376884424,5.34144,5.228059999999999
2011-11-10,6.188,6.3,6.13,6.266,6.266,3736500,2011,2011-11,0.014572538860103679,5.367800000000001,5.23447
2011-11-11,6.38,6.9,6.114,6.728,6.728,19341500,2011,2011-11,0.07373124800510689,5.406359999999999,5.2440999999999995
2011-11-14,6.6,6.708,6.524,6.644,6.644,6628500,2011,2011-11,-0.012485136741973824,5.446959999999999,5.25322
2011-11-15,6.584,6.88,6.546,6.786,6.786,4455000,2011,2011-11,0.021372667068031204,5.49092,5.263240000000001
2011-11-16,6.696,7.0,6.68,6.988,6.988,9166000,2011,2011-11,0.029767167698202313,5.53532,5.27424
2011-11-17,6.9,6.98,6.638,6.736,6.736,6746500,2011,2011-11,-0.03606182026330862,5.5756000000000006,5.2842899999999995
2011-11-18,6.728,6.822,6.508,6.52,6.52,4514000,2011,2011-11,-0.03206650831353919,5.614120000000001,5.29343
2011-11-21,6.488,6.488,6.21,6.352,6.352,5158000,2011,2011-11,-0.025766871165644023,5.64964,5.302120000000001
2011-11-22,6.352,6.558,6.21,6.414,6.414,3663000,2011,2011-11,0.009760705289672433,5.6815999999999995,5.3097
2011-11-23,6.352,6.41,6.25,6.29,6.29,2259000,2011,2011-11,-0.019332709697536532,5.71004,5.31794
2011-11-25,6.31,6.482,6.216,6.332,6.332,1198000,2011,2011-11,0.006677265500794949,5.7374,5.3263799999999994
2011-11-28,6.4,6.656,6.362,6.512,6.512,3406000,2011,2011-11,0.028427037271004485,5.76444,5.3356900000000005
2011-11-29,6.498,6.614,6.326,6.35,6.35,2955500,2011,2011-11,-0.02487714987714984,5.78836,5.34436
2011-11-30,6.5,6.586,6.444,6.548,6.548,3801500,2011,2011-11,0.031181102362204838,5.8152800000000004,5.35426
2011-12-01,6.514,6.798,6.396,6.52,6.52,5151000,2011,2011-12,-0.004276114844227297,5.84228,5.36213
2011-12-02,6.566,6.738,6.48,6.66,6.66,4014000,2011,2011-12,0.021472392638036908,5.872960000000001,5.37183
2011-12-05,6.706,7.0,6.686,6.884,6.884,5800500,2011,2011-12,0.033633633633633586,5.905119999999999,5.38307
2011-12-06,6.84,6.996,6.806,6.974,6.974,4759000,2011,2011-12,0.013073794305636266,5.942520000000001,5.39607
2011-12-07,6.926,6.978,6.76,6.838,6.838,3371500,2011,2011-12,-0.019501003728133126,5.97452,5.408429999999999
2011-12-08,6.168,6.33,5.922,6.178,6.178,16529000,2011,2011-12,-0.09651945013161745,5.99972,5.416790000000001
2011-12-09,6.108,6.224,6.056,6.208,6.208,6197500,2011,2011-12,0.004855940433797334,6.0274,5.42422
2011-12-12,6.088,6.124,6.004,6.082,6.082,3793500,2011,2011-12,-0.02029639175257736,6.051480000000001,5.430740000000001
2011-12-13,6.114,6.186,5.782,5.89,5.89,4970500,2011,2011-12,-0.03156856297270638,6.07436,5.43625
2011-12-14,5.9,5.936,5.6,5.706,5.706,5819500,2011,2011-12,-0.03123938879456689,6.09384,5.44076
2011-12-15,5.734,5.834,5.624,5.724,5.724,3501500,2011,2011-12,0.003154574132492094,6.10684,5.4450199999999995
2011-12-16,5.758,5.786,5.596,5.6,5.6,5148500,2011,2011-12,-0.021663172606568915,6.111000000000001,5.448069999999999
2011-12-19,5.618,5.7,5.474,5.55,5.55,4935000,2011,2011-12,-0.008928571428571397,6.11404,5.450880000000001
2011-12-20,5.61,5.69,5.544,5.58,5.58,4216500,2011,2011-12,0.00540540540540535,6.114120000000001,5.4541200000000005
2011-12-21,5.582,5.614,5.206,5.514,5.514,8527500,2011,2011-12,-0.011827956989247324,6.1139600000000005,5.45697
2011-12-22,5.52,5.61,5.46,5.554,5.554,5047000,2011,2011-12,0.007254261878853807,6.11384,5.46073
2011-12-23,5.6,5.6,5.504,5.58,5.58,2957000,2011,2011-12,0.004681310767014724,6.11368,5.4645600000000005
2011-12-27,5.532,5.754,5.528,5.714,5.714,3887500,2011,2011-12,0.024014336917562717,6.115759999999999,5.469880000000001
2011-12-28,5.798,5.848,5.608,5.702,5.702,2876000,2011,2011-12,-0.0021001050052503745,6.120119999999999,5.475440000000001
2011-12-29,5.718,5.868,5.71,5.746,5.746,2441000,2011,2011-12,0.007716590669940349,6.1216800000000005,5.48135
2011-12-30,5.698,5.796,5.65,5.712,5.712,1699000,2011,2011-12,-0.005917159763313751,6.12564,5.487099999999999
2012-01-03,5.788,5.9,5.53,5.616,5.616,4640500,2012,2012-01,-0.01680672268907568,6.1286000000000005,5.49222
2012-01-04,5.642,5.734,5.5,5.542,5.542,3150500,2012,2012-01,-0.013176638176638167,6.127320000000001,5.4972
2012-01-05,5.552,5.586,5.37,5.424,5.424,5027500,2012,2012-01,-0.021291952363767463,6.1216,5.502130000000001
2012-01-06,5.44,5.558,5.282,5.382,5.382,4931500,2012,2012-01,-0.007743362831858502,6.11624,5.50683
2012-01-09,5.4,5.498,5.224,5.45,5.45,4485000,2012,2012-01,0.01263470828688229,6.11332,5.511749999999999
2012-01-10,5.488,5.552,5.45,5.524,5.524,3359000,2012,2012-01,0.013577981651376136,6.10876,5.5166200000000005
2012-01-11,5.524,5.676,5.46,5.646,5.646,3361500,2012,2012-01,0.02208544532947143,6.1022,5.521599999999999
2012-01-12,5.696,5.724,5.562,5.65,5.65,3646500,2012,2012-01,0.000708466170740385,6.097719999999999,5.525930000000001
2012-01-13,5.68,5.7,4.528,4.558,4.558,27502000,2012,2012-01,-0.1932743362831859,6.07336,5.525010000000001
2012-01-17,5.324,5.468,5.282,5.32,5.32,23258000,2012,2012-01,0.1671785870996052,6.06492,5.52386
2012-01-18,5.338,5.376,5.25,5.362,5.362,6301000,2012,2012-01,0.007894736842105177,6.04232,5.5240100000000005
2012-01-19,5.438,5.548,5.322,5.352,5.352,6231500,2012,2012-01,-0.0018649757553151902,6.0201199999999995,5.52494
2012-01-20,5.38,5.4,5.28,5.32,5.32,3311500,2012,2012-01,-0.005979073243647215,6.00144,5.524839999999999
2012-01-23,5.362,5.442,5.32,5.354,5.354,2973000,2012,2012-01,0.006390977443609058,5.98116,5.525119999999999
2012-01-24,5.326,5.536,5.288,5.484,5.484,4290000,2012,2012-01,0.024280911468061328,5.96732,5.5253000000000005
2012-01-25,5.454,5.602,5.41,5.594,5.594,3056000,2012,2012-01,0.020058351568198463,5.953879999999999,5.52678
2012-01-26,5.614,5.916,5.6,5.788,5.788,6355500,2012,2012-01,0.03468001430103684,5.93508,5.530449999999999
2012-01-27,5.7,5.944,5.7,5.866,5.866,3742000,2012,2012-01,0.013476157567380742,5.91952,5.535129999999999
2012-01-30,5.898,5.922,5.706,5.914,5.914,3645000,2012,2012-01,0.008182748039549992,5.902080000000001,5.53977
2012-01-31,5.98,6.0,5.774,5.814,5.814,4782000,2012,2012-01,-0.01690902942171113,5.8786000000000005,5.5437
2012-02-01,5.814,5.94,5.8,5.916,5.916,2616000,2012,2012-02,0.01754385964912286,5.862199999999999,5.5477
2012-02-02,5.944,6.176,5.922,6.05,6.05,4028500,2012,2012-02,0.022650439486139096,5.852799999999999,5.55292
2012-02-03,6.082,6.266,6.05,6.23,6.23,3822500,2012,2012-02,0.02975206611570247,5.85036,5.55891
2012-02-06,6.22,6.38,6.21,6.36,6.36,3260500,2012,2012-02,0.020866773675762396,5.849280000000001,5.56496
2012-02-07,6.36,6.36,6.164,6.32,6.32,5108000,2012,2012-02,-0.0062893081761006275,5.849880000000001,5.56982
2012-02-08,6.32,6.402,6.258,6.386,6.386,3118500,2012,2012-02,0.0104430379746836,5.85096,5.57536
2012-02-09,6.4,6.58,6.286,6.516,6.516,6385500,2012,2012-02,0.020357031005324044,5.85104,5.58101
2012-02-10,6.452,6.454,5.968,6.22,6.22,9371000,2012,2012-02,-0.04542664211172498,5.848439999999999,5.585030000000001
2012-02-13,6.31,6.412,6.18,6.298,6.298,5789500,2012,2012-02,0.012540192926045135,5.843439999999999,5.5888599999999995
2012-02-14,6.348,6.758,6.28,6.634,6.634,9054000,2012,2012-02,0.053350269926961014,5.84572,5.59443
2012-02-15,6.62,6.882,6.454,6.72,6.72,13809000,2012,2012-02,0.012963521254145238,5.84692,5.60058
2012-02-16,6.7,6.902,6.508,6.836,6.836,11098500,2012,2012-02,0.017261904761904923,5.84596,5.607890000000001
2012-02-17,6.798,6.994,6.7,6.994,6.994,6883500,2012,2012-02,0.023112931538911585,5.84636,5.616169999999999
2012-02-21,6.974,6.974,6.762,6.9,6.9,5679000,2012,2012-02,-0.013440091507005869,5.8476,5.62423
2012-02-22,6.9,6.944,6.5,6.844,6.844,8273000,2012,2012-02,-0.008115942028985468,5.86092,5.631329999999999
2012-02-23,6.798,6.994,6.712,6.906,6.906,4102000,2012,2012-02,0.009059029807130248,5.874879999999999,5.637950000000001
2012-02-24,6.846,6.904,6.654,6.75,6.75,4799500,2012,2012-02,-0.022589052997393555,5.88824,5.643370000000001
2012-02-27,6.682,6.8,6.6,6.724,6.724,3030000,2012,2012-02,-0.003851851851851773,5.904920000000001,5.64992
2012-02-28,6.728,6.888,6.634,6.762,6.762,3061000,2012,2012-02,0.0056513979773942236,5.92604,5.65606
2012-02-29,6.762,6.824,6.628,6.682,6.682,2678500,2012,2012-02,-0.01183081928423535,5.9452,5.66192
2012-03-01,6.702,6.9,6.662,6.882,6.882,3517500,2012,2012-03,0.02993115833582749,5.970839999999999,5.66973
2012-03-02,6.88,6.9,6.742,6.808,6.808,2750000,2012,2012-03,-0.010752688172043001,5.996,5.677810000000001
2012-03-05,6.87,6.88,6.692,6.754,6.754,2335000,2012,2012-03,-0.007931844888366624,6.01948,5.685230000000001
2012-03-06,6.65,6.656,6.524,6.622,6.622,2869000,2012,2012-03,-0.019543973941367976,6.04164,5.69014
2012-03-07,6.624,6.662,6.582,6.624,6.624,1824500,2012,2012-03,0.000302023557837483,6.06304,5.69529
2012-03-08,6.622,6.698,6.608,6.614,6.614,3166500,2012,2012-03,-0.0015096618357487435,6.0837200000000005,5.70154
2012-03-09,6.64,7.062,6.64,6.948,6.948,7767000,2012,2012-03,0.05049894163894786,6.1084000000000005,5.70956
2012-03-12,6.938,7.258,6.92,7.202,7.202,9816500,2012,2012-03,0.03655728267127234,6.138400000000001,5.71659
2012-03-13,7.302,7.318,7.1,7.218,7.218,5008000,2012,2012-03,0.0022216051096917155,6.16784,5.7232
2012-03-14,7.2,7.2,6.96,7.058,7.058,4257500,2012,2012-03,-0.022166805209199225,6.19476,5.72894
2012-03-15,7.056,7.096,6.956,7.0,7.0,2858000,2012,2012-03,-0.00821762538962878,6.222440000000001,5.7338
2012-03-16,6.98,7.178,6.966,7.064,7.064,3646500,2012,2012-03,0.00914285714285712,6.25288,5.740600000000001
2012-03-19,7.052,7.064,6.908,6.996,6.996,5078000,2012,2012-03,-0.009626274065685059,6.28432,5.7468200000000005
2012-03-20,6.996,7.04,6.914,6.992,6.992,2835000,2012,2012-03,-0.0005717552887364308,6.316520000000001,5.75165
2012-03-21,6.988,7.06,6.92,7.03,7.03,3036000,2012,2012-03,0.005434782608695787,6.34812,5.758100000000001
2012-03-22,6.994,7.03,6.86,6.88,6.88,2612000,2012,2012-03,-0.02133712660028453,6.37524,5.76413
2012-03-23,6.852,6.926,6.63,6.816,6.816,5853000,2012,2012-03,-0.009302325581395321,6.39864,5.77109
2012-03-26,7.118,7.618,7.008,7.48,7.48,15702500,2012,2012-03,0.09741784037558698,6.43524,5.78087
2012-03-27,7.432,7.99,7.406,7.588,7.588,12696000,2012,2012-03,0.01443850267379676,6.49584,5.7909500000000005
2012-03-28,7.556,7.688,7.422,7.57,7.57,4775000,2012,2012-03,-0.0023721665788085655,6.54084,5.800369999999999
2012-03-29,7.638,7.638,7.406,7.466,7.466,3982000,2012,2012-03,-0.013738441215323638,6.5829200000000005,5.809100000000001
2012-03-30,7.504,7.588,7.336,7.448,7.448,4432000,2012,2012-03,-0.002410929547280949,6.624840000000001,5.819019999999999
2012-04-02,7.466,7.594,7.306,7.316,7.316,5143000,2012,2012-04,-0.01772287862513433,6.66476,5.8290999999999995
2012-04-03,7.34,7.694,7.334,7.602,7.602,5490500,2012,2012-04,0.03909240021869875,6.70972,5.840610000000001
2012-04-04,7.054,7.098,6.938,7.0,7.0,22409000,2012,2012-04,-0.07918968692449357,6.7400400000000005,5.849600000000001
2012-04-05,7.02,7.088,6.882,6.896,6.896,7547000,2012,2012-04,-0.014857142857142902,6.7660800000000005,5.8565499999999995
2012-04-09,6.82,6.858,6.62,6.63,6.63,8278500,2012,2012-04,-0.038573085846867805,6.782920000000001,5.862489999999999
2012-04-10,6.63,6.77,6.42,6.492,6.492,9238500,2012,2012-04,-0.020814479638009087,6.795440000000001,5.867240000000001
2012-04-11,6.648,6.658,6.402,6.618,6.618,5527500,2012,2012-04,0.019408502772643388,6.80952,5.87276
2012-04-12,6.754,6.896,6.584,6.688,6.688,5169500,2012,2012-04,0.010577213659715756,6.827000000000001,5.878739999999999
2012-04-13,6.788,6.808,6.57,6.718,6.718,3248000,2012,2012-04,0.0044856459330144816,6.843040000000001,5.88422
2012-04-16,6.682,6.74,6.418,6.45,6.45,5498000,2012,2012-04,-0.039892825245608776,6.85104,5.88818
2012-04-17,6.486,6.614,6.408,6.448,6.448,5577500,2012,2012-04,-0.00031007751937983663,6.8553999999999995,5.891290000000001
2012-04-18,6.418,6.55,6.306,6.532,6.532,4115500,2012,2012-04,0.013027295285359841,6.858839999999999,5.8949300000000004
2012-04-19,6.55,6.686,6.5,6.632,6.632,3874500,2012,2012-04,0.015309246785058184,6.865079999999999,5.898950000000001
2012-04-20,6.628,6.746,6.588,6.632,6.632,4109000,2012,2012-04,0.0,6.87,5.903149999999999
2012-04-23,6.572,6.594,6.342,6.388,6.388,4454000,2012,2012-04,-0.036791314837153144,6.86744,5.905360000000001
2012-04-24,6.364,6.44,6.2,6.364,6.364,3372500,2012,2012-04,-0.0037570444583594487,6.87032,5.9083700000000015
2012-04-25,6.414,6.598,6.414,6.582,6.582,3561000,2012,2012-04,0.03425518541797601,6.876,5.91293
2012-04-26,6.592,6.704,6.582,6.698,6.698,2126500,2012,2012-04,0.01762382254633854,6.877280000000001,5.9182500000000005
2012-04-27,6.72,6.726,6.582,6.668,6.668,2955000,2012,2012-04,-0.00447894893998213,6.876239999999999,5.922949999999999
2012-04-30,6.654,6.672,6.516,6.626,6.626,2069500,2012,2012-04,-0.006298740251949542,6.872040000000001,5.92847
2012-05-01,6.626,6.842,6.626,6.756,6.756,3295000,2012,2012-05,0.01961968004829462,6.867279999999999,5.93467
2012-05-02,6.7,6.878,6.678,6.788,6.788,2486500,2012,2012-05,0.004736530491415092,6.8650400000000005,5.9413800000000005
2012-05-03,6.782,6.8,6.426,6.492,6.492,4206500,2012,2012-05,-0.043606364172068424,6.8580000000000005,5.94595
2012-05-04,6.464,6.492,6.28,6.366,6.366,6237500,2012,2012-05,-0.019408502772643277,6.8472,5.94909
2012-05-07,6.392,6.516,6.322,6.494,6.494,5790000,2012,2012-05,0.020106817467797633,6.842080000000001,5.952859999999999
2012-05-08,6.5,6.546,5.874,6.038,6.038,15486000,2012,2012-05,-0.07021866338158289,6.828359999999999,5.95376
2012-05-09,6.06,6.154,5.952,6.012,6.012,9739500,2012,2012-05,-0.004306061609804734,6.813359999999999,5.95533
2012-05-10,6.594,6.936,6.48,6.592,6.592,27781500,2012,2012-05,0.09647371922821035,6.811560000000001,5.96029
2012-05-11,6.498,6.688,6.432,6.45,6.45,6106500,2012,2012-05,-0.021541262135922223,6.80292,5.9649
2012-05-14,6.384,6.426,6.01,6.012,6.012,6904500,2012,2012-05,-0.06790697674418611,6.787000000000001,5.96679
2012-05-15,6.052,6.192,5.844,5.886,5.886,7928500,2012,2012-05,-0.020958083832335217,6.769639999999999,5.96805
2012-05-16,5.916,6.036,5.776,5.836,5.836,6285500,2012,2012-05,-0.00849473326537542,6.753919999999999,5.96846
2012-05-17,5.86,5.958,5.648,5.714,5.714,5745000,2012,2012-05,-0.020904729266620903,6.73572,5.969690000000001
2012-05-18,5.674,5.692,5.366,5.512,5.512,8082500,2012,2012-05,-0.035351767588379546,6.713679999999999,5.97005
2012-05-21,5.516,5.852,5.424,5.754,5.754,7376000,2012,2012-05,0.04390420899854863,6.6898,5.974069999999999
2012-05-22,6.02,6.268,6.0,6.16,6.16,11831000,2012,2012-05,0.07055961070559613,6.668959999999999,5.98063
2012-05-23,6.112,6.21,5.9,6.204,6.204,6102000,2012,2012-05,0.0071428571428571175,6.64868,5.98801
2012-05-24,6.25,6.25,5.938,6.056,6.056,5378000,2012,2012-05,-0.023855577047066312,6.628640000000001,5.99323
2012-05-25,6.032,6.082,5.84,5.962,5.962,3785000,2012,2012-05,-0.015521796565389767,6.60788,5.99922
2012-05-29,6.002,6.386,6.002,6.338,6.338,8250000,2012,2012-05,0.06306608520630674,6.593359999999999,6.005610000000001
2012-05-30,6.216,6.284,6.048,6.082,6.082,6536000,2012,2012-05,-0.04039129062795843,6.575080000000001,6.00971
2012-05-31,6.014,6.058,5.75,5.9,5.9,5593500,2012,2012-05,-0.02992436698454448,6.55324,6.01298
2012-06-01,5.706,5.832,5.552,5.63,5.63,4429000,2012,2012-06,-0.045762711864406835,6.52524,6.01503
2012-06-04,5.606,5.682,5.422,5.576,5.576,5154500,2012,2012-06,-0.009591474245115528,6.499160000000001,6.017080000000001
2012-06-05,5.568,5.678,5.512,5.582,5.582,3154500,2012,2012-06,0.0010760401721665591,6.47448,6.0207299999999995
2012-06-06,5.64,5.89,5.628,5.844,5.844,4549500,2012,2012-06,0.04693658187029737,6.44176,6.0276499999999995
2012-06-07,5.962,5.974,5.77,5.786,5.786,2460500,2012,2012-06,-0.009924709103353968,6.40572,6.034630000000001
2012-06-08,5.772,6.038,5.63,6.016,6.016,4405500,2012,2012-06,0.03975112340131348,6.374639999999999,6.0417499999999995
2012-06-11,6.062,6.2,5.792,5.824,5.824,3180000,2012,2012-06,-0.03191489361702127,6.341799999999999,6.047000000000001
2012-06-12,5.846,5.968,5.762,5.932,5.932,2845000,2012,2012-06,0.0185439560439562,6.31148,6.05355
2012-06-13,5.91,6.128,5.894,5.954,5.954,4220500,2012,2012-06,0.0037086985839513975,6.28424,6.059589999999999
2012-06-14,6.036,6.13,5.724,5.878,5.878,4361000,2012,2012-06,-0.012764528048370805,6.24976,6.0642700000000005
2012-06-15,5.878,5.99,5.762,5.982,5.982,3234000,2012,2012-06,0.01769309288873777,6.229400000000001,6.0695500000000004
2012-06-18,5.988,6.466,5.9,6.368,6.368,6284000,2012,2012-06,0.06452691407556,6.21884,6.07665
2012-06-19,6.404,6.532,6.3,6.418,6.418,4555500,2012,2012-06,0.007851758793969932,6.214600000000001,6.084739999999999
2012-06-20,6.7,6.9,6.642,6.756,6.756,17112000,2012,2012-06,0.05266438142723584,6.21988,6.09545
2012-06-21,6.852,6.856,6.368,6.438,6.438,9459500,2012,2012-06,-0.047069271758437004,6.216279999999999,6.1047
2012-06-22,6.52,6.796,6.492,6.758,6.758,15233000,2012,2012-06,0.04970487729108419,6.2176800000000005,6.114649999999999
2012-06-25,6.788,6.824,6.55,6.622,6.622,7492500,2012,2012-06,-0.020124297129328172,6.2157599999999995,6.124149999999999
2012-06-26,6.41,6.47,6.278,6.322,6.322,13069500,2012,2012-06,-0.04530353367562667,6.2132,6.13279
2012-06-27,6.38,6.49,6.314,6.392,6.392,5236000,2012,2012-06,0.011072445428661926,6.212079999999999,6.14187
2012-06-28,6.38,6.422,6.124,6.282,6.282,4570500,2012,2012-06,-0.017209011264080143,6.207080000000001,6.1492
2012-06-29,6.56,6.56,6.2,6.258,6.258,5629000,2012,2012-06,-0.00382043935052534,6.1996,6.15615
2012-07-02,6.27,6.36,6.038,6.08,6.08,6578000,2012,2012-07,-0.02844359220198145,6.18856,6.16173
2012-07-03,6.12,6.2,6.08,6.132,6.132,4735000,2012,2012-07,0.008552631578947256,6.183439999999999,6.166590000000001
2012-07-05,6.162,6.334,6.16,6.246,6.246,6269000,2012,2012-07,0.018590998043052975,6.181080000000001,6.1720500000000005
2012-07-06,6.198,6.346,6.16,6.198,6.198,3922500,2012,2012-07,-0.007684918347742542,6.1734,6.177030000000001
2012-07-09,6.188,6.366,6.134,6.298,6.298,4552500,2012,2012-07,0.016134236850597006,6.1654,6.182670000000001
2012-07-10,6.308,6.496,6.178,6.254,6.254,3792000,2012,2012-07,-0.0069863448713878284,6.157120000000001,6.18831
2012-07-11,6.314,6.336,6.202,6.302,6.302,3193000,2012,2012-07,0.007675087943715964,6.150639999999999,6.193440000000001
2012-07-12,6.258,6.602,6.16,6.54,6.54,5628500,2012,2012-07,0.03776578863852742,6.14632,6.20062
2012-07-13,6.594,6.88,6.566,6.85,6.85,6524000,2012,2012-07,0.04740061162079501,6.1475599999999995,6.208679999999999
2012-07-16,6.864,7.2,6.78,7.192,7.192,8720000,2012,2012-07,0.04992700729927013,6.16156,6.22005
2012-07-17,7.0,7.042,6.476,6.67,6.67,12846500,2012,2012-07,-0.07258064516129037,6.1676400000000005,6.22928
2012-07-18,6.284,6.734,6.212,6.43,6.43,14409500,2012,2012-07,-0.0359820089955023,6.16636,6.2370399999999995
2012-07-19,6.544,6.63,6.408,6.454,6.454,7179500,2012,2012-07,0.0037325038880249295,6.17468,6.24558
2012-07-20,6.414,6.45,6.25,6.358,6.358,7842500,2012,2012-07,-0.014874496436318552,6.1816,6.25371
2012-07-23,6.21,6.26,6.124,6.132,6.132,6934000,2012,2012-07,-0.03554576910978291,6.1724,6.259000000000001
2012-07-24,6.132,6.208,5.924,5.968,5.968,7501500,2012,2012-07,-0.026744944553163674,6.16276,6.26188
2012-07-25,5.984,5.996,5.75,5.79,5.79,14211000,2012,2012-07,-0.029825737265415486,6.15832,6.263839999999999
2012-07-26,5.98,6.0,5.528,5.626,5.626,11311500,2012,2012-07,-0.02832469775474955,6.15312,6.2640899999999995
2012-07-27,5.742,5.932,5.62,5.902,5.902,8365000,2012,2012-07,0.04905794525417706,6.154440000000001,6.2659899999999995
2012-07-30,5.902,6.05,5.442,5.47,5.47,10326000,2012,2012-07,-0.0731955269400204,6.14956,6.26554
2012-07-31,5.508,5.594,5.47,5.484,5.484,7875500,2012,2012-07,0.00255941499085921,6.149,6.265020000000001
2012-08-01,5.598,5.598,5.206,5.25,5.25,7961500,2012,2012-08,-0.04266958424507661,6.13892,6.2632200000000005
2012-08-02,5.368,5.37,5.104,5.22,5.22,6525500,2012,2012-08,-0.005714285714285783,6.120120000000001,6.2619
2012-08-03,5.38,5.51,5.348,5.454,5.454,6047500,2012,2012-08,0.04482758620689653,6.10512,6.260830000000001
2012-08-06,5.51,5.74,5.51,5.654,5.654,7641000,2012,2012-08,0.036670333700036695,6.09708,6.2615300000000005
2012-08-07,5.754,6.18,5.7,6.05,6.05,11936000,2012,2012-08,0.07003891050583655,6.09884,6.26444
2012-08-08,5.98,6.0,5.718,5.818,5.818,6544500,2012,2012-08,-0.038347107438016614,6.08844,6.265499999999999
2012-08-09,5.904,6.0,5.826,5.882,5.882,3363000,2012,2012-08,0.011000343760742437,6.08444,6.266360000000001
2012-08-10,5.862,5.988,5.862,5.988,5.988,3537000,2012,2012-08,0.018021081264876004,6.0862,6.26805
2012-08-13,5.938,6.26,5.82,6.234,6.234,4350500,2012,2012-08,0.04108216432865719,6.09828,6.271240000000001
2012-08-14,6.15,6.234,5.852,5.884,5.884,3967000,2012,2012-08,-0.05614372794353539,6.104439999999999,6.2719000000000005
2012-08-15,5.878,5.94,5.762,5.88,5.88,2627000,2012,2012-08,-0.0006798096532971698,6.110399999999999,6.271429999999999
2012-08-16,5.906,6.078,5.9,6.06,6.06,3345000,2012,2012-08,0.030612244897959107,6.11472,6.27236
2012-08-17,6.058,6.142,5.996,6.002,6.002,2541000,2012,2012-08,-0.009570957095709542,6.11904,6.273490000000001
2012-08-20,6.03,6.078,5.82,5.902,5.902,5895500,2012,2012-08,-0.016661112962345848,6.11676,6.274290000000001
2012-08-21,5.916,6.0,5.8,5.822,5.822,3808000,2012,2012-08,-0.013554727211114836,6.11672,6.27094
2012-08-22,5.802,6.008,5.802,5.99,5.99,3877500,2012,2012-08,0.028856063208519522,6.11788,6.268580000000001
2012-08-23,6.0,6.17,5.93,6.146,6.146,7355000,2012,2012-08,0.02604340567612673,6.12172,6.26804
2012-08-24,6.012,6.048,5.882,5.9,5.9,7147000,2012,2012-08,-0.04002603319232012,6.12216,6.265700000000001
2012-08-27,5.914,5.94,5.634,5.664,5.664,6752000,2012,2012-08,-0.04000000000000015,6.115799999999999,6.263140000000001
2012-08-28,5.68,5.876,5.6,5.738,5.738,7013500,2012,2012-08,0.013064971751412635,6.103199999999999,6.2605
2012-08-29,5.698,5.728,5.604,5.682,5.682,4194500,2012,2012-08,-0.009759498082955731,6.08848,6.255269999999999
2012-08-30,5.72,5.748,5.62,5.682,5.682,3282000,2012,2012-08,0.0,6.067,6.2504599999999995
2012-08-31,5.722,5.768,5.64,5.704,5.704,2699000,2012,2012-08,0.003871876099964755,6.052320000000001,6.24505
2012-09-04,5.704,5.798,5.58,5.628,5.628,3762500,2012,2012-09,-0.0133239831697054,6.02972,6.238250000000001
2012-09-05,5.602,5.7,5.562,5.588,5.588,3196500,2012,2012-09,-0.007107320540156392,6.00904,6.2325099999999996
2012-09-06,5.6,5.78,5.58,5.71,5.71,4208500,2012,2012-09,0.021832498210450968,5.9968,6.22846
2012-09-07,5.71,5.914,5.7,5.87,5.87,4766000,2012,2012-09,0.028021015761821477,5.986360000000001,6.226049999999999
2012-09-10,5.84,5.87,5.46,5.474,5.474,7416500,2012,2012-09,-0.06746166950596255,5.9702,6.22135
2012-09-11,5.552,5.632,5.48,5.56,5.56,5074500,2012,2012-09,0.01571063207891843,5.95624,6.2177
2012-09-12,5.58,5.716,5.56,5.656,5.656,5726000,2012,2012-09,0.01726618705035965,5.947760000000001,6.21432
2012-09-13,5.714,5.9,5.696,5.896,5.896,7423500,2012,2012-09,0.042432814710042566,5.94304,6.211239999999999
2012-09-14,6.0,6.13,5.93,6.078,6.078,7683000,2012,2012-09,0.03086838534599745,5.939679999999999,6.209879999999999
2012-09-17,6.47,6.556,6.302,6.508,6.508,16064000,2012,2012-09,0.07074695623560379,5.94588,6.20968
2012-09-18,6.376,6.38,6.136,6.268,6.268,8942500,2012,2012-09,-0.03687768899815613,5.94528,6.20842
2012-09-19,6.2,6.348,6.188,6.21,6.21,5242500,2012,2012-09,-0.009253350350989176,5.944399999999999,6.206169999999999
2012-09-20,6.186,6.3,6.136,6.18,6.18,4562000,2012,2012-09,-0.004830917874396157,5.94196,6.20265
2012-09-21,6.22,6.298,5.908,6.004,6.004,9350000,2012,2012-09,-0.028478964401294493,5.93124,6.1978
2012-09-24,5.902,6.206,5.88,6.132,6.132,6509500,2012,2012-09,0.02131912058627594,5.91688,6.19427
2012-09-25,5.724,5.896,5.506,5.532,5.532,28402000,2012,2012-09,-0.09784735812133072,5.883680000000001,6.191039999999999
2012-09-26,5.532,5.68,5.496,5.508,5.508,7636000,2012,2012-09,-0.004338394793926281,5.86044,6.18754
2012-09-27,5.564,5.708,5.52,5.698,5.698,8793000,2012,2012-09,0.034495279593318884,5.8458,6.18562
2012-09-28,5.746,5.978,5.722,5.856,5.856,21717000,2012,2012-09,0.027729027729027633,5.83384,6.18545
2012-10-01,5.9,5.978,5.8,5.832,5.832,4422000,2012,2012-10,-0.004098360655737654,5.82332,6.18608
2012-10-02,5.856,5.978,5.8,5.96,5.96,3645000,2012,2012-10,0.021947873799725626,5.8198799999999995,6.18726
2012-10-03,5.95,5.99,5.848,5.86,5.86,5264000,2012,2012-10,-0.016778523489932806,5.8177200000000004,6.18856
2012-10-04,6.0,6.02,5.73,5.88,5.88,7706500,2012,2012-10,0.0034129692832762792,5.81952,6.1902099999999995
2012-10-05,5.94,5.962,5.736,5.778,5.778,4693000,2012,2012-10,-0.0173469387755103,5.822560000000001,6.1912
2012-10-08,5.772,5.88,5.722,5.85,5.85,4448500,2012,2012-10,0.012461059190031154,5.82152,6.19288
2012-10-09,5.824,5.824,5.65,5.674,5.674,5965000,2012,2012-10,-0.030085470085469912,5.8256000000000006,6.193479999999999
2012-10-10,5.678,5.744,5.602,5.68,5.68,2518000,2012,2012-10,0.0010574550581599063,5.82952,6.19398
2012-10-11,5.788,5.796,5.65,5.664,5.664,2253000,2012,2012-10,-0.0028169014084507005,5.8378000000000005,6.1937299999999995
2012-10-12,5.664,5.746,5.5,5.528,5.528,4938000,2012,2012-10,-0.02401129943502822,5.843959999999999,6.19286
2012-10-15,5.604,5.61,5.372,5.466,5.466,7343500,2012,2012-10,-0.011215629522431159,5.8442,6.191460000000001
2012-10-16,5.534,5.618,5.468,5.612,5.612,2396500,2012,2012-10,0.026710574460300007,5.8433600000000006,6.1909600000000005
2012-10-17,5.65,5.768,5.56,5.764,5.764,3340000,2012,2012-10,0.02708481824661435,5.83764,6.191700000000001
2012-10-18,5.798,5.798,5.556,5.608,5.608,3705000,2012,2012-10,-0.0270645385149203,5.8334399999999995,6.19203
2012-10-19,5.566,5.64,5.46,5.548,5.548,5137000,2012,2012-10,-0.010699001426533461,5.826759999999999,6.1926499999999995
2012-10-22,5.598,5.6,5.472,5.57,5.57,2351000,2012,2012-10,0.003965392934390799,5.8184000000000005,6.19359
2012-10-23,5.476,5.712,5.474,5.678,5.678,3745000,2012,2012-10,0.019389587073608494,5.80728,6.194730000000001
2012-10-24,5.704,5.704,5.45,5.484,5.484,5082000,2012,2012-10,-0.034166960197252516,5.7992799999999995,6.194529999999999
2012-10-25,5.56,5.56,5.49,5.504,5.504,2888500,2012,2012-10,0.003646973012399579,5.79176,6.19382
2012-10-26,5.506,5.56,5.404,5.476,5.476,2387000,2012,2012-10,-0.005087209302325535,5.780080000000001,6.19295
2012-10-31,5.54,5.67,5.474,5.626,5.626,3876000,2012,2012-10,0.027392257121986896,5.7725599999999995,6.198289999999999
2012-11-01,5.65,5.898,5.64,5.85,5.85,5120500,2012,2012-11,0.03981514397440433,5.771520000000001,6.200939999999999
2012-11-02,5.854,5.91,5.71,5.784,5.784,5151500,2012,2012-11,-0.011282051282051286,5.77076,6.203049999999999
2012-11-05,5.96,6.316,5.866,6.3,6.3,10244500,2012,2012-11,0.08921161825726132,5.77696,6.20779
2012-11-06,6.122,6.24,5.99,6.23,6.23,11620000,2012,2012-11,-0.01111111111111096,5.778639999999999,6.21234
2012-11-07,6.2,6.41,6.162,6.308,6.308,8572500,2012,2012-11,0.01252006420545726,5.7867999999999995,6.21711
2012-11-08,6.202,6.376,6.188,6.262,6.262,6370000,2012,2012-11,-0.007292327203551108,5.79876,6.220999999999999
2012-11-09,6.12,6.186,5.97,6.064,6.064,4315000,2012,2012-11,-0.031619290961354074,5.80528,6.22335
2012-11-12,6.058,6.284,6.032,6.214,6.214,2779500,2012,2012-11,0.024736147757256077,5.81592,6.22548
2012-11-13,6.258,6.4,6.144,6.322,6.322,4991500,2012,2012-11,0.017380109430318536,5.82872,6.227760000000001
2012-11-14,6.392,6.424,6.24,6.276,6.276,4356500,2012,2012-11,-0.007276178424549196,5.84016,6.22957
2012-11-15,6.26,6.288,6.1,6.164,6.164,4920000,2012,2012-11,-0.017845761631612556,5.85088,6.23132
2012-11-16,6.23,6.4,6.118,6.368,6.368,4543500,2012,2012-11,0.0330953926022064,5.86648,6.233580000000001
2012-11-19,6.414,6.65,6.368,6.584,6.584,6962000,2012,2012-11,0.03391959798994959,5.883959999999999,6.23625
2012-11-20,6.56,6.62,6.382,6.6,6.6,4612500,2012,2012-11,0.002430133657351119,5.89856,6.2381
2012-11-21,6.522,6.694,6.458,6.494,6.494,4816000,2012,2012-11,-0.016060606060605997,5.918959999999999,6.23877
2012-11-23,6.52,6.566,6.34,6.426,6.426,2151500,2012,2012-11,-0.010471204188481575,5.936279999999999,6.239300000000001
2012-11-26,6.42,6.46,6.324,6.454,6.454,2479000,2012,2012-11,0.00435729847494537,5.95224,6.2396400000000005
2012-11-27,6.426,6.532,6.304,6.43,6.43,4554000,2012,2012-11,-0.003718624109079638,5.96292,6.239210000000001
2012-11-28,6.4,6.858,6.382,6.646,6.646,7626000,2012,2012-11,0.03359253499222392,5.97428,6.24134
2012-11-29,6.688,6.8,6.574,6.738,6.738,5517000,2012,2012-11,0.01384291303039431,5.97888,6.243539999999999
2012-11-30,6.726,6.856,6.602,6.764,6.764,7101500,2012,2012-11,0.003858711783912172,5.9888,6.24419
2012-12-03,6.778,7.0,6.7,6.924,6.924,10428500,2012,2012-12,0.023654642223536415,6.00308,6.245209999999999
2012-12-04,6.816,6.96,6.71,6.78,6.78,6316500,2012,2012-12,-0.020797227036395194,6.01508,6.244929999999999
2012-12-05,6.764,6.838,6.716,6.742,6.742,3307500,2012,2012-12,-0.0056047197640118895,6.029839999999999,6.24367
2012-12-06,6.764,6.96,6.7,6.78,6.78,3302000,2012,2012-12,0.005636309700385755,6.042800000000001,6.2430699999999995
2012-12-07,6.86,6.898,6.77,6.834,6.834,3322000,2012,2012-12,0.007964601769911317,6.06884,6.2430200000000005
2012-12-10,6.886,6.96,6.836,6.914,6.914,4649000,2012,2012-12,0.01170617500731641,6.09696,6.243059999999999
2012-12-11,6.92,7.1,6.892,7.056,7.056,7863000,2012,2012-12,0.020538038761932276,6.12412,6.24459
2012-12-12,7.042,7.16,6.99,7.052,7.052,10319000,2012,2012-12,-0.0005668934240363743,6.14804,6.24623
2012-12-13,7.052,7.06,6.55,6.722,6.722,10756500,2012,2012-12,-0.04679523539421426,6.165839999999999,6.246030000000001
2012-12-14,6.756,6.88,6.718,6.762,6.762,5115000,2012,2012-12,0.005950609937518392,6.18188,6.24643
2012-12-17,6.754,6.9,6.75,6.88,6.88,4124500,2012,2012-12,0.01745045844424742,6.202279999999999,6.24642
2012-12-18,6.852,7.014,6.852,6.918,6.918,7769500,2012,2012-12,0.00552325581395352,6.22304,6.24697
2012-12-19,6.95,7.052,6.904,6.922,6.922,6494000,2012,2012-12,0.0005782017924254035,6.24592,6.24781
2012-12-20,6.902,6.958,6.81,6.886,6.886,4606000,2012,2012-12,-0.005200809014735519,6.26664,6.24913
2012-12-21,6.788,6.834,6.716,6.8,6.8,7462000,2012,2012-12,-0.012489108335753785,6.289159999999999,6.25001
2012-12-24,6.728,6.87,6.71,6.856,6.856,1879000,2012,2012-12,0.008235294117647118,6.31268,6.25122
2012-12-26,6.792,6.9,6.7,6.718,6.718,3007000,2012,2012-12,-0.020128354725787667,6.33376,6.250070000000001
2012-12-27,6.7,6.782,6.6,6.738,6.738,2805500,2012,2012-12,0.0029770765108663166,6.35796,6.24775
2012-12-28,6.676,6.73,6.604,6.644,6.644,2070500,2012,2012-12,-0.01395072721875934,6.38152,6.244879999999999
2012-12-31,6.6,6.794,6.6,6.774,6.774,2974500,2012,2012-12,0.019566526189042754,6.40476,6.24346
2013-01-02,7.0,7.09,6.942,7.072,7.072,5974000,2013,2013-01,0.04399173309713622,6.4309199999999995,6.2438199999999995
2013-01-03,7.036,7.09,6.95,6.954,6.954,3710000,2013,2013-01,-0.016685520361991002,6.457840000000001,6.24327
2013-01-04,6.96,6.96,6.784,6.88,6.88,3370000,2013,2013-01,-0.01064135749209083,6.484480000000001,6.24269
2013-01-07,6.96,6.96,6.78,6.868,6.868,2210000,2013,2013-01,-0.0017441860465116088,6.51044,6.24207
2013-01-08,6.9,6.9,6.622,6.736,6.736,6420000,2013,2013-01,-0.01921956901572519,6.5316,6.2406
2013-01-09,6.802,6.838,6.68,6.728,6.728,3490000,2013,2013-01,-0.001187648456057011,6.5564800000000005,6.23984
2013-01-10,6.774,6.798,6.676,6.706,6.706,4612500,2013,2013-01,-0.0032699167657549433,6.580519999999999,6.23929
2013-01-11,6.808,6.808,6.422,6.582,6.582,7816000,2013,2013-01,-0.018490903668356817,6.60264,6.2348
2013-01-14,6.616,6.676,6.57,6.652,6.652,4625500,2013,2013-01,0.010635065329687166,6.62316,6.230119999999999
2013-01-15,6.622,6.85,6.616,6.78,6.78,8121000,2013,2013-01,0.019242333132892364,6.64176,6.226170000000001
2013-01-16,6.77,6.846,6.746,6.82,6.82,6891000,2013,2013-01,0.005899705014749346,6.6624799999999995,6.2229399999999995
2013-01-17,6.832,6.97,6.784,6.876,6.876,7183500,2013,2013-01,0.008211143695014744,6.6739999999999995,6.22008
2013-01-18,6.948,6.956,6.764,6.904,6.904,17775500,2013,2013-01,0.004072134962187279,6.687480000000001,6.21802
2013-01-22,6.912,7.11,6.852,7.038,7.038,9601000,2013,2013-01,0.019409038238702214,6.7020800000000005,6.215199999999999
2013-01-23,7.004,7.248,6.992,7.2,7.2,7821500,2013,2013-01,0.023017902813299296,6.720840000000001,6.2162
2013-01-24,7.2,7.544,7.168,7.398,7.398,9852000,2013,2013-01,0.027499999999999858,6.74752,6.21871
2013-01-25,7.4,7.508,7.36,7.396,7.396,6439000,2013,2013-01,-0.0002703433360367047,6.77116,6.22254
2013-01-28,7.372,7.742,7.372,7.606,7.606,9930000,2013,2013-01,0.02839372633856141,6.7968399999999995,6.228109999999999
2013-01-29,7.62,7.688,7.426,7.59,7.59,7133000,2013,2013-01,-0.0021036024191427583,6.82312,6.23297
2013-01-30,7.57,7.6,7.486,7.504,7.504,4840500,2013,2013-01,-0.011330698287220109,6.84992,6.23705
2013-01-31,7.574,7.574,7.386,7.502,7.502,4507000,2013,2013-01,-0.00026652452025588413,6.8726,6.24097
2013-02-01,7.634,7.7,7.524,7.66,7.66,5503000,2013,2013-02,0.021061050386563585,6.89412,6.24702
2013-02-04,7.68,7.684,7.518,7.548,7.548,5640000,2013,2013-02,-0.014621409921671047,6.91308,6.25252
2013-02-05,7.6,7.73,7.536,7.626,7.626,6551000,2013,2013-02,0.010333863275039823,6.93572,6.2579899999999995
2013-02-06,7.636,7.878,7.58,7.834,7.834,9466000,2013,2013-02,0.027275111460791868,6.9638800000000005,6.263999999999999
2013-02-07,7.838,7.936,7.79,7.896,7.896,5983000,2013,2013-02,0.00791422006637732,6.99272,6.270320000000001
2013-02-08,7.89,8.0,7.828,7.848,7.848,5699000,2013,2013-02,-0.006079027355623157,7.02108,6.27762
2013-02-11,7.596,7.83,7.5,7.684,7.684,16331500,2013,2013-02,-0.020897043832823647,7.04184,6.2842199999999995
2013-02-12,7.69,7.774,7.458,7.578,7.578,11306500,2013,2013-02,-0.013794898490369634,7.0586400000000005,6.289199999999999
2013-02-13,7.66,7.8,7.61,7.69,7.69,4834000,2013,2013-02,0.01477962523093157,7.07716,6.29416
2013-02-14,7.728,7.75,7.642,7.654,7.654,4953500,2013,2013-02,-0.004681404421326474,7.091760000000001,6.29909
2013-02-15,7.7,7.702,7.39,7.408,7.408,10088000,2013,2013-02,-0.03214005748628157,7.104319999999999,6.303000000000001
2013-02-19,7.472,7.858,7.462,7.856,7.856,13507000,2013,2013-02,0.06047516198704095,7.126600000000001,6.3085
2013-02-20,7.86,7.93,7.692,7.708,7.708,15610000,2013,2013-02,-0.018839103869653706,7.14516,6.3130999999999995
2013-02-21,7.298,7.478,6.908,7.032,7.032,45189000,2013,2013-02,-0.0877010897768552,7.149119999999999,6.3158
2013-02-22,7.144,7.278,7.12,7.222,7.222,12736500,2013,2013-02,0.027019340159271987,7.15528,6.320080000000001
2013-02-25,7.23,7.35,6.868,6.876,6.876,14447000,2013,2013-02,-0.04790916643589038,7.15168,6.32199
2013-02-26,6.892,6.992,6.76,6.886,6.886,13814500,2013,2013-02,0.0014543339150667745,7.14836,6.326230000000001
2013-02-27,6.882,7.082,6.88,7.02,7.02,9796000,2013,2013-02,0.019459773453383677,7.15432,6.33127
2013-02-28,7.178,7.22,6.874,6.966,6.966,9824500,2013,2013-02,-0.007692307692307554,7.1584,6.333139999999999
2013-03-01,7.0,7.016,6.85,6.93,6.93,7733000,2013,2013-03,-0.0051679586563307955,7.159400000000001,6.33554
2013-03-04,6.954,7.166,6.94,7.116,7.116,8788500,2013,2013-03,0.026839826839826886,7.16336,6.34106
2013-03-05,7.2,7.384,7.158,7.33,7.33,10435000,2013,2013-03,0.03007307476110177,7.171519999999999,6.348280000000001
2013-03-06,7.402,7.576,7.394,7.538,7.538,5750000,2013,2013-03,0.028376534788540297,7.18456,6.356790000000001
2013-03-07,7.546,7.73,7.376,7.646,7.646,5791500,2013,2013-03,0.014327407800477587,7.20148,6.3664499999999995
2013-03-08,7.612,7.888,7.472,7.694,7.694,4560500,2013,2013-03,0.0062777923097043775,7.218240000000001,6.3773599999999995
2013-03-11,7.774,7.888,7.73,7.82,7.82,7897500,2013,2013-03,0.01637639719261763,7.24028,6.38769
2013-03-12,7.78,7.876,7.77,7.824,7.824,6375500,2013,2013-03,0.000511508951406503,7.262,6.39601
2013-03-13,7.8,7.898,7.762,7.796,7.796,4110000,2013,2013-03,-0.0035787321063394106,7.28504,6.40397
2013-03-14,7.78,7.782,7.354,7.37,7.37,10105000,2013,2013-03,-0.054643406875320655,7.2969599999999994,6.41054
2013-03-15,7.328,7.33,7.042,7.058,7.058,16398000,2013,2013-03,-0.04233378561736778,7.29668,6.41602
2013-03-18,7.06,7.212,6.984,7.03,7.03,6580500,2013,2013-03,-0.0039671294984414684,7.2982,6.41948
2013-03-19,7.05,7.12,6.988,7.016,7.016,5492500,2013,2013-03,-0.0019914651493598834,7.30092,6.42415
2013-03-20,7.052,7.214,7.032,7.19,7.19,7115000,2013,2013-03,0.024800456100342094,7.30736,6.430600000000001
2013-03-21,7.19,7.412,7.148,7.202,7.202,5731500,2013,2013-03,0.0016689847009734304,7.31668,6.43846
2013-03-22,7.24,7.36,7.24,7.324,7.324,2201000,2013,2013-03,0.016939738961399664,7.3286,6.447199999999999
2013-03-25,7.42,7.704,7.354,7.506,7.506,11894000,2013,2013-03,0.024849808847624333,7.344600000000001,6.4568200000000004
2013-03-26,7.596,7.644,7.532,7.572,7.572,9041000,2013,2013-03,0.008792965627497873,7.3644,6.46546
2013-03-27,7.588,7.676,7.462,7.632,7.632,6481500,2013,2013-03,0.007923930269413626,7.3839999999999995,6.474689999999999
2013-03-28,7.646,7.648,7.55,7.578,7.578,5793500,2013,2013-03,-0.007075471698113178,7.39996,6.4825
2013-04-01,8.472,9.336,8.34,8.786,8.786,70492500,2013,2013-04,0.15940881499076265,7.43928,6.49731
2013-04-02,8.72,9.1,8.702,8.868,8.868,33262000,2013,2013-04,0.009333029820168592,7.47912,6.51199
2013-04-03,8.62,8.694,8.042,8.22,8.22,28218000,2013,2013-04,-0.07307171853856564,7.50544,6.52332
2013-04-04,8.222,8.45,8.162,8.402,8.402,11324000,2013,2013-04,0.022141119221410932,7.532719999999999,6.535939999999999
2013-04-05,8.4,8.4,8.1,8.274,8.274,7762000,2013,2013-04,-0.015234467983813338,7.5542,6.5474
2013-04-08,8.394,8.51,8.302,8.366,8.366,8395000,2013,2013-04,0.011119168479574615,7.57356,6.557390000000001
2013-04-09,8.36,8.366,8.066,8.1,8.1,8480500,2013,2013-04,-0.03179536218025336,7.58764,6.5658
2013-04-10,8.14,8.402,8.122,8.372,8.372,10605500,2013,2013-04,0.03358024691358019,7.60296,6.57388
2013-04-11,8.412,8.91,8.35,8.718,8.718,17237000,2013,2013-04,0.04132823698041088,7.625519999999999,6.585279999999999
2013-04-12,8.65,9.028,8.61,8.75,8.75,15747000,2013,2013-04,0.003670566643725559,7.650440000000001,6.59524
2013-04-15,8.7,8.76,8.502,8.66,8.66,8407000,2013,2013-04,-0.010285714285714231,7.6736,6.60543
2013-04-16,8.838,9.228,8.782,9.118,9.118,15902000,2013,2013-04,0.05288683602771371,7.70276,6.619409999999999
2013-04-17,9.1,9.19,8.908,9.09,9.09,10592500,2013,2013-04,-0.0030708488703663495,7.7336,6.632900000000001
2013-04-18,9.196,9.52,9.078,9.394,9.394,16839500,2013,2013-04,0.03344334433443352,7.76896,6.64846
2013-04-19,9.492,9.976,9.414,9.566,9.566,15058500,2013,2013-04,0.01830955929316591,7.8036,6.664999999999999
2013-04-22,9.72,10.04,9.55,10.038,10.038,19697000,2013,2013-04,0.04934141752038457,7.84644,6.68479
2013-04-23,10.2,10.584,10.132,10.202,10.202,18669000,2013,2013-04,0.01633791591950584,7.89352,6.705139999999999
2013-04-24,10.18,10.21,9.796,10.086,10.086,13150000,2013,2013-04,-0.01137031954518719,7.941560000000001,6.72434
2013-04-25,10.1,10.48,10.1,10.4,10.4,13979500,2013,2013-04,0.031132262542137523,7.997999999999999,6.745349999999999
2013-04-26,10.626,10.748,10.124,10.24,10.24,18110500,2013,2013-04,-0.015384615384615441,8.049,6.76506
2013-04-29,10.352,10.998,10.24,10.988,10.988,18198500,2013,2013-04,0.07304687499999996,8.11568,6.78873
2013-04-30,11.2,11.636,10.752,10.798,10.798,27613000,2013,2013-04,-0.017291590826356007,8.183480000000001,6.81121
2013-05-01,11.198,11.198,10.6,10.656,10.656,13714000,2013,2013-05,-0.013150583441377983,8.23948,6.83179
2013-05-02,10.77,11.054,10.74,10.822,10.822,15252000,2013,2013-05,0.015578078078077873,8.30176,6.851649999999999
2013-05-03,11.294,11.294,10.9,10.91,10.91,16893500,2013,2013-05,0.008131583810755849,8.37932,6.87024
2013-05-06,11.278,11.932,11.1,11.9,11.9,21833500,2013,2013-05,0.09074243813015581,8.47288,6.89639
2013-05-07,12.4,12.474,11.024,11.102,11.102,49955000,2013,2013-05,-0.06705882352941173,8.5574,6.9197500000000005
2013-05-08,11.5,11.64,11.142,11.158,11.158,33849500,2013,2013-05,0.0050441361916770955,8.64284,6.94327
2013-05-09,14.024,15.154,12.738,13.88,13.88,143025000,2013,2013-05,0.24395052876859658,8.78004,6.98088
2013-05-10,13.93,16.200001,13.85,15.352,15.352,125413000,2013,2013-05,0.10605187319884712,8.947759999999999,7.02698
2013-05-13,16.198,17.6,15.83,17.559999,17.559999,112084500,2013,2013-05,0.1438248436685774,9.160359979999999,7.084939995000001
2013-05-14,18.844,19.424,16.23,16.648001,16.648001,185819500,2013,2013-05,-0.05193610774123625,9.351,7.13923
2013-05-15,16.360001,17.375999,15.622,16.968,16.968,84393500,2013,2013-05,0.019221466889628225,9.54376,7.195939999999999
2013-05-16,18.940001,19.0,17.732,18.450001,18.450001,108070000,2013,2013-05,0.08734093587930225,9.76200002,7.2586800049999995
2013-05-17,18.5,18.888,17.5,18.299999,18.299999,95011000,2013,2013-05,-0.008130189261236431,9.97508,7.32283
2013-05-20,18.224001,18.5,17.726,17.988001,17.988001,41742000,2013,2013-05,-0.01704907196989458,10.18096002,7.385350004999999
2013-05-21,17.700001,17.997999,17.056,17.518,17.518,44991000,2013,2013-05,-0.026128584271259525,10.37492002,7.446690004999999
2013-05-22,17.274,18.191999,17.1,17.448,17.448,42840000,2013,2013-05,-0.003995889941774244,10.567400020000001,7.507830005000001
2013-05-23,16.962,18.601999,16.610001,18.546,18.546,60111000,2013,2013-05,0.0629298486932599,10.78240002,7.5732900050000005
2013-05-24,18.52,19.59,18.4,19.416,19.416,80621000,2013,2013-05,0.046910384988676945,11.023320019999998,7.642100005
2013-05-28,20.309999,22.15,20.059999,22.066,22.066,98459500,2013,2013-05,0.1364853728883395,11.32348002,7.722180005
2013-05-29,22.709999,22.98,19.799999,20.926001,20.926001,125497500,2013,2013-05,-0.051663146922867775,11.601400040000001,7.797720010000001
2013-05-30,20.492001,21.908001,20.24,20.99,20.99,80668500,2013,2013-05,0.003058348319872506,11.880880040000001,7.87326001
2013-05-31,21.252001,21.288,19.546,19.552,19.552,75860000,2013,2013-05,-0.0685088137208194,12.128120039999999,7.94108001
2013-06-03,19.524,19.524,17.65,18.518,18.518,95698000,2013,2013-06,-0.05288461538461531,12.35444004,8.00250001
2013-06-04,18.549999,19.284,18.48,18.968,18.968,44280500,2013,2013-06,0.024300680419051757,12.58732004,8.06792001
2013-06-05,18.732,19.594,17.822001,19.073999,19.073999,61124000,2013,2013-06,0.00558830662167864,12.818680019999999,8.133890005000001
2013-06-06,19.049999,19.854,19.021999,19.469999,19.469999,47554500,2013,2013-06,0.02076124676319857,13.05664,8.200940000000001
2013-06-07,19.6,20.58,19.34,20.408001,20.408001,53558000,2013,2013-06,0.04817678727153485,13.31216002,8.272970005
2013-06-10,19.785999,20.504,19.714001,20.01,20.01,46143000,2013,2013-06,-0.01950220406202441,13.560800020000002,8.343510004999999
2013-06-11,19.636,19.736,18.809999,18.893999,18.893999,36970000,2013,2013-06,-0.05577216391804096,13.76296,8.40887
2013-06-12,19.360001,20.096001,19.15,19.546,19.546,45963500,2013,2013-06,0.03450836426952275,13.97652,8.47665
2013-06-13,19.799999,19.856001,19.024,19.636,19.636,29808000,2013,2013-06,0.004604522664483746,14.204839999999999,8.5441
2013-06-14,20.0,20.504,19.865999,20.059999,20.059999,32823500,2013,2013-06,0.02159294153595437,14.437999979999999,8.614899995
2013-06-17,20.719999,20.950001,20.24,20.440001,20.440001,35331000,2013,2013-06,0.01894327113376204,14.681319999999998,8.68878
2013-06-18,20.35,20.796,19.84,20.677999,20.677999,43976500,2013,2013-06,0.011643737199425797,14.927559979999998,8.763479994999999
2013-06-19,20.412001,21.334,20.402,20.936001,20.936001,42894500,2013,2013-06,0.012477126050736365,15.18428,8.83975
2013-06-20,20.93,21.426001,19.889999,20.129999,20.129999,50532500,2013,2013-06,-0.03849837416419688,15.41943998,8.911989995
2013-06-21,20.74,20.74,19.5,19.91,19.91,58593000,2013,2013-06,-0.010928912614451725,15.643279979999999,8.983019995
2013-06-24,19.299999,20.573999,19.059999,20.298,20.298,35599000,2013,2013-06,0.01948769462581601,15.87423998,9.056369995
2013-06-25,20.620001,20.84,20.110001,20.48,20.48,29243500,2013,2013-06,0.008966400630604054,16.11063998,9.130829995000001
2013-06-26,20.76,21.174,20.532,21.143999,21.143999,33013000,2013,2013-06,0.032421826171874946,16.35115996,9.20799999
2013-06-27,21.35,22.049999,21.226,21.85,21.85,43724500,2013,2013-06,0.033390135896241846,16.60635996,9.287899990000001
2013-06-28,21.714001,21.888,21.341999,21.472,21.472,28743000,2013,2013-06,-0.01729977116704806,16.84791996,9.36788999
2013-07-01,21.872,23.554001,21.83,23.436001,23.436001,54518000,2013,2013-07,0.09146800484351703,17.12531998,9.457269995
2013-07-02,23.65,24.378,23.1,23.563999,23.563999,60320500,2013,2013-07,0.005461597309199595,17.39583996,9.54680999
2013-07-03,23.6,23.85,22.854,23.048,23.048,24033500,2013,2013-07,-0.021897768710650523,17.65275996,9.63256999
2013-07-05,23.664,24.056,23.139999,24.018,24.018,34093500,2013,2013-07,0.04208608122179802,17.93139996,9.722269990000001
2013-07-08,24.274,24.436001,23.764,24.322001,24.322001,39071000,2013,2013-07,0.01265721542176701,18.20983998,9.811339995
2013-07-09,24.927999,25.063999,24.382,24.690001,24.690001,43016500,2013,2013-07,0.015130334054340278,18.49884,9.90345
2013-07-10,24.638,24.65,24.158001,24.454,24.454,28000500,2013,2013-07,-0.009558565833998833,18.76816,9.99467
2013-07-11,24.976,25.218,24.469999,25.122,25.122,37418000,2013,2013-07,0.027316594422180485,19.05464,10.08938
2013-07-12,25.1,25.988001,24.902,25.98,25.98,56720000,2013,2013-07,0.034153331741103354,19.36112,10.18926
2013-07-15,26.606001,26.652,25.364,25.452,25.452,49612000,2013,2013-07,-0.02032332563510386,19.65372,10.28586
2013-07-16,25.256001,25.264,21.459999,21.809999,21.809999,161859500,2013,2013-07,-0.14309292000628637,19.87171998,10.367249995
2013-07-17,21.304001,24.323999,20.9,24.049999,24.049999,130145000,2013,2013-07,0.10270518581866961,20.11471996,10.45995999
2013-07-18,24.194,24.546,23.236,23.806,23.806,56990500,2013,2013-07,-0.010145488987338358,20.36879996,10.55049999
2013-07-19,23.700001,24.110001,23.302,23.936001,23.936001,29451500,2013,2013-07,0.005460850205830425,20.624359979999998,10.640899995
2013-07-22,23.978001,25.336,23.976,24.486,24.486,48989000,2013,2013-07,0.02297789843842324,20.83647998,10.734169995
2013-07-23,24.799999,25.112,24.364,24.548,24.548,38682000,2013,2013-07,0.002532059135832654,21.020399979999997,10.827109995
2013-07-24,24.893999,24.9,23.912001,24.34,24.34,34345000,2013,2013-07,-0.00847319537233171,21.156000000000002,10.919509994999999
2013-07-25,24.08,24.950001,24.038,24.813999,24.813999,26421500,2013,2013-07,0.019474075595727225,21.31931996,11.01417999
2013-07-26,25.628,26.136,25.322001,25.878,25.878,48165500,2013,2013-07,0.04287906193596602,21.497519959999998,11.114679989999999
2013-07-29,25.864,27.073999,25.65,26.924,26.924,48394500,2013,2013-07,0.04042043434577636,21.66699994,11.22004999
2013-07-30,26.959999,27.497999,25.636,26.348,26.348,65635000,2013,2013-07,-0.02139355222106676,21.827959959999998,11.32341999
2013-07-31,26.514,26.993999,26.290001,26.856001,26.856001,31758500,2013,2013-07,0.01928043874297858,22.00531996,11.429299995
2013-08-01,27.0,27.304001,26.525999,27.110001,27.110001,26618000,2013,2013-08,0.009457848918012823,22.197159980000002,11.53653
2013-08-02,26.917999,27.65,26.722,27.6,27.6,31349500,2013,2013-08,0.018074473696994664,22.400199979999996,11.646889999999999
2013-08-05,28.002001,28.978001,27.93,28.936001,28.936001,51003500,2013,2013-08,0.04840583333333326,22.608,11.764240005
2013-08-06,28.950001,29.146,28.219999,28.43,28.43,46272500,2013,2013-08,-0.017486901524505827,22.78828,11.878330004999999
2013-08-07,28.378,28.389999,26.472,26.846001,26.846001,91061000,2013,2013-08,-0.05571575800211037,22.883880019999996,11.983740010000002
2013-08-08,30.870001,31.775999,30.091999,30.695999,30.695999,136234000,2013,2013-08,0.14341048411642388,23.079279980000003,12.109180005
2013-08-09,30.48,31.190001,30.25,30.6,30.6,44638500,2013,2013-08,-0.0031274108394386824,23.271479980000002,12.234440005000002
2013-08-12,29.886,30.1,28.41,29.476,29.476,74561000,2013,2013-08,-0.0367320261437909,23.46995998,12.353970005
2013-08-13,29.9,29.968,28.889999,29.086,29.086,43744500,2013,2013-08,-0.01323110327045729,23.681319979999998,12.471010005
2013-08-14,28.544001,28.968,27.610001,27.872,27.872,58469000,2013,2013-08,-0.04173829333700052,23.859399980000003,12.582950005
2013-08-15,27.285999,28.719999,27.0,27.934,27.934,50896000,2013,2013-08,0.0022244546498277895,24.036600000000004,12.695100004999999
2013-08-16,28.326,28.782,28.194,28.4,28.4,35540500,2013,2013-08,0.01668217942292527,24.215200019999997,12.809720005
2013-08-19,28.686001,29.476,28.566,28.98,28.98,40188500,2013,2013-08,0.02042253521126769,24.386639999999996,12.926490005
2013-08-20,29.73,29.955999,29.4,29.916,29.916,32091000,2013,2013-08,0.032298136645962705,24.584760000000003,13.046820004999999
2013-08-21,30.0,30.062,29.25,29.572001,29.572001,31331500,2013,2013-08,-0.011498830057494303,24.798320040000004,13.16576001
2013-08-22,29.844,31.496,29.628,31.42,31.42,52962000,2013,2013-08,0.06249151012811072,25.035800039999998,13.291360009999998
2013-08-23,31.4,32.459999,31.0,32.368,32.368,64659500,2013,2013-08,0.03017186505410563,25.290440040000004,13.422050009999998
2013-08-26,33.029999,34.599998,32.049999,32.844002,32.844002,120855500,2013,2013-08,0.014705944142362926,25.5461201,13.55473002
2013-08-27,32.459999,33.759998,32.189999,33.402,33.402,87834500,2013,2013-08,0.016989342528964668,25.80536008,13.69043002
2013-08-28,33.812,34.299999,32.650002,33.290001,33.290001,73700500,2013,2013-08,-0.0033530626908570005,26.057600120000004,13.826560025000001
2013-08-29,32.844002,33.549999,32.501999,33.212002,33.212002,47180000,2013,2013-08,-0.0023430158503149334,26.30312014,13.961550035
2013-08-30,33.273998,33.841999,32.792,33.799999,33.799999,55142000,2013,2013-08,0.017704352781864774,26.576520140000003,14.098940030000001
2013-09-03,34.68,34.740002,33.279999,33.787998,33.787998,60305500,2013,2013-09,-0.0003550591821023241,26.8540801,14.23650002
2013-09-04,33.953999,34.324001,33.112,34.124001,34.124001,57378500,2013,2013-09,0.009944448321560717,27.13060012,14.376300025
2013-09-05,34.02,34.299999,33.650002,33.986,33.986,33426500,2013,2013-09,-0.00404410373801134,27.400720119999995,14.514390025
2013-09-06,33.714001,33.939999,33.029999,33.394001,33.394001,43098500,2013,2013-09,-0.017418907785558546,27.64572016,14.64844003
2013-09-09,32.624001,32.900002,31.702,32.139999,32.139999,71722500,2013,2013-09,-0.037551714752598775,27.85152014,14.776140025
2013-09-10,32.290001,33.5,32.125999,33.273998,33.273998,44839000,2013,2013-09,0.035283106262697705,28.0875601,14.910040015
2013-09-11,33.282001,33.580002,32.425999,32.703999,32.703999,29162500,2013,2013-09,-0.01713046325241696,28.27292006,15.04143001
2013-09-12,32.799999,33.352001,32.102001,32.986,32.986,30800000,2013,2013-09,0.008622829275404253,28.46136008,15.17409001
2013-09-13,32.554001,33.273998,32.431999,33.108002,33.108002,27006000,2013,2013-09,0.0036985994058085225,28.66256012,15.30748002
2013-09-16,33.599998,34.169998,33.169998,33.316002,33.316002,37874500,2013,2013-09,0.006282469114264222,28.848520160000003,15.440830030000003
2013-09-17,33.015999,33.683998,32.672001,33.245998,33.245998,27484500,2013,2013-09,-0.002101212504429517,29.0270001,15.57337002
2013-09-18,33.414001,33.490002,32.84,33.243999,33.243999,27198500,2013,2013-09,-6.0127537756526905e-05,29.19808006,15.705770015
2013-09-19,34.16,36.094002,33.816002,35.584,35.584,77973000,2013,2013-09,0.07038867375732982,29.42068006,15.849070015
2013-09-20,35.779999,37.166,35.712002,36.678001,36.678001,67008500,2013,2013-09,0.030744182778776885,29.651800079999997,15.99856002
2013-09-23,36.896,37.096001,35.422001,36.222,36.222,40867000,2013,2013-09,-0.012432547782525005,29.85664008,16.14596002
2013-09-24,35.827999,36.992001,35.529999,36.466,36.466,31367000,2013,2013-09,0.006736237645629695,30.07692008,16.29439002
2013-09-25,36.712002,37.259998,36.099998,37.048,37.048,41263500,2013,2013-09,0.015960072396204783,30.381680100000004,16.44546002
2013-09-26,37.34,37.936001,37.122002,37.728001,37.728001,33072000,2013,2013-09,0.01835459404016393,30.65524014,16.599530025
2013-09-27,37.504002,38.256001,37.285999,38.18,38.18,29582000,2013,2013-09,0.01198046511926254,30.942720140000002,16.755150025
2013-09-30,37.799999,38.900002,37.599998,38.674,38.674,44623500,2013,2013-09,0.012938711367207922,31.23748012,16.913260025
2013-10-01,38.792,38.846001,37.674,38.599998,38.599998,38779500,2013,2013-10,-0.0019134819258416202,31.51976008,17.072650015
2013-10-02,37.717999,38.366001,35.080002,36.189999,36.189999,103877000,2013,2013-10,-0.06243521048887102,31.75260006,17.21979001
2013-10-03,35.009998,35.938,33.599998,34.661999,34.661999,119082500,2013,2013-10,-0.04222160934572006,31.95904004,17.358700005
2013-10-04,35.279999,36.236,34.529999,36.195999,36.195999,72070000,2013,2013-10,0.044255958809530815,32.18668004,17.50509
2013-10-07,36.492001,37.346001,36.051998,36.613998,36.613998,57428000,2013,2013-10,0.011548210065980058,32.401399999999995,17.653549990000002
2013-10-08,36.880001,37.186001,34.641998,34.945999,34.945999,68786000,2013,2013-10,-0.04555631974415908,32.56183998,17.793849985
2013-10-09,34.945999,34.998001,32.299999,33.756001,33.756001,76582500,2013,2013-10,-0.03405248194507193,32.71,17.92862999
2013-10-10,34.618,35.150002,33.938,34.585999,34.585999,44419500,2013,2013-10,0.02458816137610631,32.86459996,18.067279985
2013-10-11,34.549999,35.858002,34.240002,35.740002,35.740002,41555500,2013,2013-10,0.03336618959596915,33.03719998,18.212389995000002
2013-10-14,35.0,36.5,34.830002,35.944,35.944,38848000,2013,2013-10,0.005707834039852866,33.20407998,18.358419995000002
2013-10-15,37.056,37.757999,36.636002,36.787998,36.787998,54892500,2013,2013-10,0.023480914756287552,33.36111992,18.509139985
2013-10-16,36.98,37.459999,36.417999,36.712002,36.712002,41027000,2013,2013-10,-0.0020657824326293373,33.52675996,18.658829995
2013-10-17,36.708,36.959999,36.198002,36.560001,36.560001,33525000,2013,2013-10,-0.004140362598585523,33.721039960000006,18.806269999999998
2013-10-18,36.830002,37.192001,36.504002,36.68,36.68,29654000,2013,2013-10,0.003282248269085075,33.840719979999996,18.9549
2013-10-21,36.655998,36.678001,34.200001,34.52,34.52,57660500,2013,2013-10,-0.0588876772082878,33.91911998,19.0931
2013-10-22,34.099998,35.556,33.222,34.307999,34.307999,56933500,2013,2013-10,-0.006141396292004608,34.01575996,19.230299995
2013-10-23,33.782001,34.362,32.029999,32.900002,32.900002,66602000,2013,2013-10,-0.0410399044257872,34.092040000000004,19.361120005
2013-10-24,33.0,34.900002,32.566002,34.630001,34.630001,54128500,2013,2013-10,0.052583553034434516,34.22720002,19.50063001
2013-10-25,34.841999,34.900002,33.360001,33.931999,33.931999,37977500,2013,2013-10,-0.020155991332486578,34.34716,19.636760005
2013-10-28,34.035999,34.099998,32.439999,32.571999,32.571999,39208500,2013,2013-10,-0.04008016150183191,34.430599980000004,19.76671
2013-10-29,32.551998,33.09,30.6,32.894001,32.894001,70558500,2013,2013-10,0.009885853183281945,34.508880000000005,19.897920005
2013-10-30,32.925999,33.535999,31.634001,31.844,31.844,42009000,2013,2013-10,-0.031920744454285166,34.547439999999995,20.023240005
2013-10-31,31.134001,32.487999,30.66,31.988001,31.988001,46669000,2013,2013-10,0.004522076372315054,34.59576,20.14908001
2013-11-01,32.599998,33.18,32.082001,32.433998,32.433998,35903000,2013,2013-11,0.013942634302156032,34.61603996,20.27687
2013-11-04,33.0,35.077999,32.844002,35.040001,35.040001,65602000,2013,2013-11,0.08034788064055487,34.66947998,20.417550005
2013-11-05,36.0,36.285999,34.271999,35.362,35.362,112335500,2013,2013-11,0.009189468915825838,34.71983994,20.559170005000002
2013-11-06,30.962,32.146,29.27,30.232,30.232,155358500,2013,2013-11,-0.14507098014818176,34.65643994,20.674330005
2013-11-07,28.837999,29.129999,27.524,27.954,27.954,111423500,2013,2013-11,-0.0753506218576343,34.54971992,20.777110005
2013-11-08,27.296,28.120001,26.464001,27.59,27.59,112389500,2013,2013-11,-0.013021392287329236,34.43727988,20.878080005
2013-11-11,28.200001,29.084,27.42,28.940001,28.940001,69988000,2013,2013-11,0.048930808263863756,34.34007992,20.98475001
2013-11-12,28.938,28.940001,27.236,27.559999,27.559999,74926000,2013,2013-11,-0.04768493269920748,34.21551994,21.084600005000002
2013-11-13,28.167999,28.474001,27.268,27.74,27.74,63291500,2013,2013-11,0.006531241165864898,34.08783992,21.185780004999998
2013-11-14,27.784,28.08,26.822001,27.52,27.52,61018500,2013,2013-11,-0.007930785868781487,33.95851992,21.285870005000003
2013-11-15,27.370001,27.59,26.870001,27.09,27.09,49501000,2013,2013-11,-0.015625,33.8324399,21.383020005000002
2013-11-18,27.054001,27.09,23.922001,24.316,24.316,115691000,2013,2013-11,-0.10239940937615355,33.67595992,21.466860005000004
2013-11-19,23.886,25.799999,23.844,25.218,25.218,99081000,2013,2013-11,0.03709491692712619,33.51483996,21.554820005
2013-11-20,25.216,25.49,23.812,24.222,24.222,69248000,2013,2013-11,-0.03949559838210792,33.345199980000004,21.636760005
2013-11-21,24.577999,24.958,24.049999,24.42,24.42,59519000,2013,2013-11,0.008174386920980936,33.173879979999995,21.719380004999998
2013-11-22,24.316,24.549999,23.586,24.275999,24.275999,55483500,2013,2013-11,-0.0058968468468469926,32.99723992,21.80152
2013-11-25,24.9,25.167999,24.059999,24.167999,24.167999,51336500,2013,2013-11,-0.004448838542133737,32.81427986,21.883939994999995
2013-11-26,23.875999,24.544001,23.219999,24.1,24.1,69427500,2013,2013-11,-0.0028135966076462404,32.6313599,21.966549995
2013-11-27,24.261999,25.389999,23.903999,25.388,25.388,61838000,2013,2013-11,0.05344398340248957,32.47423992,22.055039994999998
2013-11-29,25.954,26.118,25.396,25.455999,25.455999,48581000,2013,2013-11,0.002678391365999566,32.2716799,22.14404999
2013-12-02,25.27,25.709999,24.785999,24.834,24.834,38756000,2013,2013-12,-0.02443427971536294,32.03479988,22.23117999
2013-12-03,26.535999,28.988001,26.318001,28.940001,28.940001,128412000,2013,2013-12,0.1653378835467505,31.8891599,22.336599995
2013-12-04,28.864,28.886,27.426001,27.790001,27.790001,65738500,2013,2013-12,-0.03973738632559132,31.715639919999997,22.43701
2013-12-05,28.030001,28.67,27.9,28.096001,28.096001,46442000,2013,2013-12,0.011011154695532488,31.536599939999995,22.542330005
2013-12-06,28.302,28.497999,27.26,27.472,27.472,39548000,2013,2013-12,-0.02220960199994293,31.331479920000003,22.643580005000004
2013-12-09,27.4,28.34,26.841999,28.32,28.32,45307500,2013,2013-12,0.030867792661618987,31.134279919999997,22.750800005000002
2013-12-10,28.01,29.174,27.972,28.438,28.438,53741000,2013,2013-12,0.004166666666666652,30.929559919999996,22.858560005
2013-12-11,28.375999,28.610001,27.898001,27.93,27.93,35689000,2013,2013-12,-0.017863422181587985,30.71615996,22.963110005000004
2013-12-12,27.940001,29.648001,27.705999,29.493999,29.493999,53839000,2013,2013-12,0.0559970998925885,30.582239960000003,23.07575
2013-12-13,29.610001,30.360001,29.464001,29.530001,29.530001,52959500,2013,2013-12,0.0012206550898710145,30.4796,23.188750004999996
2013-12-16,29.695999,30.086,29.219999,29.587999,29.587999,33376500,2013,2013-12,0.0019640365064668153,30.347439999999995,23.301109999999998
2013-12-17,29.516001,30.926001,29.264,30.492001,30.492001,52475000,2013,2013-12,0.030552995489826706,30.225000060000003,23.416920004999998
2013-12-18,30.448,30.98,29.190001,29.596001,29.596001,57909500,2013,2013-12,-0.029384755693796505,30.1180001,23.527210009999997
2013-12-19,29.379999,29.4,27.82,28.143999,28.143999,63700000,2013,2013-12,-0.04906074979521724,30.005760060000004,23.629700005000004
2013-12-20,28.316,28.870001,28.316,28.648001,28.648001,37063000,2013,2013-12,0.017907973916571063,29.8870001,23.73447001
2013-12-23,28.969999,29.247999,28.52,28.709999,28.709999,26927500,2013,2013-12,0.0021641300557060372,29.746400039999997,23.838920005
2013-12-24,30.0,30.993999,29.964001,30.282,30.282,49707500,2013,2013-12,0.054754477699563875,29.633160039999996,23.951210004999997
2013-12-26,31.007999,31.6,30.858,31.1,31.1,35647500,2013,2013-12,0.027012746846311275,29.51940008,24.067730005
2013-12-27,31.059999,31.1,30.16,30.224001,30.224001,27301000,2013,2013-12,-0.028167170418006426,29.38964006,24.182000009999996
2013-12-30,30.224001,30.962,30.15,30.488001,30.488001,22337500,2013,2013-12,0.00873478001803929,29.268200059999998,24.299150015
2013-12-31,30.464001,30.639999,29.732,30.086,30.086,21312000,2013,2013-12,-0.01318554798000704,29.136320060000003,24.414430014999997
2014-01-02,29.959999,30.496,29.309999,30.02,30.02,30942000,2014,2014-01,-0.0021937113607657377,29.04632006,24.529450015000002
2014-01-03,30.0,30.438,29.719999,29.912001,29.912001,23475000,2014,2014-01,-0.003597568287808106,28.9584001,24.643060019999997
2014-01-06,30.0,30.08,29.048,29.4,29.4,26805500,2014,2014-01,-0.017116909029255556,28.88840006,24.754050020000005
2014-01-07,29.524,30.08,29.049999,29.872,29.872,25170500,2014,2014-01,0.016054421768707527,28.79324004,24.86679002
2014-01-08,29.77,30.74,29.752001,30.256001,30.256001,30816000,2014,2014-01,0.012854880824852755,28.719720080000002,24.980540024999996
2014-01-09,30.5,30.686001,29.370001,29.506001,29.506001,26910000,2014,2014-01,-0.024788470888799874,28.65840012,25.09021003
2014-01-10,29.691999,29.780001,28.450001,29.143999,29.143999,37230500,2014,2014-01,-0.01226875848069009,28.583400079999997,25.197770025
2014-01-13,29.156,29.4,27.563999,27.868,27.868,31580500,2014,2014-01,-0.04378256395081548,28.503880080000002,25.299220025
2014-01-14,28.1,32.400002,27.334,32.254002,32.254002,138035000,2014,2014-01,0.15738488589062727,28.509200099999997,25.416560035000003
2014-01-15,33.689999,34.445999,32.419998,32.826,32.826,102328000,2014,2014-01,0.01773417140607858,28.51704014,25.536350035
2014-01-16,32.5,34.540001,32.48,34.194,34.194,59797000,2014,2014-01,0.04167428258088113,28.500120120000002,25.666220034999995
2014-01-17,34.037998,34.639999,33.59,34.001999,34.001999,46031000,2014,2014-01,-0.005615049423875695,28.4729201,25.794220029999998
2014-01-21,34.248001,35.458,34.161999,35.335999,35.335999,48673500,2014,2014-01,0.039232987448767354,28.57500008,25.929530025
2014-01-22,35.562,36.063999,34.952,35.712002,35.712002,35113000,2014,2014-01,0.010640791562168683,28.73016012,26.066260035
2014-01-23,35.445999,36.476002,34.683998,36.299999,36.299999,39337000,2014,2014-01,0.016464968835967264,28.904360099999998,26.207260029999997
2014-01-24,35.57,36.096001,34.706001,34.919998,34.919998,38321500,2014,2014-01,-0.03801655752111732,29.023960040000002,26.34000002
2014-01-27,35.032001,35.584,32.942001,33.924,33.924,43582000,2014,2014-01,-0.028522281129569338,29.15124006,26.466030019999998
2014-01-28,34.299999,35.796001,34.200001,35.675999,35.675999,30467000,2014,2014-01,0.05164482372361734,29.309960039999996,26.600660015
2014-01-29,35.060001,35.818001,34.625999,35.046001,35.046001,29677500,2014,2014-01,-0.017658874808242908,29.46048006,26.732590019999996
2014-01-30,35.599998,36.956001,35.402,36.568001,36.568001,42825000,2014,2014-01,0.043428635409786365,29.65004008,26.869840025000002
2014-01-31,35.77,37.200001,35.702,36.282001,36.282001,32544000,2014,2014-01,-0.007821045509159852,29.889360099999998,27.00580003
2014-02-03,36.577999,36.976002,35.032001,35.422001,35.422001,33824500,2014,2014-02,-0.023703213061484707,30.09344012,27.135940034999997
2014-02-04,36.139999,36.32,35.240002,35.745998,35.745998,23431500,2014,2014-02,0.009146772933578795,30.323920079999997,27.266840025
2014-02-05,35.66,36.118,33.872002,34.883999,34.883999,36340000,2014,2014-02,-0.024114559621471354,30.533200060000002,27.391070019999997
2014-02-06,35.259998,36.021999,35.200001,35.675999,35.675999,29208000,2014,2014-02,0.022703819020290394,30.761200059999997,27.518440015
2014-02-07,36.202,37.326,35.919998,37.306,37.306,44642500,2014,2014-02,0.045689007895756584,31.02396008,27.654540015000002
2014-02-10,37.868,39.860001,37.863998,39.312,39.312,64853500,2014,2014-02,0.05377151128504809,31.328200080000002,27.799100015000004
2014-02-11,39.793999,40.439999,38.540001,39.324001,39.324001,53549500,2014,2014-02,0.0003052757427759456,31.606920100000004,27.94452002
2014-02-12,39.155998,39.653999,38.863998,39.063999,39.063999,25868500,2014,2014-02,-0.00661178906998805,31.8790801,28.084900015000002
2014-02-13,38.667999,40.543999,38.650002,39.925999,39.925999,40146500,2014,2014-02,0.022066353216934953,32.18092008,28.23054001
2014-02-14,39.619999,40.375999,39.400002,39.646,39.646,30790000,2014,2014-02,-0.007012949131216417,32.39504006,28.37549001
2014-02-18,41.048,41.200001,40.271999,40.740002,40.740002,46664000,2014,2014-02,0.0275942591938656,32.65404008,28.52508002
2014-02-19,40.740002,40.740002,38.681999,38.728001,38.728001,80845000,2014,2014-02,-0.049386374600570715,32.86668008,28.664170024999997
2014-02-20,43.001999,43.042,41.254002,41.993999,41.993999,90011500,2014,2014-02,0.08433169581874367,33.15712006,28.814640020000002
2014-02-21,42.327999,42.796001,41.838001,41.919998,41.919998,39094000,2014,2014-02,-0.0017621803534357827,33.42912002,28.968730009999998
2014-02-24,41.751999,43.672001,41.664001,43.529999,43.529999,41392000,2014,2014-02,0.03840651423695185,33.73096,29.130590005
2014-02-25,46.0,51.84,45.689999,49.599998,49.599998,163408500,2014,2014-02,0.13944404179747405,34.16435996,29.309189994999997
2014-02-26,51.716,53.0,49.5,50.599998,50.599998,123023000,2014,2014-02,0.020161291135535997,34.58647994,29.485429985
2014-02-27,52.25,52.380001,49.666,50.507999,50.507999,89729000,2014,2014-02,-0.0018181621272000958,35.0060399,29.650169984999998
2014-02-28,49.93,50.535999,48.509998,48.962002,48.962002,72949000,2014,2014-02,-0.030608953643164516,35.39351996,29.81173999
2014-03-03,47.452,50.330002,46.998001,50.112,50.112,65446500,2014,2014-03,0.023487560823187037,35.78591994,29.977459989999996
2014-03-04,51.695999,52.0,50.566002,50.967999,50.967999,43728000,2014,2014-03,0.01708171695402294,36.2133599,30.140049980000004
2014-03-05,51.344002,51.397999,50.360001,50.532001,50.532001,29678500,2014,2014-03,-0.008554347993924516,36.66111994,30.301209989999997
2014-03-06,50.827999,51.5,49.889999,50.588001,50.588001,36805500,2014,2014-03,0.0011082086379281542,37.09991994,30.46420999
2014-03-07,50.588001,50.970001,48.882,49.242001,49.242001,39061500,2014,2014-03,-0.026607099972185022,37.51055998,30.622829994999996
2014-03-10,48.540001,48.599998,47.212002,47.768002,47.768002,38640500,2014,2014-03,-0.02993377543694864,37.86028002,30.774430005000003
2014-03-11,47.299999,48.919998,46.486,46.882,46.882,44050500,2014,2014-03,-0.01854802300502345,38.17592002,30.916110005
2014-03-12,46.299999,49.5,46.222,48.298,48.298,48772000,2014,2014-03,0.030203489612218082,38.5374,31.060520004999997
2014-03-13,48.757999,48.838001,46.799999,47.557999,47.557999,31181500,2014,2014-03,-0.015321566110397922,38.87879996,31.187980000000003
2014-03-14,47.057999,47.388,45.664001,46.194,46.194,41448500,2014,2014-03,-0.028680748321644023,39.20095996,31.314319995
2014-03-17,46.990002,47.585999,46.099998,46.796001,46.796001,29563000,2014,2014-03,0.01303201714508373,39.536479979999996,31.44335
2014-03-18,47.389999,48.299999,47.004002,48.007999,48.007999,31211500,2014,2014-03,0.025899606250542773,39.89839994,31.585629994999998
2014-03-19,48.278,48.310001,46.702,47.167999,47.167999,25356500,2014,2014-03,-0.01749708418382523,40.25375992,31.72887999
2014-03-20,47.231998,47.849998,46.672001,46.981998,46.981998,19089500,2014,2014-03,-0.003943372709111603,40.595959879999995,31.868949980000004
2014-03-21,47.203999,47.240002,45.5,45.778,45.778,41084500,2014,2014-03,-0.025626794330883884,40.90639985999999,32.002469985
2014-03-24,45.950001,45.98,42.054001,44.034,44.034,56644000,2014,2014-03,-0.03809690244222119,41.19695984,32.12528999
2014-03-25,44.827999,45.41,43.580002,44.088001,44.088001,39327000,2014,2014-03,0.0012263478221374857,41.495839880000005,32.24368999
2014-03-26,44.389999,44.52,42.27,42.591999,42.591999,34536500,2014,2014-03,-0.033932180322714056,41.79031986,32.356599984999995
2014-03-27,42.473999,42.720001,40.599998,41.464001,41.464001,47478500,2014,2014-03,-0.026483800396407742,41.97451984,32.469449995
2014-03-28,42.560001,43.344002,42.054001,42.473999,42.473999,48424000,2014,2014-03,0.02435843082292033,42.16747982000001,32.584089989999995
2014-03-31,43.299999,43.349998,41.278,41.689999,41.689999,41900000,2014,2014-03,-0.018458351425774566,42.3173998,32.694359985
2014-04-01,41.804001,43.632,41.716,43.394001,43.394001,36857000,2014,2014-04,0.04087316001134944,42.50523984,32.811029995000005
2014-04-02,44.0,46.178001,43.610001,46.057999,46.057999,53911500,2014,2014-04,0.06139092820687364,42.71967984,32.939119985000005
2014-04-03,46.060001,47.146,44.400002,45.080002,45.080002,54618500,2014,2014-04,-0.021234031465413916,42.907039839999996,33.06113
2014-04-04,45.202,45.653999,42.25,42.445999,42.445999,56728000,2014,2014-04,-0.05842952269611701,43.029959840000004,33.16867999
2014-04-07,41.161999,43.240002,40.702,41.504002,41.504002,49277500,2014,2014-04,-0.02219283376979775,43.16163992,33.275550005
2014-04-08,42.009998,43.298,41.284,43.091999,43.091999,34446500,2014,2014-04,0.03826129827191127,43.344999900000005,33.39146
2014-04-09,43.352001,43.689999,42.178001,43.386002,43.386002,25789500,2014,2014-04,0.006822681862588942,43.49919996,33.50690001
2014-04-10,43.363998,43.5,40.757999,40.838001,40.838001,36057500,2014,2014-04,-0.05872864247782039,43.615039960000004,33.608690015
2014-04-11,40.122002,41.400002,39.720001,40.756001,40.756001,45336000,2014,2014-04,-0.002007933737990797,43.69879996,33.706750025
2014-04-14,41.52,41.688,38.882,39.618,39.618,38515000,2014,2014-04,-0.027922292964905893,43.765519940000004,33.795590024999996
2014-04-15,39.818001,39.858002,36.863998,38.782001,38.782001,68296500,2014,2014-04,-0.021101494270281185,43.832719940000004,33.88214003
2014-04-16,39.400002,39.998001,38.164001,39.821999,39.821999,36011000,2014,2014-04,0.026816512123755576,43.914239959999996,33.96407002
2014-04-17,39.922001,40.458,38.816002,39.624001,39.624001,29634000,2014,2014-04,-0.004972075861887304,44.009040000000006,34.04437003
2014-04-21,39.416,41.240002,38.799999,40.875999,40.875999,26291000,2014,2014-04,0.031596960640092764,44.11304,34.133510025
2014-04-22,41.271999,43.866001,41.001999,43.728001,43.728001,49023500,2014,2014-04,0.0697720439811147,44.24148002,34.23206003
2014-04-23,43.265999,43.348,41.400002,41.598,41.598,36478000,2014,2014-04,-0.04871023031672539,44.28720002,34.318440025
2014-04-24,42.161999,42.560001,40.639999,41.571999,41.571999,27476000,2014,2014-04,-0.0006250540891389322,44.33215998000001,34.402850015
2014-04-25,40.400002,41.34,39.529999,39.970001,39.970001,34983500,2014,2014-04,-0.03853550559356056,44.35028001999999,34.48043002
2014-04-28,40.0,40.757999,38.099998,39.702,39.702,35210000,2014,2014-04,-0.006705053622590773,44.34580004,34.55333002
2014-04-29,39.641998,41.43,39.105999,41.383999,41.383999,28895500,2014,2014-04,0.04236559871039258,44.380560020000004,34.630350015
2014-04-30,40.720001,41.632,40.256001,41.577999,41.577999,22203000,2014,2014-04,0.004687802162376631,44.397319960000004,34.71098001
2014-05-01,41.416,42.804001,41.138,41.546001,41.546001,27199500,2014,2014-05,-0.0007695897053632272,44.45367996,34.80966002
2014-05-02,41.720001,42.271999,41.304001,42.181999,42.181999,20434000,2014,2014-05,0.015308284424293994,44.457439959999995,34.90032002
2014-05-05,41.896,43.537998,41.703999,43.321999,43.321999,25735000,2014,2014-05,0.02702574621937659,44.48547998,34.997900015
2014-05-06,43.32,43.731998,41.369999,41.456001,41.456001,28183500,2014,2014-05,-0.043072758484667295,44.444000020000004,35.085500015
2014-05-07,41.928001,42.040001,39.450001,40.27,40.27,50896500,2014,2014-05,-0.02860866874255419,44.25740006,35.164420015
2014-05-08,36.400002,38.880001,35.599998,35.717999,35.717999,100283000,2014,2014-05,-0.11303702508070534,43.959760079999995,35.22027001
2014-05-09,35.972,36.68,35.444,36.452,36.452,42476000,2014,2014-05,0.02054989138669283,43.678640099999996,35.28083001
2014-05-12,36.773998,37.438,35.976002,36.933998,36.933998,35011500,2014,2014-05,0.01322281356304189,43.43808002,35.341430005
2014-05-13,36.751999,38.268002,36.599998,38.032001,38.032001,35486000,2014,2014-05,0.029728788093831504,43.19648004,35.40220001
2014-05-14,37.790001,38.695999,37.419998,38.124001,38.124001,27033500,2014,2014-05,0.002419015502234556,42.93960008,35.458200015
2014-05-15,37.995998,38.532001,37.060001,37.717999,37.717999,30202000,2014,2014-05,-0.01064951183901186,42.68332004,35.51505001
2014-05-16,37.790001,38.408001,37.543999,38.312,38.312,22438500,2014,2014-05,0.01574847594645723,42.43780002,35.572330005
2014-05-19,38.144001,39.377998,38.0,39.217999,39.217999,22858500,2014,2014-05,0.02364791710169145,42.237319979999995,35.632869995
2014-05-20,39.388,39.866001,38.613998,39.060001,39.060001,27730500,2014,2014-05,-0.004028711408759045,42.06315996,35.690169999999995
2014-05-21,39.236,39.973999,38.958,39.889999,39.889999,26427000,2014,2014-05,0.021249308211743312,41.92331994,35.74493999
2014-05-22,40.07,41.375999,39.911999,40.976002,40.976002,31072500,2014,2014-05,0.02722494427738642,41.776879980000004,35.80767
2014-05-23,40.905998,41.551998,40.5,41.459999,41.459999,20034000,2014,2014-05,0.011811718478537792,41.654919979999995,35.88073999
2014-05-27,41.703999,42.773998,41.540001,42.312,42.312,26705500,2014,2014-05,0.020549952256390336,41.57727998,35.938819994999996
2014-05-28,42.004002,42.554001,41.051998,42.048,42.048,27475500,2014,2014-05,-0.00623936471922848,41.482319960000005,35.996059995
2014-05-29,42.113998,42.498001,41.543999,42.048,42.048,18462500,2014,2014-05,0.0,41.36311998,36.058919995000004
2014-05-30,42.060001,42.959999,41.403999,41.554001,41.554001,27905500,2014,2014-05,-0.011748454147640808,41.250840020000005,36.12126
2014-06-02,41.466,41.869999,40.334,40.939999,40.939999,23340500,2014,2014-06,-0.014776001954661333,41.130000040000006,36.186599995
2014-06-03,40.698002,41.599998,40.518002,40.987999,40.987999,19304000,2014,2014-06,0.0011724475127612433,41.03420002,36.25186999
2014-06-04,40.869999,41.251999,40.080002,40.798,40.798,17137000,2014,2014-06,-0.004635478789779435,40.96948002,36.31385999
2014-06-05,40.894001,41.84,40.810001,41.380001,41.380001,20273000,2014,2014-06,0.014265429677925434,40.915320019999996,36.375859995
2014-06-06,41.950001,42.161999,41.436001,41.633999,41.633999,15369000,2014,2014-06,0.0061381825486181985,40.896160019999996,36.43444999
2014-06-09,41.59,41.998001,40.84,41.062,41.062,14028500,2014,2014-06,-0.01373874750777615,40.88812,36.491899985
2014-06-10,40.886002,41.394001,40.310001,40.459999,40.459999,17573500,2014,2014-06,-0.014660781257610278,40.84784,36.53709998
2014-06-11,40.299999,41.0,39.849998,40.894001,40.894001,19887500,2014,2014-06,0.01072669329527165,40.83192004,36.579729985
2014-06-12,41.02,41.976002,40.542,40.703999,40.703999,29968500,2014,2014-06,-0.0046462071539539185,40.77812,36.61902997
2014-06-13,40.956001,41.358002,40.316002,41.284,41.284,17721500,2014,2014-06,0.014249238754157734,40.68264002,36.658439969999996
2014-06-16,41.352001,45.098,41.251999,44.922001,44.922001,66232000,2014,2014-06,0.08812133029745195,40.67948,36.71659997
2014-06-17,44.821999,47.108002,44.57,46.334,46.334,66524500,2014,2014-06,0.03143223740189138,40.75724002,36.78220996
2014-06-18,46.299999,46.341999,45.223999,45.424,45.424,34701000,2014,2014-06,-0.019640005179781705,40.83563998,36.840329965
2014-06-19,45.776001,47.062,45.400002,45.557999,45.557999,43965500,2014,2014-06,0.002949960373370919,40.884959980000005,36.89917997
2014-06-20,45.703999,46.257999,45.240002,45.917999,45.917999,24519500,2014,2014-06,0.007902015187278177,40.93559992,36.95814995999999
2014-06-23,45.902,47.798,45.644001,47.444,47.444,38955500,2014,2014-06,0.033233177255829416,41.0677199,37.02543996
2014-06-24,47.793999,48.375999,46.326,46.5,46.5,40379500,2014,2014-06,-0.019897141893600923,41.18259988,37.090969955
2014-06-25,46.610001,47.509998,46.048,47.377998,47.377998,29008000,2014,2014-06,0.01888167741935476,41.337799839999995,37.16715995
2014-06-26,47.433998,48.080002,46.841999,47.119999,47.119999,25607000,2014,2014-06,-0.005445544575353289,41.504559799999996,37.23638995500001
2014-06-27,46.938,48.0,46.900002,47.812,47.812,28175000,2014,2014-06,0.014685929853266666,41.66435982,37.31192996
2014-06-30,47.91,48.897999,47.799999,48.012001,48.012001,24143000,2014,2014-06,0.004183071195515753,41.832119819999996,37.387059965000006
2014-07-01,48.492001,48.688,47.740002,47.944,47.944,21680500,2014,2014-07,-0.0014163333871461958,41.97347984,37.461239955
2014-07-02,48.132,48.466,45.414001,45.886002,45.886002,40137000,2014,2014-07,-0.04292503754380117,42.016639860000005,37.524089955
2014-07-03,46.257999,46.380001,44.799999,45.849998,45.849998,25833500,2014,2014-07,-0.0007846401610669407,42.10167982,37.587109955
2014-07-07,45.5,45.956001,44.080002,44.532001,44.532001,29468500,2014,2014-07,-0.02874584640112743,42.160879859999994,37.643549965000005
2014-07-08,43.73,44.192001,42.854,43.813999,43.813999,39181000,2014,2014-07,-0.016123281772135067,42.23775982,37.68469996
2014-07-09,44.254002,44.844002,43.841999,44.612,44.612,20577000,2014,2014-07,0.01821337970085768,42.33595982,37.724369955
2014-07-10,43.436001,44.444,43.208,43.891998,43.891998,24319500,2014,2014-07,-0.016139200215188776,42.386119799999996,37.762719945
2014-07-11,44.122002,44.32,43.52,43.625999,43.625999,16511500,2014,2014-07,-0.006060307393616515,42.427079799999994,37.79851994
2014-07-14,43.998001,45.757999,43.09,45.34,45.34,36016000,2014,2014-07,0.03928852150755335,42.50295978,37.839979940000006
2014-07-15,45.346001,45.529999,43.619999,43.916,43.916,28592500,2014,2014-07,-0.031407146007940145,42.53763980000001,37.870919934999996
2014-07-16,44.363998,44.959999,43.363998,43.431999,43.431999,20222500,2014,2014-07,-0.011021062938336823,42.5398398,37.89717993
2014-07-17,43.231998,44.110001,42.720001,43.080002,43.080002,23247000,2014,2014-07,-0.00810455443232072,42.572319820000004,37.91920994
2014-07-18,43.189999,44.242001,43.186001,44.004002,44.004002,21268500,2014,2014-07,0.021448466970823254,42.646999859999994,37.946229960000004
2014-07-21,43.450001,44.641998,43.344002,44.108002,44.108002,19111000,2014,2014-07,0.002363421399717236,42.81479992,37.985819975
2014-07-22,44.438,44.66,43.821999,43.916,43.916,13650000,2014,2014-07,-0.004352996991339619,42.96407992,38.03208998
2014-07-23,44.001999,44.950001,43.886002,44.498001,44.498001,15416500,2014,2014-07,0.013252595864833072,43.11535998,38.073599990000005
2014-07-24,44.650002,45.02,44.16,44.708,44.708,16227500,2014,2014-07,0.004719290648584229,43.248879960000004,38.11407
2014-07-25,44.543999,45.394001,44.349998,44.714001,44.714001,15435500,2014,2014-07,0.0001342265366377493,43.380679959999995,38.16291001
2014-07-28,44.849998,46.400002,44.279999,44.964001,44.964001,32571500,2014,2014-07,0.005591089913872915,43.525600000000004,38.21895001
2014-07-29,45.321999,45.66,44.972,45.001999,45.001999,16912000,2014,2014-07,0.0008450760420539716,43.65939998000001,38.27103001
2014-07-30,44.383999,45.919998,44.208,45.784,45.784,24639000,2014,2014-07,0.017377028073797263,43.79072,38.32125
2014-07-31,45.852001,46.279999,44.299999,44.66,44.66,38745500,2014,2014-07,-0.02455006115673608,43.90271998,38.364830000000005
2014-08-01,45.217999,47.5,45.200001,46.653999,46.653999,59479000,2014,2014-08,0.044648432601881005,44.037999979999995,38.414160005
2014-08-04,46.875999,48.099998,46.653999,47.703999,47.703999,29798500,2014,2014-08,0.02250610928336516,44.172559920000005,38.469119989999996
2014-08-05,47.493999,48.598,47.138,47.698002,47.698002,26943000,2014,2014-08,-0.00012571273112760295,44.297319980000005,38.524809995
2014-08-06,47.779999,50.284,47.716,49.785999,49.785999,46246500,2014,2014-08,0.043775355621813894,44.44679996,38.590339990000004
2014-08-07,50.023998,51.338001,49.824001,50.478001,50.478001,37394500,2014,2014-08,0.013899530267535765,44.61539997999999,38.670129994999996
2014-08-08,50.231998,50.352001,49.299999,49.625999,49.625999,25450500,2014,2014-08,-0.016878679486535098,44.76695996,38.746719995
2014-08-11,51.096001,52.748001,51.0,51.863998,51.863998,40506500,2014,2014-08,0.045097308771557376,44.9731599,38.841539975
2014-08-12,51.616001,52.060001,50.916,51.992001,51.992001,31911500,2014,2014-08,0.0024680511517836123,45.19419994,38.928349975
2014-08-13,52.402,53.127998,51.922001,52.062,52.062,34663000,2014,2014-08,0.0013463417189885085,45.41567996,39.01899998
2014-08-14,52.498001,52.599998,51.299999,52.276001,52.276001,20633000,2014,2014-08,0.004110502861972343,45.64523998000001,39.11751999
2014-08-15,52.296001,52.417999,51.700001,52.402,52.402,19339500,2014,2014-08,0.0024102647025352475,45.86567996000001,39.215059985
2014-08-18,52.650002,53.452,51.950001,51.987999,51.987999,29246000,2014,2014-08,-0.007900480897675588,46.072759960000006,39.31577998
2014-08-19,51.773998,51.866001,50.324001,51.352001,51.352001,26674000,2014,2014-08,-0.012233554132368152,46.27855998,39.41259998
2014-08-20,50.933998,51.748001,50.599998,51.141998,51.141998,15139500,2014,2014-08,-0.004089480369031784,46.49219996,39.50613998
2014-08-21,51.304001,51.759998,50.652,50.868,50.868,14578000,2014,2014-08,-0.005357592794868915,46.69167993999999,39.585279975
2014-08-22,50.908001,51.389999,50.521999,51.355999,51.355999,14167000,2014,2014-08,0.009593437917747805,46.90471994000001,39.66524997
2014-08-25,51.638,52.736,51.638,52.509998,52.509998,21590500,2014,2014-08,0.02247057836417521,47.1292399,39.77663996
2014-08-26,52.995998,53.099998,52.332001,52.348,52.348,19090000,2014,2014-08,-0.0030850886720659165,47.277759880000005,39.89860996
2014-08-27,52.700001,52.848,52.057999,52.650002,52.650002,14925500,2014,2014-08,0.005769122029494866,47.40407992,40.02390997
2014-08-28,52.377998,52.896,52.327999,52.771999,52.771999,14224500,2014,2014-08,0.0023171319157784254,47.551039900000006,40.143069960000005
2014-08-29,53.740002,54.400002,53.501999,53.939999,53.939999,32235500,2014,2014-08,0.022132949710697902,47.718679900000005,40.27496996
2014-09-02,55.099998,56.978001,54.860001,56.824001,56.824001,49262000,2014,2014-09,0.053466853049070284,47.93679994,40.420389965
2014-09-03,57.534,57.599998,56.02,56.237999,56.237999,33861500,2014,2014-09,-0.01031257901040794,48.11267992,40.56397996
2014-09-04,56.801998,58.284,56.080002,57.208,57.208,41708500,2014,2014-09,0.017248142132510802,48.326839920000005,40.71456996
2014-09-05,56.509998,56.580002,54.501999,55.478001,55.478001,55849500,2014,2014-09,-0.030240508320514614,48.48883998,40.870379965
2014-09-08,55.523998,56.976002,55.504002,56.422001,56.422001,27508000,2014,2014-09,0.017015753685861945,48.67488002,41.02639997
2014-09-09,56.598,57.098,55.400002,55.695999,55.695999,22794000,2014,2014-09,-0.012867356476775837,48.83256,41.183769965
2014-09-10,55.900002,56.282001,54.731998,56.220001,56.220001,18906500,2014,2014-09,0.009408252108019433,48.99672,41.34276997
2014-09-11,56.091999,56.958,55.726002,56.062,56.062,18830500,2014,2014-09,-0.0028104054996371808,49.15908,41.501699975
2014-09-12,56.099998,56.478001,55.400002,55.84,55.84,16623000,2014,2014-09,-0.003959901537583299,49.358159959999995,41.66005998
2014-09-15,54.874001,54.880001,49.826,50.771999,50.771999,82277000,2014,2014-09,-0.09075933022922644,49.45659998,41.793419975
2014-09-16,51.029999,52.492001,50.484001,52.147999,52.147999,41500500,2014,2014-09,0.027101552570344856,49.60891994000001,41.927219969999996
2014-09-17,52.481998,52.939999,51.900002,52.276001,52.276001,25888500,2014,2014-09,0.002454590827157155,49.77815998,42.06131998
2014-09-18,52.672001,53.119999,52.464001,52.764,52.764,18463000,2014,2014-09,0.009335048409689906,49.94119998,42.200969979999996
2014-09-19,51.598,52.285999,51.054001,51.863998,51.863998,34054500,2014,2014-09,-0.017057122280342618,50.100639980000004,42.315589965
2014-09-22,51.0,51.203999,48.942001,50.006001,50.006001,41070500,2014,2014-09,-0.035824407520608115,50.22824002,42.426669965
2014-09-23,49.043999,50.759998,49.0,50.082001,50.082001,28293500,2014,2014-09,0.001519817591492778,50.32308004000001,42.53659996499999
2014-09-24,50.223999,50.568001,49.408001,50.428001,50.428001,18747500,2014,2014-09,0.006908669643611143,50.453320059999996,42.65137997
2014-09-25,50.504002,50.992001,49.220001,49.389999,49.389999,24171000,2014,2014-09,-0.020583841901645084,50.57248006,42.756729965000005
2014-09-26,49.650002,49.945999,49.214001,49.32,49.32,18977000,2014,2014-09,-0.001417270731266962,50.69728002,42.861139965
2014-09-29,48.799999,49.728001,48.276001,49.051998,49.051998,24263500,2014,2014-09,-0.005433941605839432,50.79823994,42.966749955
2014-09-30,49.383999,49.529999,48.023998,48.535999,48.535999,21191500,2014,2014-09,-0.010519428790647822,50.886799880000005,43.06195995499999
2014-10-01,48.439999,48.532001,47.130001,48.048,48.048,29708500,2014,2014-10,-0.01005437221967953,50.96943988,43.15454995
2014-10-02,50.040001,50.557999,49.071999,50.284,50.284,44991000,2014,2014-10,0.04653679653679643,51.085159860000005,43.258029955000005
2014-10-03,50.612,51.299999,50.206001,51.042,51.042,27031500,2014,2014-10,0.015074377535597927,51.21183986,43.36077995000001
2014-10-06,51.826,52.498001,51.560001,52.124001,52.124001,38566500,2014,2014-10,0.021198248501234307,51.36003986000001,43.47341995
2014-10-07,51.706001,52.292,51.146,51.914001,51.914001,22427500,2014,2014-10,-0.004028854193291909,51.49903986,43.59226996
2014-10-08,52.02,52.576,50.528,51.855999,51.855999,25275500,2014,2014-10,-0.0011172708495343908,51.63611986,43.70830994999999
2014-10-09,52.450001,53.108002,50.880001,51.402,51.402,36806500,2014,2014-10,-0.008754994769264668,51.74847986,43.821769955
2014-10-10,48.928001,49.178001,47.040001,47.382,47.382,64441500,2014,2014-10,-0.07820707365472168,51.80291986,43.90726995499999
2014-10-13,47.714001,47.792,44.200001,44.917999,44.917999,56343500,2014,2014-10,-0.05200289139335601,51.76819986,43.97635995
2014-10-14,45.650002,46.493999,44.599998,45.411999,45.411999,35526500,2014,2014-10,0.010997818491424782,51.72235986,44.052299940000005
2014-10-15,44.0,46.198002,43.464001,45.939999,45.939999,45736500,2014,2014-10,0.011626883018296619,51.6871998,44.129559930000006
2014-10-16,43.944,45.984001,43.82,45.27,45.27,26996500,2014,2014-10,-0.014584218863391674,51.596879820000005,44.20547993
2014-10-17,46.675999,46.953999,45.310001,45.495998,45.495998,52747000,2014,2014-10,0.004992224431190628,51.49723976,44.28285992
2014-10-20,45.344002,46.48,45.102001,46.094002,46.094002,17472000,2014,2014-10,0.013144101158084398,51.42659982,44.363769925
2014-10-21,46.854,47.077999,46.16,47.068001,47.068001,20651500,2014,2014-10,0.021130710238612016,51.33067988,44.452109930000006
2014-10-22,46.638,47.478001,46.112,46.220001,46.220001,20583000,2014,2014-10,-0.018016486402301246,51.21523988,44.533849935
2014-10-23,46.931999,47.256001,46.400002,47.057999,47.057999,17462000,2014,2014-10,0.01813063569600537,51.115159860000006,44.61785992499999
2014-10-24,47.254002,47.560001,46.240002,47.048,47.048,17316500,2014,2014-10,-0.00021248247295857503,51.01059984,44.705569919999995
2014-10-27,46.849998,46.922001,44.062,44.334,44.334,47766500,2014,2014-10,-0.057685767726577075,50.84923984,44.781519925000005
2014-10-28,45.919998,48.919998,45.650002,48.554001,48.554001,52581500,2014,2014-10,0.09518656110434431,50.78055988,44.88494992999999
2014-10-29,48.226002,48.299999,47.127998,47.619999,47.619999,24812500,2014,2014-10,-0.019236355001928662,50.70591984000001,44.961779914999994
2014-10-30,47.627998,48.099998,47.012001,47.731998,47.731998,16142000,2014,2014-10,0.002351932010750346,50.63771984,45.03630990500001
2014-10-31,48.501999,48.624001,47.75,48.34,48.34,18876500,2014,2014-10,0.012737828406009788,50.587159840000005,45.107039905
2014-11-03,48.599998,49.512001,48.264,48.518002,48.518002,21019000,2014,2014-11,0.003682292097641593,50.53039989999999,45.17961991999999
2014-11-04,48.098,48.470001,47.306,47.785999,47.785999,18413000,2014,2014-11,-0.01508724534864414,50.435919919999996,45.24186992
2014-11-05,48.200001,48.271999,46.105999,46.194,46.194,45229500,2014,2014-11,-0.033315176690142945,50.312839919999995,45.29427991000001
2014-11-06,46.897999,49.338001,45.700001,48.243999,48.243999,76773500,2014,2014-11,0.044378036108585484,50.22471986000001,45.35399990999999
2014-11-07,48.438,48.568001,47.439999,48.040001,48.040001,25805000,2014,2014-11,-0.004228463730794885,50.1300799,45.419599925
2014-11-10,47.821999,48.576,47.360001,48.386002,48.386002,22886000,2014,2014-11,0.0072023520565704935,50.01899996,45.491909935
2014-11-11,48.509998,50.363998,48.400002,50.216,50.216,39744000,2014,2014-11,0.03782081437519902,49.88683994,45.56460994
2014-11-12,49.944,50.467999,49.116001,49.82,49.82,29354000,2014,2014-11,-0.007885932770431703,49.758479959999995,45.63847993499999
2014-11-13,50.124001,51.150002,50.049999,50.34,50.34,31180000,2014,2014-11,0.010437575270975552,49.621119959999994,45.707339929999996
2014-11-14,50.0,51.77,49.700001,51.736,51.736,30505500,2014,2014-11,0.027731426301152107,49.54627994,45.784609925000005
2014-11-17,51.498001,51.799999,50.403999,50.796001,50.796001,20128500,2014,2014-11,-0.018169147208906722,49.43375994,45.861479925
2014-11-18,51.172001,51.998001,51.102001,51.540001,51.540001,22365000,2014,2014-11,0.014646822296109585,49.35063998,45.94044994000001
2014-11-19,50.122002,50.375999,49.119999,49.548,49.548,39592500,2014,2014-11,-0.03864961120198651,49.217199959999995,46.01376994499999
2014-11-20,49.59,50.186001,49.200001,49.742001,49.742001,17936000,2014,2014-11,0.00391541535480755,49.09079998,46.084099955
2014-11-21,50.442001,50.556,48.433998,48.556,48.556,37425500,2014,2014-11,-0.023843049659381554,48.94511998000001,46.140349955000005
2014-11-24,49.040001,49.52,48.127998,49.344002,49.344002,23948500,2014,2014-11,0.016228725595189175,48.91656004000001,46.190509965000004
2014-11-25,49.470001,49.944,49.217999,49.618,49.618,15799000,2014,2014-11,0.005552812680252428,48.86596006,46.24197996000001
2014-11-26,49.667999,49.799999,49.32,49.688,49.688,9906000,2014,2014-11,0.001410778346567776,48.81420004,46.295099965000006
2014-11-28,49.07,49.338001,48.504002,48.903999,48.903999,10598500,2014,2014-11,-0.01577847770085339,48.73700002,46.339989964999994
2014-12-01,48.231998,48.493999,45.801998,46.327999,46.327999,43097000,2014,2014-12,-0.052674628919406,48.62628003999999,46.37339996
2014-12-02,46.914001,46.976002,45.599998,46.285999,46.285999,29435000,2014,2014-12,-0.0009065791941499368,48.551880000000004,46.401129945
2014-12-03,45.25,45.944,45.099998,45.860001,45.860001,26538500,2014,2014-12,-0.009203603880300837,48.467439999999996,46.436789945
2014-12-04,45.720001,46.18,45.562,45.655998,45.655998,19278000,2014,2014-12,-0.004448386296371898,48.37199994,46.45509994
2014-12-05,45.734001,45.877998,44.452,44.742001,44.742001,30318000,2014,2014-12,-0.02001920974326299,48.27903998,46.469209955
2014-12-08,44.307999,44.972,42.467999,42.872002,42.872002,46128000,2014,2014-12,-0.04179515797695321,48.15008002,46.465919969999995
2014-12-09,41.868,43.546001,40.854,43.377998,43.377998,47157500,2014,2014-12,0.011802481255715369,48.036600019999995,46.434809969999996
2014-12-10,42.826,43.354,41.540001,41.967999,41.967999,36570500,2014,2014-12,-0.032504934875048797,47.90524002,46.391649975
2014-12-11,42.105999,43.085999,41.646,41.776001,41.776001,33472000,2014,2014-12,-0.004574866674010303,47.77980004,46.347989985000005
2014-12-12,40.964001,42.335999,40.900002,41.400002,41.400002,35869000,2014,2014-12,-0.009000358842388922,47.60212007999999,46.310179985000005
2014-12-15,41.858002,41.959999,40.534,40.807999,40.807999,26091500,2014,2014-12,-0.014299588681179198,47.39744006,46.26365997999999
2014-12-16,40.178001,40.736,39.074001,39.562,39.562,42130500,2014,2014-12,-0.030533205021888055,47.14620004,46.206629985
2014-12-17,38.612,41.330002,38.529999,41.164001,41.164001,36839000,2014,2014-12,0.040493428037005286,46.93120003999999,46.159789984999996
2014-12-18,42.476002,43.688,42.360001,43.652,43.652,37416500,2014,2014-12,0.0604411364191737,46.767120059999996,46.125109980000005
2014-12-19,44.037998,44.080002,42.900002,43.858002,43.858002,34552500,2014,2014-12,0.0047191881242554246,46.6162401,46.098189985
2014-12-22,44.0,44.812,43.652,44.52,44.52,23997000,2014,2014-12,0.015094121250667225,46.55900009999999,46.081949975
2014-12-23,44.762001,44.863998,43.903999,44.194,44.194,22528500,2014,2014-12,-0.007322551662174326,46.544520119999994,46.068509975
2014-12-24,43.953999,44.5,43.849998,44.452,44.452,6661000,2014,2014-12,0.005837896547042476,46.525320140000005,46.049279975
2014-12-26,44.301998,45.700001,44.299999,45.563999,45.563999,16635000,2014,2014-12,0.025015724826779495,46.51780014,46.03930997500001
2014-12-29,45.380001,45.582001,44.804001,45.141998,45.141998,14012500,2014,2014-12,-0.009261719982041172,46.5152401,46.034049964999994
2014-12-30,44.798,45.130001,44.279999,44.445999,44.445999,14516000,2014,2014-12,-0.015417992796862956,46.49424012,46.022299955
2014-12-31,44.618,45.136002,44.450001,44.481998,44.481998,11487500,2014,2014-12,0.0008099491700028771,46.46200003999999,46.00466995
2015-01-02,44.574001,44.650002,42.652,43.862,43.862,23822000,2015,2015-01,-0.01393817786692031,46.39788002,45.988139954999994
2015-01-05,42.91,43.299999,41.431999,42.018002,42.018002,26842500,2015,2015-01,-0.042040901007705966,46.31384004,45.963319975000005
2015-01-06,42.012001,42.84,40.841999,42.256001,42.256001,31309500,2015,2015-01,0.005664215066675249,46.217800079999996,45.945709980000004
2015-01-07,42.669998,42.956001,41.956001,42.189999,42.189999,14842000,2015,2015-01,-0.0015619556616348618,46.12064006000001,45.936489975
2015-01-08,42.562,42.759998,42.001999,42.124001,42.124001,17212500,2015,2015-01,-0.0015643043745983132,46.07644007999999,45.926669975
2015-01-09,41.784,41.995998,40.992001,41.332001,41.332001,23341500,2015,2015-01,-0.01880163282685332,45.932000079999995,45.92036998500001
2015-01-12,40.610001,40.894001,39.849998,40.442001,40.442001,29751500,2015,2015-01,-0.021532952154917462,45.78844012,45.915259985000006
2015-01-13,40.664001,41.521999,40.181999,40.849998,40.849998,22386500,2015,2015-01,0.010088447403974854,45.65080012000001,45.907139980000004
2015-01-14,37.166,39.040001,37.0,38.537998,38.537998,57759500,2015,2015-01,-0.056597309992524325,45.45476008,45.891379975
2015-01-15,38.897999,39.150002,38.0,38.374001,38.374001,26082500,2015,2015-01,-0.0042554623621082754,45.251880060000005,45.866279975
2015-01-16,38.139999,38.897999,37.93,38.613998,38.613998,18016000,2015,2015-01,0.006254156297124336,45.068440040000006,45.82905997000001
2015-01-20,38.773998,38.824001,37.408001,38.386002,38.386002,22516000,2015,2015-01,-0.005904490905085935,44.91228008,45.79558997
2015-01-21,37.91,39.736,37.902,39.313999,39.313999,20765000,2015,2015-01,0.024175401230896787,44.73368007999999,45.779929970000005
2015-01-22,39.400002,40.647999,39.040001,40.324001,40.324001,20584500,2015,2015-01,0.025690645207576024,44.579360079999994,45.774029965
2015-01-23,40.057999,40.700001,39.666,40.257999,40.257999,17193000,2015,2015-01,-0.0016367919443311951,44.41680001999999,45.759859965000004
2015-01-26,40.366001,41.723999,40.209999,41.310001,41.310001,16172500,2015,2015-01,0.026131502462405143,44.23868004,45.74947996
2015-01-27,40.883999,41.605999,40.66,41.195999,41.195999,13905000,2015,2015-01,-0.002759670715089091,44.066200020000004,45.751269949999994
2015-01-28,41.222,41.273998,39.683998,39.874001,39.874001,15748000,2015,2015-01,-0.032090446453307275,43.85688003999999,45.74685995
2015-01-29,40.214001,41.195999,39.299999,41.040001,41.040001,17740500,2015,2015-01,0.029242111921499836,43.64296006000001,45.753969954999995
2015-01-30,40.792,41.493999,40.599998,40.720001,40.720001,15035000,2015,2015-01,-0.0077972707651735584,43.441440060000005,45.763659955
2015-02-02,40.793999,42.389999,40.66,42.188,42.188,20746000,2015,2015-02,0.03605105510680118,43.25440004,45.77548996
2015-02-03,42.644001,44.074001,42.254002,43.672001,43.672001,24131000,2015,2015-02,0.035175903100407746,43.136880059999996,45.795729959999996
2015-02-04,43.658001,44.296001,43.360001,43.709999,43.709999,16527000,2015,2015-02,0.0008700769172449441,43.01624002,45.80989996
2015-02-05,43.976002,45.096001,43.928001,44.198002,44.198002,17614500,2015,2015-02,0.011164562140575596,42.92908006,45.812249965
2015-02-06,44.400002,44.68,43.299999,43.472,43.472,16219500,2015,2015-02,-0.01642612713579228,42.811640020000006,45.821619965
2015-02-09,43.076,43.585999,42.397999,43.495998,43.495998,17362000,2015,2015-02,0.0005520334928228454,42.689199980000005,45.831239960000005
2015-02-10,43.509998,44.099998,43.0,43.257999,43.257999,26952500,2015,2015-02,-0.0054717447798301455,42.56059996,45.84767995
2015-02-11,42.442001,42.948002,41.456001,42.560001,42.560001,48845500,2015,2015-02,-0.01613569781625812,42.433719999999994,45.861969955000006
2015-02-12,38.714001,40.618,38.655998,40.576,40.576,78248000,2015,2015-02,-0.04661656375431,42.31868002,45.85792996
2015-02-13,40.580002,41.198002,40.181999,40.754002,40.754002,30955000,2015,2015-02,0.004386878943217543,42.20804008,45.853809975
2015-02-17,41.139999,41.139999,40.299999,40.869999,40.869999,19898000,2015,2015-02,0.0028462726188216436,42.10824004,45.850429965000004
2015-02-18,40.834,41.234001,40.52,40.891998,40.891998,13568000,2015,2015-02,0.0005382676911735995,42.012960039999996,45.84397996
2015-02-19,41.0,42.487999,40.75,42.341999,42.341999,25770500,2015,2015-02,0.03545928472362725,41.96496,45.83907996
2015-02-20,42.155998,43.52,41.962002,43.422001,43.422001,29910500,2015,2015-02,0.025506637039030666,41.975959980000006,45.84890996
2015-02-23,43.132,43.639999,41.265999,41.467999,41.467999,42499000,2015,2015-02,-0.045000275321259386,41.937760000000004,45.854899955
2015-02-24,41.458,41.458,40.34,40.821999,40.821999,33018000,2015,2015-02,-0.01557827760148256,41.91484,45.880419955
2015-02-25,40.987999,41.428001,40.515999,40.751999,40.751999,19547500,2015,2015-02,-0.0017147616901367346,41.89435996,45.90191995
2015-02-26,40.799999,42.217999,40.444,41.438,41.438,32364500,2015,2015-02,0.016833554594463118,41.895119920000006,45.92443996
2015-02-27,41.380001,41.709999,40.560001,40.667999,40.667999,19410500,2015,2015-02,-0.0185820020271249,41.89231992,45.93761995
2015-03-02,40.540001,40.667999,39.166,39.466,39.466,39610500,2015,2015-03,-0.02955638412403816,41.89039992,45.944329945
2015-03-03,39.362,40.048,39.063999,39.911999,39.911999,22161500,2015,2015-03,0.011300841230426295,41.86535988000001,45.955299945
2015-03-04,39.849998,40.504002,39.442001,40.487999,40.487999,21110000,2015,2015-03,0.014431750211258532,41.802079860000006,45.96617993999999
2015-03-05,40.57,41.237999,40.029999,40.125999,40.125999,24385000,2015,2015-03,-0.008940920987475898,41.7274398,45.97071994000001
2015-03-06,39.841999,40.150002,38.43,38.776001,38.776001,33562000,2015,2015-03,-0.033643972328265215,41.612559819999994,45.96929994
2015-03-09,38.877998,38.897999,37.650002,38.175999,38.175999,33683500,2015,2015-03,-0.015473539935178082,41.4921998,45.96072994
2015-03-10,37.692001,38.700001,37.52,38.063999,38.063999,27898500,2015,2015-03,-0.0029337804624312014,41.364439780000005,45.94616992500001
2015-03-11,38.23,39.236,38.202,38.748001,38.748001,24874500,2015,2015-03,0.017969788198029413,41.22811982,45.932609935
2015-03-12,38.75,38.889999,37.950001,38.214001,38.214001,20746500,2015,2015-03,-0.013781356101441156,41.089559879999996,45.912119940000004
2015-03-13,37.790001,38.349998,37.464001,37.736,37.736,27171500,2015,2015-03,-0.012508530577575616,40.9553599,45.890559939999996
2015-03-16,38.400002,39.181999,37.959999,39.139999,39.139999,28144000,2015,2015-03,0.03720582467670153,40.84851992,45.876019935
2015-03-17,39.085999,39.742001,38.787998,38.945999,38.945999,24470500,2015,2015-03,-0.004956566299350262,40.750199900000005,45.862979925
2015-03-18,38.992001,40.175999,38.622002,40.141998,40.141998,24104500,2015,2015-03,0.03070916219147435,40.712679820000005,45.858989920000006
2015-03-19,40.400002,40.917999,38.905998,39.130001,39.130001,42376000,2015,2015-03,-0.025210429236731113,40.650159820000006,45.84969993000001
2015-03-20,39.490002,39.798,39.124001,39.616001,39.616001,21347500,2015,2015-03,0.012420137684126198,40.59867986,45.843789935000004
2015-03-23,39.700001,40.099998,39.493999,39.925999,39.925999,13158000,2015,2015-03,0.007825070480990792,40.55471982,45.836519925000005
2015-03-24,40.316002,40.757999,39.950001,40.344002,40.344002,18249500,2015,2015-03,0.010469443732641581,40.53495984,45.830069939999994
2015-03-25,39.653999,39.717999,38.540001,38.860001,38.860001,28652000,2015,2015-03,-0.036783683482863316,40.50331984,45.819059945
2015-03-26,38.784,38.958,37.939999,38.082001,38.082001,20640000,2015,2015-03,-0.02002058620636682,40.4479599,45.807169955
2015-03-27,37.813999,37.858002,36.279999,37.0,37.0,43024500,2015,2015-03,-0.02841239881276192,40.41719994,45.78769995
2015-03-30,37.169998,38.450001,36.360001,38.113998,38.113998,50447500,2015,2015-03,0.030108054054054145,40.41199988,45.774749945
2015-03-31,38.706001,38.751999,37.681999,37.754002,37.754002,25133000,2015,2015-03,-0.00944524371334654,40.39479996,45.757099955
2015-04-01,37.740002,38.459999,37.209999,37.518002,37.518002,18973000,2015,2015-04,-0.006250992941092659,40.377439960000004,45.72007996
2015-04-02,38.046001,38.646,38.0,38.200001,38.200001,25052000,2015,2015-04,0.018177913631967968,40.35516,45.679409965
2015-04-06,39.599998,41.549999,39.5,40.619999,40.619999,62279000,2015,2015-04,0.06335073132589697,40.36107996,45.65538996
2015-04-07,40.501999,41.012001,40.228001,40.650002,40.650002,21739500,2015,2015-04,0.0007386263106505808,40.36892002,45.630849975000004
2015-04-08,41.639999,42.18,41.174,41.534,41.534,31515500,2015,2015-04,0.021746567195740862,40.3734,45.60892998
2015-04-09,41.686001,42.074001,41.223999,42.018002,42.018002,19001000,2015,2015-04,0.011653151634805292,40.38984006,45.58179999000001
2015-04-10,41.970001,42.330002,41.799999,42.18,42.18,20338500,2015,2015-04,0.0038554427219075205,40.43596004,45.56019999
2015-04-13,42.088001,42.599998,41.810001,41.956001,41.956001,18791000,2015,2015-04,-0.0053105500237079495,40.45428004,45.53309000499999
2015-04-14,41.714001,41.897999,41.099998,41.492001,41.492001,15130000,2015,2015-04,-0.011059204617713703,40.46972004,45.504950015000006
2015-04-15,41.492001,41.917999,41.32,41.566002,41.566002,9762000,2015,2015-04,0.0017835003908341918,40.457280080000004,45.473720025000006
2015-04-16,41.540001,41.834,41.257999,41.34,41.34,8295500,2015,2015-04,-0.00543718397549986,40.41064006,45.44036002
2015-04-17,40.998001,41.375999,40.700001,41.358002,41.358002,12349500,2015,2015-04,0.0004354620222544181,40.36360012,45.40743003000001
2015-04-20,41.355999,41.57,40.77,41.054001,41.054001,12796500,2015,2015-04,-0.007350475973186499,40.3007201,45.383270025
2015-04-21,41.16,42.150002,40.862,41.882,41.882,17162500,2015,2015-04,0.020168533634516983,40.2689201,45.363430035
2015-04-22,42.5,44.375999,42.338001,43.888,43.888,39315000,2015,2015-04,0.047896471037677246,40.27676013999999,45.36021003
2015-04-23,43.653999,44.296001,43.43,43.720001,43.720001,22056000,2015,2015-04,-0.0038279028436017937,40.28600018,45.35974004
2015-04-24,44.099998,44.16,43.602001,43.686001,43.686001,12139000,2015,2015-04,-0.000777676102980962,40.30852018,45.355110045
2015-04-27,44.512001,47.75,44.400002,46.310001,46.310001,58363000,2015,2015-04,0.06006500801023207,40.4232002,45.367200059999995
2015-04-28,46.950001,47.099998,45.605999,46.096001,46.096001,30427000,2015,2015-04,-0.004621032074691556,40.53004018,45.37955006999999
2015-04-29,46.009998,46.993999,45.526001,46.490002,46.490002,19680500,2015,2015-04,0.00854740089058903,40.64244024,45.38530008
2015-04-30,46.077999,46.577999,45.034,45.209999,45.209999,19559500,2015,2015-04,-0.02753286609882255,40.72880026,45.391770075000004
2015-05-01,45.987999,46.354,44.082001,45.206001,45.206001,26408500,2015,2015-05,-8.843176484041315e-05,40.7860803,45.400640085000006
2015-05-04,45.636002,46.945999,45.422001,46.102001,46.102001,22173000,2015,2015-05,0.019820377387506527,40.8396803,45.415750079999995
2015-05-05,47.551998,47.900002,45.826,46.59,46.59,28984500,2015,2015-05,0.010585202147733286,40.94212032,45.42868007
2015-05-06,46.82,46.894001,45.639999,46.085999,46.085999,26354500,2015,2015-05,-0.010817793517922336,41.04740032000001,45.438570055
2015-05-07,44.200001,47.495998,44.049999,47.360001,47.360001,47279500,2015,2015-05,0.02764401396615046,41.179560359999996,45.45579006
2015-05-08,47.198002,47.681999,46.740002,47.321999,47.321999,23341000,2015,2015-05,-0.0008024070776518899,41.29724034,45.469910049999996
2015-05-11,47.257999,48.576,47.062,47.897999,47.897999,28361500,2015,2015-05,0.01217192874713513,41.44184034,45.485860045
2015-05-12,48.021999,49.27,47.638,48.948002,48.948002,31817000,2015,2015-05,0.02192164645541883,41.63148038,45.507030050000004
2015-05-13,49.521999,49.66,48.450001,48.636002,48.636002,27201000,2015,2015-05,-0.006374111041345554,41.80596044,45.525390054999995
2015-05-14,48.964001,48.978001,48.25,48.82,48.82,14479500,2015,2015-05,0.0037831645783714674,41.97260046,45.544480060000005
2015-05-15,48.785999,49.880001,48.5,49.768002,49.768002,22638000,2015,2015-05,0.019418312167144736,42.16544051999999,45.564400070000005
2015-05-18,49.400002,49.98,49.200001,49.75,49.75,16766000,2015,2015-05,-0.00036171835871579017,42.3849205,45.589850070000004
2015-05-19,49.686001,50.200001,49.23,49.428001,49.428001,18371000,2015,2015-05,-0.006472341708542717,42.60996054,45.60372008
2015-05-20,49.425999,49.548,48.273998,48.869999,48.869999,18778000,2015,2015-05,-0.011289188085919166,42.82608054,45.60955008
2015-05-21,48.605999,49.324001,48.472,49.124001,49.124001,9853000,2015,2015-05,0.005197503687282667,43.03360054000001,45.616680075000005
2015-05-22,49.076,49.720001,49.001999,49.546001,49.546001,11115500,2015,2015-05,0.008590505484274313,43.26024054,45.615480085
2015-05-26,49.535999,50.400002,49.299999,49.492001,49.492001,17493500,2015,2015-05,-0.0010898962360250675,43.49536056,45.61055008499999
2015-05-27,49.702,49.900002,49.110001,49.486,49.486,17041000,2015,2015-05,-0.00012125191705225635,43.70228058,45.60985009
2015-05-28,49.405998,50.360001,49.009998,50.290001,50.290001,18236500,2015,2015-05,0.016247039566746224,43.929160620000005,45.601980105
2015-05-29,50.200001,50.574001,49.886002,50.16,50.16,18946500,2015,2015-05,-0.0025850267929006243,44.12952066,45.5928201
2015-06-01,50.282001,50.32,49.493999,49.889999,49.889999,12525500,2015,2015-06,-0.005382795055821288,44.34472062,45.58196009500001
2015-06-02,49.784,49.880001,49.259998,49.669998,49.669998,10674000,2015,2015-06,-0.004409721475440498,44.545800559999996,45.56893008
2015-06-03,49.639999,50.144001,49.402,49.798,49.798,8907500,2015,2015-06,0.002577048624000433,44.74324058,45.555910080000004
2015-06-04,49.5,49.860001,49.141998,49.183998,49.183998,12268000,2015,2015-06,-0.01232985260452224,44.920040500000006,45.541890075
2015-06-05,49.200001,49.939999,49.136002,49.827999,49.827999,15110000,2015,2015-06,0.013093709868807313,45.139400460000005,45.534270065
2015-06-08,50.169998,51.75,50.062,51.257999,51.257999,25085000,2015,2015-06,0.028698724185171498,45.40292042,45.534850070000005
2015-06-09,51.080002,51.548,50.827999,51.200001,51.200001,13055500,2015,2015-06,-0.0011314916916674855,45.68692044,45.536510075
2015-06-10,50.380001,50.799999,49.700001,50.139999,50.139999,17272500,2015,2015-06,-0.020703163658141288,45.92744046000001,45.530430075000005
2015-06-11,50.652,50.874001,50.085999,50.282001,50.282001,10220500,2015,2015-06,0.0028321101482271516,46.17800044,45.51929009
2015-06-12,50.042,50.692001,50.042,50.138,50.138,7111500,2015,2015-06,-0.0028638677287327052,46.43040040000001,45.50824009
2015-06-15,49.939999,50.256001,49.202,50.076,50.076,10931000,2015,2015-06,-0.0012365870198252082,46.667920380000005,45.495370079999994
2015-06-16,50.026001,50.688,49.82,50.624001,50.624001,9923500,2015,2015-06,0.010943386053199111,46.86800042,45.48463009
2015-06-17,50.433998,52.872002,50.403999,52.082001,52.082001,27564500,2015,2015-06,0.028800568331215137,47.096640400000005,45.475340100000004
2015-06-18,52.400002,52.692001,52.004002,52.377998,52.377998,13913500,2015,2015-06,0.005683287783048163,47.313520360000005,45.453110085
2015-06-19,52.48,52.759998,52.02,52.501999,52.501999,12315000,2015,2015-06,0.0023674253452756755,47.5232003,45.434430085
2015-06-22,52.43,52.880001,51.138,51.958,51.958,22805500,2015,2015-06,-0.010361491188173644,47.71876030000001,45.408180085000005
2015-06-23,52.063999,53.599998,51.714001,53.534,53.534,19354000,2015,2015-06,0.030332191385349816,47.95032028,45.39846008000001
2015-06-24,53.396,53.470001,52.743999,53.034,53.034,12061500,2015,2015-06,-0.009339858781335253,48.18116026,45.381520075
2015-06-25,53.290001,54.282001,53.049999,53.757999,53.757999,14246000,2015,2015-06,0.013651600859825752,48.42500019999999,45.371830075
2015-06-26,53.778,53.821999,53.200001,53.417999,53.417999,19192000,2015,2015-06,-0.006324640171223583,48.666560180000005,45.357820065000006
2015-06-29,52.389999,53.189999,52.139999,52.403999,52.403999,17394500,2015,2015-06,-0.018982365850132354,48.88748012,45.33953006000001
2015-06-30,52.959999,54.183998,52.799999,53.652,53.652,15434500,2015,2015-06,0.023814995492996704,49.139440099999995,45.32859006
2015-07-01,54.222,54.523998,53.57,53.830002,53.830002,10506000,2015,2015-07,0.003317714157906604,49.37840014,45.343880074999994
2015-07-02,56.040001,56.490002,54.661999,56.004002,56.004002,35819500,2015,2015-07,0.04038640013425976,49.62072018,45.36316009
2015-07-06,55.776001,56.338001,55.259998,55.944,55.944,20609500,2015,2015-07,-0.0010713877197561228,49.86520016,45.381500085000006
2015-07-07,55.0,55.040001,52.153999,53.576,53.576,30525500,2015,2015-07,-0.042328042328042326,50.06300014000001,45.385560084999995
2015-07-08,51.863998,52.16,50.862,50.992001,50.992001,31105500,2015,2015-07,-0.04823053232790797,50.15664014,45.38120010000001
2015-07-09,51.816002,52.59,51.358002,51.584,51.584,16670500,2015,2015-07,0.01160964442246537,50.26640012,45.38909009499999
2015-07-10,52.444,52.599998,51.563999,51.830002,51.830002,13054500,2015,2015-07,0.004768959367245529,50.37320012,45.3978301
2015-07-13,52.450001,52.509998,51.209999,52.431999,52.431999,14801500,2015,2015-07,0.011614836518817784,50.517640119999996,45.407850090000004
2015-07-14,52.419998,53.198002,52.102001,53.130001,53.130001,9538000,2015,2015-07,0.013312519326222905,50.67612011999999,45.42655009999999
2015-07-15,53.348,53.498001,52.416,52.627998,52.627998,10108000,2015,2015-07,-0.009448578779435834,50.80664006,45.44309009
2015-07-16,52.844002,53.439999,52.632,53.335999,53.335999,8080000,2015,2015-07,0.01345293431074479,50.94156003999999,45.46451009500001
2015-07-17,54.5,55.108002,53.650002,54.931999,54.931999,25020500,2015,2015-07,0.029923504385846345,51.11848004,45.496490095000006
2015-07-20,55.0,57.330002,54.507999,56.452,56.452,24892500,2015,2015-07,0.02767059323655774,51.30032002,45.538510095
2015-07-21,54.009998,54.700001,53.310001,53.354,53.354,30543500,2015,2015-07,-0.05487848083327429,51.42096004,45.553860095
2015-07-22,52.254002,53.888,52.172001,53.574001,53.574001,15525000,2015,2015-07,0.004123420924391885,51.53448008,45.5665201
2015-07-23,53.93,53.98,53.054001,53.439999,53.439999,11136000,2015,2015-07,-0.0025012505599498747,51.62432002,45.573100090000004
2015-07-24,53.476002,54.217999,52.784,53.082001,53.082001,14182500,2015,2015-07,-0.006699064496614282,51.713240000000006,45.578940089999996
2015-07-27,52.486,52.886002,50.158001,50.602001,50.602001,23471000,2015,2015-07,-0.04672016791529765,51.748880019999994,45.5726701
2015-07-28,51.150002,53.080002,50.368,52.964001,52.964001,19479000,2015,2015-07,0.04667799599466438,51.81280000000001,45.58048010500001
2015-07-29,52.854,53.577999,52.400002,52.764,52.764,13950500,2015,2015-07,-0.00377616864707786,51.87308,45.60739010500001
2015-07-30,52.537998,53.388,52.422001,53.358002,53.358002,10173000,2015,2015-07,0.01125771359260086,51.951680020000005,45.64959012
2015-07-31,53.52,53.872002,53.023998,53.23,53.23,11113000,2015,2015-07,-0.0023989279058838076,52.038880039999995,45.688680125
2015-08-03,53.257999,53.341999,51.414001,51.998001,51.998001,12767500,2015,2015-08,-0.023144824347172577,52.09636004,45.718970135
2015-08-04,52.001999,53.344002,51.667999,53.256001,53.256001,11762500,2015,2015-08,0.024193237736196638,52.17056004,45.758900139999994
2015-08-05,52.716,54.200001,52.080002,54.026001,54.026001,31071500,2015,2015-08,0.014458464502432378,52.261240040000004,45.801550155
2015-08-06,49.908001,51.0,47.223999,49.226002,49.226002,73119000,2015,2015-08,-0.08884609097756468,52.256040080000005,45.817210155000005
2015-08-07,48.716,48.745998,47.678001,48.501999,48.501999,25367000,2015,2015-08,-0.014707735151841206,52.22028004,45.82438014499999
2015-08-10,47.630001,48.594002,47.209999,48.228001,48.228001,20929500,2015,2015-08,-0.005649210458315346,52.18164006,45.834420144999996
2015-08-11,47.43,47.860001,46.888,47.473999,47.473999,21324500,2015,2015-08,-0.01563411263925285,52.133320059999996,45.83650014500001
2015-08-12,47.0,47.953999,46.548,47.633999,47.633999,18640000,2015,2015-08,0.003370265900709324,52.092600080000004,45.839430140000005
2015-08-13,47.972,49.296001,47.824001,48.501999,48.501999,23446000,2015,2015-08,0.018222278587191276,52.066680059999996,45.860270135
2015-08-14,49.448002,49.585999,48.354,48.630001,48.630001,21824000,2015,2015-08,0.002639107720075584,52.05560012,45.86065013500001
2015-08-17,51.112,51.318001,50.102001,50.998001,50.998001,35883500,2015,2015-08,0.048694220672543365,52.07900015999999,45.877540145000005
2015-08-18,51.076,52.189999,50.712002,52.144001,52.144001,20975000,2015,2015-08,0.02247146902875663,52.0967202,45.89960016
2015-08-19,52.066002,52.130001,51.004002,51.049999,51.049999,18021500,2015,2015-08,-0.020980400027224677,52.09372016,45.913150155
2015-08-20,50.411999,50.911999,48.380001,48.436001,48.436001,24529000,2015,2015-08,-0.05120466309901406,52.0596402,45.91274015
2015-08-21,47.200001,48.759998,46.102001,46.153999,46.153999,32951000,2015,2015-08,-0.04711375738884804,51.97708016000001,45.90458015
2015-08-24,40.557999,46.279999,39.0,43.773998,43.773998,47908000,2015,2015-08,-0.051566517562215974,51.84980012,45.892480139999996
2015-08-25,46.104,46.18,43.824001,44.006001,44.006001,21636500,2015,2015-08,0.005300018517842453,51.72840013999999,45.87129015000001
2015-08-26,45.585999,45.599998,43.102001,44.967999,44.967999,24815000,2015,2015-08,0.02186060942006529,51.6152801,45.85593014
2015-08-27,46.200001,48.950001,46.161999,48.598,48.598,38280000,2015,2015-08,0.080724094483279,51.54560007999999,45.85699013000001
2015-08-28,48.372002,50.290001,48.313999,49.695999,49.695999,27568500,2015,2015-08,0.022593501790197257,51.4919601,45.854390125
2015-08-31,49.124001,50.990002,49.102001,49.812,49.812,23501000,2015,2015-08,0.002334212055984608,51.43816012,45.854350125
2015-09-01,48.068001,49.200001,47.394001,47.726002,47.726002,27274000,2015,2015-09,-0.04187741909580012,51.353520159999995,45.841280135
2015-09-02,49.060001,49.576,47.956001,49.537998,49.537998,23146000,2015,2015-09,0.03796664132897609,51.27360012,45.83029012499999
2015-09-03,50.411999,50.416,49.0,49.113998,49.113998,20974000,2015,2015-09,-0.00855908629977331,51.195200080000006,45.82188011
2015-09-04,48.178001,48.818001,47.639999,48.386002,48.386002,18446000,2015,2015-09,-0.014822576651161712,51.08776014,45.806110114999996
2015-09-08,49.009998,49.832001,48.810001,49.633999,49.633999,15691000,2015,2015-09,0.02579252156439793,51.012080139999995,45.80654011000001
2015-09-09,50.41,50.849998,49.66,49.782001,49.782001,16954000,2015,2015-09,0.0029818673284818242,50.959640179999994,45.80674011
2015-09-10,49.445999,50.144001,49.066002,49.695999,49.695999,13545000,2015,2015-09,-0.0017275721801540689,50.88052016,45.81244010499999
2015-09-11,49.528,50.048,48.945999,50.048,50.048,11754000,2015,2015-09,0.0070830853002874505,50.80488012,45.815960095
2015-09-14,50.220001,50.849998,49.933998,50.638,50.638,14454500,2015,2015-09,0.011788682864450006,50.69756008,45.82106009499999
2015-09-15,50.549999,50.919998,49.900002,50.714001,50.714001,14667500,2015,2015-09,0.0015008689126743135,50.5929601,45.82619009999999
2015-09-16,50.608002,52.576,50.576,52.450001,52.450001,22085500,2015,2015-09,0.03423117809221954,50.57044012,45.843920110000006
2015-09-17,52.792,53.099998,52.138,52.414001,52.414001,17929000,2015,2015-09,-0.00068636795640864,50.59888012,45.87435012
2015-09-18,51.591999,52.764,51.5,52.124001,52.124001,18815500,2015,2015-09,-0.005532872790993348,50.60968014,45.90354013
2015-09-21,52.796001,54.313999,51.16,52.84,52.84,30601000,2015,2015-09,0.013736455112108636,50.6298801,45.938440125
2015-09-22,51.806,52.529999,51.174,52.188,52.188,18322000,2015,2015-09,-0.012339137017411073,50.62500012,45.97110013500001
2015-09-23,52.389999,52.416,51.515999,52.212002,52.212002,13004000,2015,2015-09,0.00045991415651092105,50.606640139999996,46.00845014000001
2015-09-24,51.905998,52.689999,51.242001,52.624001,52.624001,17241000,2015,2015-09,0.00789088685011552,50.606560200000004,46.057210135000005
2015-09-25,53.321999,53.382,51.23,51.382,51.382,18867000,2015,2015-09,-0.023601417155643567,50.56748022000001,46.097230145000005
2015-09-28,51.470001,51.958,49.321999,49.686001,49.686001,24505500,2015,2015-09,-0.03300764859289251,50.462560260000004,46.135820155000005
2015-09-29,50.091999,50.945999,49.091999,49.330002,49.330002,18516000,2015,2015-09,-0.007164975905386228,50.3201203,46.173590159999996
2015-09-30,50.400002,50.48,48.467999,49.68,49.68,24648000,2015,2015-09,0.007095033160549935,50.24664030000001,46.21499014999999
2015-10-01,49.501999,49.700001,47.425999,47.976002,47.976002,22865000,2015,2015-10,-0.03429947665056354,50.13468032,46.250830165
2015-10-02,47.119999,49.540001,46.986,49.514,49.514,22120000,2015,2015-10,0.03205765249050985,50.056160340000005,46.300590165
2015-10-05,49.768002,49.967999,48.826,49.23,49.23,18449500,2015,2015-10,-0.005735751504625131,49.97912032,46.340920159999996
2015-10-06,48.0,48.605999,47.116001,48.292,48.292,26126000,2015,2015-10,-0.01905342270972976,49.932920300000006,46.36412016
2015-10-07,47.326,47.540001,45.824001,46.391998,46.391998,34070000,2015,2015-10,-0.03934403213782822,49.801480240000004,46.376790140000004
2015-10-08,46.015999,46.144001,44.262001,45.344002,45.344002,30666000,2015,2015-10,-0.022590016493792664,49.653080280000005,46.38091015
2015-10-09,44.186001,44.874001,43.672001,44.138,44.138,30792000,2015,2015-10,-0.026596726067540377,49.46868024,46.38063015000001
2015-10-12,44.598,44.599998,43.054001,43.116001,43.116001,19181500,2015,2015-10,-0.023154628664642685,49.26640026,46.373950155
2015-10-13,42.655998,44.504002,42.226002,43.849998,43.849998,25857500,2015,2015-10,0.017023772682443372,49.103440199999994,46.36538015
2015-10-14,44.133999,44.189999,43.085999,43.375999,43.375999,15522000,2015,2015-10,-0.010809555795190717,48.90584016,46.35655015500001
2015-10-15,43.285999,44.346001,42.740002,44.262001,44.262001,14221000,2015,2015-10,0.0204260886302583,48.71056015999999,46.355630165
2015-10-16,44.608002,46.096001,44.574001,45.402,45.402,21672500,2015,2015-10,0.02575570408576877,48.63408012,46.360230175
2015-10-19,45.299999,46.23,44.987999,45.619999,45.619999,12539500,2015,2015-10,0.004801528567023539,48.57644012,46.369020170000006
2015-10-20,45.543999,45.720001,40.400002,42.605999,42.605999,74500000,2015,2015-10,-0.06606751569635072,48.46400008,46.371960155
2015-10-21,42.397999,42.962002,41.759998,42.018002,42.018002,20757500,2015,2015-10,-0.013800803027761321,48.354880140000006,46.37077016
2015-10-22,42.312,43.150002,41.880001,42.344002,42.344002,14126000,2015,2015-10,0.007758579287039824,48.2490802,46.371540175
2015-10-23,43.0,43.07,41.537998,41.818001,41.818001,21177500,2015,2015-10,-0.012422089910160139,48.11540024,46.370010175
2015-10-26,42.276001,43.175999,42.0,43.051998,43.051998,16957000,2015,2015-10,0.02950875150631882,48.00384018,46.37861016
2015-10-27,42.967999,43.419998,41.501999,42.07,42.07,17597000,2015,2015-10,-0.022809580173259292,47.825280160000005,46.386750155
2015-10-28,42.262001,42.689999,41.66,42.591999,42.591999,13643000,2015,2015-10,0.012407867839315356,47.634240119999994,46.39546016
2015-10-29,42.349998,42.75,42.127998,42.326,42.326,9025000,2015,2015-10,-0.006245280950537224,47.45976014,46.41440017
2015-10-30,42.080002,42.326,40.778,41.386002,41.386002,22194500,2015,2015-10,-0.02220852431129805,47.318760160000004,46.429460175
2015-11-02,41.784,43.16,41.444,42.757999,42.757999,19639500,2015,2015-11,0.03315123311500345,47.250840159999996,46.45018018
2015-11-03,42.77,42.888,41.549999,41.669998,41.669998,41662500,2015,2015-11,-0.025445554643471424,47.20876015999999,46.46660016
2015-11-04,45.400002,46.548,45.040001,46.326,46.326,63632000,2015,2015-11,0.11173511455412122,47.25516014,46.501660165000004
2015-11-05,46.116001,46.916,45.838001,46.354,46.354,22484000,2015,2015-11,0.000604412209126659,47.282880160000005,46.53181015999999
2015-11-06,46.139999,46.672001,45.900002,46.472,46.472,12226500,2015,2015-11,0.0025456271303447853,47.24036016,46.562880164999996
2015-11-09,46.598,46.598,44.862,45.066002,45.066002,19254500,2015,2015-11,-0.030254734033396513,47.14776022,46.58166016999999
2015-11-10,44.695999,44.740002,43.216,43.299999,43.299999,23085000,2015,2015-11,-0.03918703505138965,47.0175202,46.59218017
2015-11-11,43.554001,43.896,42.726002,43.816002,43.816002,16739000,2015,2015-11,0.011916928681684258,46.939320200000004,46.611890175
2015-11-12,43.57,43.799999,42.532001,42.588001,42.588001,14579500,2015,2015-11,-0.02802631330900518,46.80032026,46.619630175000005
2015-11-13,42.59,42.598,41.304001,41.438,41.438,17151500,2015,2015-11,-0.02700293446503854,46.646800299999995,46.623220169999996
2015-11-16,41.217999,42.995998,41.16,42.862,42.862,14627000,2015,2015-11,0.034364592885756995,46.536320260000004,46.62659017
2015-11-17,43.040001,43.200001,42.279999,42.799999,42.799999,10743500,2015,2015-11,-0.0014465260603798713,46.39964026,46.62223016
2015-11-18,42.900002,44.276001,42.504002,44.214001,44.214001,14059500,2015,2015-11,0.03303743067844467,46.28828026,46.62475017
2015-11-19,44.108002,45.237999,44.060001,44.360001,44.360001,12522000,2015,2015-11,0.0033021214252921816,46.1815603,46.625560165
2015-11-20,44.698002,45.0,42.716,44.001999,44.001999,22003500,2015,2015-11,-0.008070378537637923,46.06064028000001,46.62821016000001
2015-11-23,43.470001,43.835999,42.936001,43.549999,43.549999,12631000,2015,2015-11,-0.010272260585251991,45.918880259999995,46.628480165
2015-11-24,43.074001,44.200001,43.0,43.650002,43.650002,12401500,2015,2015-11,0.0022962801905002106,45.777600279999994,46.630440179999994
2015-11-25,44.268002,46.166,44.076,45.928001,45.928001,19954000,2015,2015-11,0.05218783266035132,45.64716028,46.647280179999996
2015-11-27,46.212002,46.450001,45.402,46.321999,46.321999,9747000,2015,2015-11,0.00857860110219022,45.52532024,46.676010175
2015-11-30,46.358002,46.855999,45.816002,46.051998,46.051998,13299000,2015,2015-11,-0.005828785584145457,45.403880179999994,46.70250015500001
2015-12-01,46.212002,47.599998,46.209999,47.438,47.438,18670000,2015,2015-12,0.0300964574870346,45.29584018,46.73534015999999
2015-12-02,47.400002,47.720001,46.245998,46.397999,46.397999,14907500,2015,2015-12,-0.021923373666680845,45.18004016,46.762870165
2015-12-03,47.096001,47.490002,46.0,46.542,46.542,14698000,2015,2015-12,0.003103603670494559,45.06664012,46.78387017
2015-12-04,46.492001,46.653999,45.532001,46.076,46.076,12868000,2015,2015-12,-0.010012461862403899,44.9356801,46.797140165
2015-12-07,45.540001,47.125999,45.23,46.226002,46.226002,15721000,2015,2015-12,0.0032555343345777032,44.83256014,46.82093018
2015-12-08,45.504002,45.759998,44.84,45.344002,45.344002,13438000,2015,2015-12,-0.01908017050663391,44.74572015999999,46.843540194999996
2015-12-09,45.34,45.5,44.144001,44.903999,44.903999,15289000,2015,2015-12,-0.009703664886041685,44.6572001,46.864300195
2015-12-10,44.942001,45.698002,44.728001,45.414001,45.414001,10358500,2015,2015-12,0.011357607593034169,44.571880119999996,46.8841802
2015-12-11,45.048,45.150002,43.327999,43.403999,43.403999,16343500,2015,2015-12,-0.04425952252037868,44.48044006,46.897860200000004
2015-12-14,43.501999,44.183998,42.973999,43.716,43.716,14135500,2015,2015-12,0.007188300783068424,44.36448006,46.9191102
2015-12-15,44.363998,44.444,43.599998,44.217999,44.217999,11222000,2015,2015-12,0.011483186933845646,44.26424004,46.9406402
2015-12-16,44.419998,46.976002,44.146,46.902,46.902,25521500,2015,2015-12,0.06069928673163161,44.23644004,46.972710205000006
2015-12-17,46.787998,47.551998,45.962002,46.678001,46.678001,16493000,2015,2015-12,-0.0047758944181484075,44.24216009999999,47.005470214999995
2015-12-18,46.577999,47.18,45.858002,46.091999,46.091999,15071000,2015,2015-12,-0.012554136583526776,44.25712004,47.042050205
2015-12-21,46.338001,47.166,46.216,46.512001,46.512001,9766000,2015,2015-12,0.009112253951059746,44.304600060000006,47.083730214999996
2015-12-22,46.998001,47.310001,45.925999,45.990002,45.990002,9807500,2015,2015-12,-0.011222888475600157,44.362080080000005,47.123360229999996
2015-12-23,46.436001,46.689999,45.625999,45.939999,45.939999,7775000,2015,2015-12,-0.001087258052304474,44.40388010000001,47.15932022
2015-12-24,46.112,46.375999,45.655998,46.113998,46.113998,3540000,2015,2015-12,0.0037875272918486136,44.45864008,47.198820205000004
2015-12-28,46.298,46.396,45.108002,45.790001,45.790001,9506500,2015,2015-12,-0.007026001085397193,44.48920008,47.23909021
2015-12-29,46.012001,47.543999,45.91,47.438,47.438,12031500,2015,2015-12,0.03599036829023006,44.529920080000004,47.280580215
2015-12-30,47.32,48.726002,47.133999,47.618,47.618,18489500,2015,2015-12,0.003794426409207796,44.5698801,47.323940220000004
2015-12-31,47.702,48.689999,47.674,48.001999,48.001999,13575000,2015,2015-12,0.008064156411440981,44.677800100000006,47.363240225
2016-01-04,46.144001,46.276001,43.799999,44.681999,44.681999,34135500,2016,2016-01,-0.06916378628315045,44.731080039999995,47.39100021499999
2016-01-05,45.271999,45.377998,44.0,44.686001,44.686001,15934000,2016,2016-01,8.956627030043407e-05,44.77792002,47.416350214999994
2016-01-06,44.0,44.009998,43.195999,43.807999,43.807999,18895500,2016,2016-01,-0.019648256285005106,44.81771998,47.435760215
2016-01-07,42.838001,43.688,42.734001,43.130001,43.130001,17771500,2016,2016-01,-0.015476579973442761,44.81928004,47.44969021
2016-01-08,43.571999,44.088001,42.153999,42.200001,42.200001,18140500,2016,2016-01,-0.021562716866155407,44.821880060000005,47.46639021
2016-01-11,42.801998,42.889999,40.599998,41.57,41.57,20457000,2016,2016-01,-0.014928933295522917,44.80144008,47.483830205000004
2016-01-12,42.32,42.748001,41.062,41.993999,41.993999,15459500,2016,2016-01,0.010199639162857821,44.79480006000001,47.5088002
2016-01-13,42.402,42.529999,40.0,40.062,40.062,20632000,2016,2016-01,-0.04600654965010609,44.768320020000004,47.51854021
2016-01-14,40.442001,42.0,38.675999,41.236,41.236,32453500,2016,2016-01,0.029304577904248452,44.73788004,47.535950199999995
2016-01-15,39.793999,41.014,39.450001,40.998001,40.998001,27893000,2016,2016-01,-0.005771631584052694,44.7244401,47.55335019499999
2016-01-19,41.742001,42.094002,40.155998,40.944,40.944,20193500,2016,2016-01,-0.001317161780643894,44.6168001,47.56707019
2016-01-20,39.880001,40.256001,38.25,39.740002,39.740002,29193000,2016,2016-01,-0.029405969128565967,44.484520139999994,47.562670204999996
2016-01-21,40.310001,40.646,39.004002,39.993999,39.993999,15831000,2016,2016-01,0.006391469230424329,44.35496012000001,47.559390189999995
2016-01-22,40.959999,41.099998,39.806,40.509998,40.509998,15620500,2016,2016-01,0.012901910609139255,44.263840040000005,47.55427018
2016-01-25,40.012001,40.714001,39.175999,39.276001,39.276001,13493500,2016,2016-01,-0.030461541864307273,44.18336007999999,47.540560175
2016-01-26,39.34,39.563999,37.776001,38.712002,38.712002,24821000,2016,2016-01,-0.0143598886251175,44.08128008,47.523220185
2016-01-27,38.476002,38.652,37.153999,37.613998,37.613998,18086000,2016,2016-01,-0.028363400063887045,43.98180002,47.50151017
2016-01-28,38.158001,38.256001,36.481998,37.939999,37.939999,22964000,2016,2016-01,0.008667012743500457,43.911840000000005,47.48375016
2016-01-29,37.990002,38.748001,37.616001,38.240002,38.240002,14261500,2016,2016-01,0.007907301209997275,43.81940004,47.46712016000001
2016-02-01,37.751999,39.903999,36.549999,39.388,39.388,26488000,2016,2016-02,0.0300208666307078,43.751160060000004,47.45736016
2016-02-02,38.484001,38.624001,36.046001,36.556,36.556,28868000,2016,2016-02,-0.07190007108764096,43.598000039999995,47.433350149999995
2016-02-03,36.717999,36.787998,34.035999,34.695999,34.695999,39657000,2016,2016-02,-0.050880867709815036,43.40472,47.40156014
2016-02-04,34.139999,35.195999,33.397999,35.066002,35.066002,21927000,2016,2016-02,0.010664140265855826,43.22600006,47.36748014999999
2016-02-05,34.259998,34.599998,31.548,32.52,32.52,47188000,2016,2016-02,-0.07260599597296535,43.00540008,47.31064015
2016-02-08,31.42,31.43,29.200001,29.598,29.598,46565000,2016,2016-02,-0.08985239852398541,42.72436004,47.240030145
2016-02-09,28.464001,31.958,28.209999,29.65,29.65,43258000,2016,2016-02,0.0017568754645584939,42.398800019999996,47.16985014
2016-02-10,30.1,30.993999,28.348,28.733999,28.733999,52032500,2016,2016-02,-0.030893794266441787,42.047040020000004,47.08197013
2016-02-11,30.4,32.652,29.4,30.094,30.094,71262000,2016,2016-02,0.047330724832279625,41.727880060000004,47.001960125000004
2016-02-12,31.0,31.402,28.74,30.208,30.208,36179000,2016,2016-02,0.003788130524357003,41.383280060000004,46.920550115000005
2016-02-16,31.74,32.59,30.822001,31.034,31.034,27969000,2016,2016-02,0.02734375,41.07600008,46.84967012
2016-02-17,31.799999,33.868,31.336,33.736,33.736,29126000,2016,2016-02,0.0870657988013146,40.81988008,46.792320114999995
2016-02-18,34.484001,34.59,32.953999,33.354,33.354,19438000,2016,2016-02,-0.011323215556082511,40.56544008,46.72858011
2016-02-19,32.731998,33.498001,32.5,33.316002,33.316002,14797000,2016,2016-02,-0.001139233675121476,40.30724008,46.66221012
2016-02-22,34.023998,35.782001,33.970001,35.548,35.548,25300500,2016,2016-02,0.0669947732624101,40.11132004,46.609520124999996
2016-02-23,35.231998,36.346001,34.736,35.442001,35.442001,29922000,2016,2016-02,-0.002981855519297971,39.92208008,46.549930125
2016-02-24,34.549999,35.900002,33.568001,35.799999,35.799999,26978000,2016,2016-02,0.010100953385786537,39.72980004,46.492320125
2016-02-25,35.73,37.703999,35.040001,37.486,37.486,28753500,2016,2016-02,0.047095001315502705,39.61144005999999,46.44026013
2016-02-26,37.740002,38.400002,37.0,38.068001,38.068001,30325500,2016,2016-02,0.015525822973910364,39.49848008,46.385860125
2016-02-29,38.48,39.27,37.844002,38.386002,38.386002,22495000,2016,2016-02,0.008353498782349922,39.38184014,46.33461012500001
2016-03-01,38.849998,39.189999,36.540001,37.27,37.27,33561000,2016,2016-03,-0.029073150155100702,39.18920014,46.27686012499999
2016-03-02,36.745998,37.703999,36.299999,37.667999,37.667999,24312000,2016,2016-03,0.010678803327072606,39.0090001,46.216360110000004
2016-03-03,37.655998,39.484001,36.844002,39.147999,39.147999,24145000,2016,2016-03,0.03929064562203033,38.8701201,46.163350105
2016-03-04,39.599998,40.806,39.5,40.208,40.208,32445500,2016,2016-03,0.027076760679390022,38.74404008,46.1172501
2016-03-07,39.535999,41.939999,39.48,41.057999,41.057999,26647000,2016,2016-03,0.021140046756864317,38.64540002,46.0781901
2016-03-08,40.700001,41.5,40.439999,40.52,40.52,20893500,2016,2016-03,-0.01310339064502386,38.537000039999995,46.03517009499999
2016-03-09,40.903999,41.874001,40.557999,41.743999,41.743999,16043000,2016,2016-03,0.030207280355380117,38.449600059999995,45.996160085
2016-03-10,42.0,42.658001,40.133999,41.035999,41.035999,25962500,2016,2016-03,-0.016960521678816787,38.354520019999995,45.953880075
2016-03-11,41.585999,41.883999,41.066002,41.5,41.5,16715500,2016,2016-03,0.011307169590290878,38.23576002,45.913950074999995
2016-03-14,42.529999,43.344002,42.127998,43.029999,43.029999,20328500,2016,2016-03,0.03686744578313239,38.144,45.877650065
2016-03-15,42.854,43.793999,42.299999,43.667999,43.667999,15902500,2016,2016-03,0.014826865322493,38.05732,45.84519006000001
2016-03-16,43.599998,44.515999,43.403999,44.386002,44.386002,17583500,2016,2016-03,0.016442315115011263,38.05140006,45.817670074999995
2016-03-17,44.293999,45.700001,44.0,45.276001,45.276001,18914500,2016,2016-03,0.020051344115201042,38.06320006,45.79570009
2016-03-18,45.82,46.896,45.612,46.548,46.548,23559000,2016,2016-03,0.02809433191769739,38.118000079999995,45.77945009
2016-03-21,47.068001,47.976002,47.0,47.664001,47.664001,26539000,2016,2016-03,0.02397527283664158,38.20868008,45.771850105000006
2016-03-22,47.442001,47.798,46.512001,46.848,46.848,21580000,2016,2016-03,-0.017119859493121448,38.30164006,45.75695011
2016-03-23,46.473999,46.945999,44.405998,44.515999,44.515999,24744000,2016,2016-03,-0.04977802681010923,38.36056004,45.72324011
2016-03-24,43.155998,45.778,43.0,45.549999,45.549999,24804500,2016,2016-03,0.02322760408005209,38.43168004,45.6949901
2016-03-28,46.321999,46.962002,45.0,46.051998,46.051998,19628500,2016,2016-03,0.01102083449002933,38.55148,45.674550095
2016-03-29,45.978001,46.476002,45.066002,46.026001,46.026001,20071500,2016,2016-03,-0.0005645140521371994,38.647280020000004,45.653270094999996
2016-03-30,47.018002,47.099998,45.299999,45.377998,45.377998,20165000,2016,2016-03,-0.014079063701406547,38.73487996,45.629470085
2016-03-31,45.868,47.484001,45.001999,45.953999,45.953999,40064500,2016,2016-03,0.01269339824114768,38.83507994,45.60886008000001
2016-04-01,48.966,49.580002,46.650002,47.518002,47.518002,79987500,2016,2016-04,0.03403410005732033,38.99063994,45.593330085
2016-04-04,49.824001,50.424,48.728001,49.397999,49.397999,67376500,2016,2016-04,0.039563889912711314,39.17871993999999,45.579910075
2016-04-05,48.099998,51.312,48.0,51.094002,51.094002,49743500,2016,2016-04,0.03433343524704324,39.390400019999994,45.573490095
2016-04-06,50.793999,53.548,50.689999,53.084,53.084,58527500,2016,2016-04,0.03894778099394136,39.66656,45.5764001
2016-04-07,53.290001,53.868,50.902,51.439999,51.439999,44281000,2016,2016-04,-0.030969802577047734,39.92111994,45.573810095
2016-04-08,52.099998,52.164001,49.604,50.014,50.014,36819500,2016,2016-04,-0.02772159851713829,40.16911998,45.556210095
2016-04-11,50.200001,51.798,49.060001,49.984001,49.984001,45808500,2016,2016-04,-0.0005998120526253814,40.41000002,45.5409601
2016-04-12,49.900002,50.360001,48.726002,49.563999,49.563999,28816000,2016,2016-04,-0.008402728705131035,40.63647996,45.5199901
2016-04-13,49.702,51.099998,49.466,50.905998,50.905998,24628000,2016,2016-04,0.027076083993948785,40.866839920000004,45.507430095
2016-04-14,50.599998,51.368,50.209999,50.372002,50.372002,20661000,2016,2016-04,-0.010489844438370421,41.143159960000006,45.49727011
2016-04-15,50.262001,50.919998,49.824001,50.902,50.902,18762000,2016,2016-04,0.010521678292635617,41.46727998,45.48352011
2016-04-18,50.445999,51.661999,50.332001,50.776001,50.776001,21357000,2016,2016-04,-0.0024753251345722704,41.78147996,45.468250104999996
2016-04-19,50.624001,50.874001,48.25,49.473999,49.473999,31787500,2016,2016-04,-0.025642074491057376,42.12055994,45.43560009000001
2016-04-20,49.251999,50.731998,48.299999,49.993999,49.993999,25970500,2016,2016-04,0.010510571421566306,42.52847992,45.40585008499999
2016-04-21,49.798,50.18,49.382,49.658001,49.658001,13915500,2016,2016-04,-0.006720766626410524,42.928639940000004,45.38626009000001
2016-04-22,49.778,50.799999,49.141998,50.75,50.75,18931500,2016,2016-04,0.021990393854154577,43.368959960000005,45.385050085
2016-04-25,50.602001,51.476002,50.152,50.363998,50.363998,18351500,2016,2016-04,-0.007605950738916234,43.774359919999995,45.378950075000006
2016-04-26,50.41,51.146,49.877998,50.748001,50.748001,16119000,2016,2016-04,0.007624553555100944,44.18515993999999,45.37354007
2016-04-27,50.549999,51.0,49.880001,50.293999,50.293999,16029000,2016,2016-04,-0.00894620460025608,44.57035992,45.36285006999999
2016-04-28,49.970001,50.686001,49.487999,49.542,49.542,12595000,2016,2016-04,-0.014952062173461234,44.88647991999999,45.344910065
2016-04-29,49.627998,49.686001,47.562,48.152,48.152,27069000,2016,2016-04,-0.02805700213959872,45.18243992,45.322530075
2016-05-02,48.299999,48.638,46.964001,48.360001,48.360001,19219500,2016,2016-05,0.004319675195215034,45.4833199,45.297650084999994
2016-05-03,47.472,47.782001,46.324001,46.464001,46.464001,21511000,2016,2016-05,-0.03920595452427711,45.701639920000005,45.255310095
2016-05-04,46.057999,46.891998,44.080002,44.512001,44.512001,43502500,2016,2016-05,-0.042011018379583875,45.88303992,45.1956101
2016-05-05,45.692001,45.728001,41.958,42.306,42.306,56274000,2016,2016-05,-0.04955969065511123,46.013159939999994,45.1403701
2016-05-06,42.174,43.273998,41.622002,42.986,42.986,28426000,2016,2016-05,0.01607337020753552,46.12315994000001,45.087430095
2016-05-09,43.144001,43.23,41.360001,41.784,41.784,23882000,2016,2016-05,-0.02796259247196753,46.19747992,45.029150099999995
2016-05-10,41.509998,41.894001,41.0,41.737999,41.737999,20353000,2016,2016-05,-0.0011009237985830644,46.26451986,44.97243009000001
2016-05-11,41.518002,43.096001,41.209999,41.792,41.792,25809500,2016,2016-05,0.001293809029992099,46.35495986,44.928380085
2016-05-12,42.287998,42.334,40.731998,41.456001,41.456001,18252500,2016,2016-05,-0.008039792304747384,46.43071990000001,44.870840085
2016-05-13,41.556,42.240002,41.34,41.521999,41.521999,14114000,2016,2016-05,0.0015920011194519024,46.4781999,44.81463008
2016-05-16,41.630001,42.630001,41.584,41.658001,41.658001,14747000,2016,2016-05,0.003275420338023638,46.507199920000005,44.756130074999994
2016-05-17,41.810001,41.964001,40.804001,40.931999,40.931999,14218000,2016,2016-05,-0.017427672537623673,46.50467992,44.69464007
2016-05-18,41.830002,43.062,41.549999,42.234001,42.234001,28087500,2016,2016-05,0.03180890334723219,46.538959940000005,44.64582007
2016-05-19,42.723999,43.358002,41.459999,43.042,43.042,34331500,2016,2016-05,0.01913148129157838,46.56491996,44.594750065
2016-05-20,43.397999,44.110001,43.27,44.056,44.056,45035500,2016,2016-05,0.023558384833418433,46.62531998,44.54490006
2016-05-23,43.973999,44.52,43.172001,43.243999,43.243999,25512500,2016,2016-05,-0.018431110404939055,46.66019996,44.514990045000005
2016-05-24,43.32,43.748001,43.035999,43.582001,43.582001,15069000,2016,2016-05,0.007816159647954679,46.67124,44.490390055
2016-05-25,43.582001,44.271999,43.301998,43.916,43.916,15634000,2016,2016-05,0.007663691256397209,46.676200019999996,44.46883005000001
2016-05-26,44.099998,45.051998,43.810001,45.023998,45.023998,20362000,2016,2016-05,0.02522993897440573,46.68895994,44.45658004499999
2016-05-27,44.998001,45.186001,44.150002,44.608002,44.608002,18251500,2016,2016-05,-0.009239428271118899,46.67559996,44.441450059999994
2016-05-31,44.608002,44.950001,44.299999,44.646,44.646,13945000,2016,2016-05,0.0008518202630998228,46.63755996,44.422170065
2016-06-01,44.296001,44.48,43.377998,43.911999,43.911999,14913500,2016,2016-06,-0.016440464991264614,46.56251992000001,44.398580055000004
2016-06-02,43.917999,43.981998,43.422001,43.792,43.792,10164000,2016,2016-06,-0.002732715493093396,46.50139992,44.36255005
2016-06-03,44.0,44.388,43.602001,43.798,43.798,11145000,2016,2016-06,0.00013701132626975365,46.48703994,44.320820045
2016-06-06,43.599998,44.18,43.09,44.136002,44.136002,11247500,2016,2016-06,0.007717293027078798,46.45875999999999,44.28625006
2016-06-07,44.448002,46.888,44.304001,46.467999,46.467999,31068000,2016,2016-06,0.052836616239051226,46.46708002,44.27641005
2016-06-08,46.759998,48.169998,46.521999,47.104,47.104,29860000,2016,2016-06,0.013686860069012319,46.488640000000004,44.281160055
2016-06-09,46.995998,47.066002,45.411999,45.872002,45.872002,22460500,2016,2016-06,-0.026154848845108658,46.498520080000006,44.291650075
2016-06-10,45.478001,45.594002,43.683998,43.757999,43.757999,30133000,2016,2016-06,-0.046084820976420526,46.45460008,44.290410064999996
2016-06-13,43.900002,45.153999,43.532001,43.574001,43.574001,20965000,2016,2016-06,-0.004204899771582227,46.375720060000006,44.283440075
2016-06-14,43.776001,44.439999,42.506001,42.992001,42.992001,17901000,2016,2016-06,-0.013356588484954579,46.2476001,44.255410080000004
2016-06-15,43.389999,44.380001,43.026001,43.540001,43.540001,14542500,2016,2016-06,0.012746557202582665,46.09652008,44.22463009
2016-06-16,43.484001,43.608002,42.700001,43.585999,43.585999,12201500,2016,2016-06,0.0010564538112896038,45.906560060000004,44.193500085
2016-06-17,43.562,43.998001,42.900002,43.094002,43.094002,15563000,2016,2016-06,-0.011287959695497563,45.739640120000004,44.17034008500001
2016-06-20,43.900002,44.75,43.646,43.939999,43.939999,17777500,2016,2016-06,0.01963143269914913,45.6181601,44.14235009
2016-06-21,44.136002,44.514,43.762001,43.922001,43.922001,22645000,2016,2016-06,-0.00040960401478384867,45.496920100000004,44.116390105
2016-06-22,39.894001,41.189999,39.150002,39.332001,39.332001,118712000,2016,2016-06,-0.1045034355333675,45.29228014,44.07112010000001
2016-06-23,39.138,39.509998,38.425999,39.279999,39.279999,50653500,2016,2016-06,-0.0013221295300994695,45.059760159999996,44.01935009999999
2016-06-24,38.009998,39.023998,37.945999,38.630001,38.630001,35132500,2016,2016-06,-0.016547811011909608,44.824920139999996,43.963590100000005
2016-06-27,38.172001,39.762001,37.574001,39.709999,39.709999,36027000,2016,2016-06,0.02795749345178633,44.60108012,43.913660099999994
2016-06-28,40.377998,40.810001,39.882,40.358002,40.358002,31062000,2016,2016-06,0.016318383689709837,44.39272014,43.86521011
2016-06-29,41.026001,42.355999,40.599998,42.037998,42.037998,29974500,2016,2016-06,0.04162733328572621,44.24400012,43.8222101
2016-06-30,42.594002,42.700001,41.804001,42.456001,42.456001,24215500,2016,2016-06,0.009943456393903372,44.09324016000001,43.7809201
2016-07-01,41.228001,43.647999,41.200001,43.299999,43.299999,27000000,2016,2016-07,0.01987935698418708,43.966080119999994,43.73517008999999
2016-07-05,41.945999,42.908001,41.599998,42.796001,42.796001,25876500,2016,2016-07,-0.011639676943179689,43.80700014,43.68708009
2016-07-06,42.0,43.046001,41.799999,42.888,42.888,24599500,2016,2016-07,0.0021497102030632043,43.65748018,43.640900085000006
2016-07-07,42.619999,43.624001,42.602001,43.188,43.188,18060000,2016,2016-07,0.006994963626189232,43.50628016,43.592640085
2016-07-08,43.560001,43.962002,42.900002,43.355999,43.355999,20374000,2016,2016-07,0.0038899462813744012,43.367520160000005,43.54848008
2016-07-11,43.992001,45.355999,43.902,44.956001,44.956001,27149000,2016,2016-07,0.03690382039172957,43.275800180000005,43.512200075
2016-07-12,44.82,45.5,44.644001,44.93,44.93,22856500,2016,2016-07,-0.0005783655000808352,43.21136018,43.473730069999995
2016-07-13,45.099998,45.118,44.057999,44.506001,44.506001,17835500,2016,2016-07,-0.009436879590474123,43.134280180000005,43.439350075
2016-07-14,44.624001,44.987999,44.209999,44.306,44.306,13379000,2016,2016-07,-0.004493798487983702,43.09112016,43.41245007
2016-07-15,44.504002,44.549999,43.928001,44.080002,44.080002,11171000,2016,2016-07,-0.005100844129463211,43.08248017999999,43.38620007
2016-07-18,43.928001,45.417999,43.66,45.25,45.25,17060500,2016,2016-07,0.026542603151424426,43.14136018,43.364050070000005
2016-07-19,45.0,45.82,44.950001,45.051998,45.051998,15575500,2016,2016-07,-0.004375734806629894,43.182680139999995,43.34943005
2016-07-20,45.293999,45.959999,45.0,45.672001,45.672001,12842500,2016,2016-07,0.01376194236712891,43.26044016000001,43.330220055
2016-07-21,45.200001,45.57,43.82,44.099998,44.099998,22143500,2016,2016-07,-0.03441940281968381,43.307680139999995,43.304570045
2016-07-22,44.397999,44.900002,43.776001,44.453999,44.453999,12898500,2016,2016-07,0.008027233924137622,43.36092012,43.28538004
2016-07-25,44.453999,46.278,44.273998,46.001999,46.001999,22453500,2016,2016-07,0.034822513943008726,43.451840080000004,43.283430045
2016-07-26,45.537998,46.0,45.060001,45.902,45.902,17150000,2016,2016-07,-0.0021737968386982276,43.53944009999999,43.28622003500001
2016-07-27,45.868,46.672001,45.383999,45.698002,45.698002,14445000,2016,2016-07,-0.004444207224086116,43.62024012,43.294020044999996
2016-07-28,45.59,46.152,45.32,46.122002,46.122002,12095500,2016,2016-07,0.009278304990226971,43.72404018,43.309050049999996
2016-07-29,46.139999,47.056,46.048,46.958,46.958,15354000,2016,2016-07,0.01812579601379838,43.81852016,43.32459006
2016-08-01,47.099998,47.326,45.875999,46.001999,46.001999,20081500,2016,2016-08,-0.02035863963541895,43.87772014,43.33772006
2016-08-02,45.874001,45.973999,44.279999,45.439999,45.439999,19672000,2016,2016-08,-0.012216860402088137,43.905400119999996,43.34361005000001
2016-08-03,45.473999,45.939999,44.841999,45.158001,45.158001,19439000,2016,2016-08,-0.006205942037982859,43.94368016000001,43.342390055
2016-08-04,45.138,46.172001,44.41,46.122002,46.122002,20735000,2016,2016-08,0.02134729125853041,43.994480180000004,43.34490007
2016-08-05,46.0,46.400002,45.48,46.006001,46.006001,16026000,2016,2016-08,-0.0025150903033220873,44.0362802,43.361900080000005
2016-08-08,45.599998,45.919998,45.217999,45.231998,45.231998,11318000,2016,2016-08,-0.016823957378951482,44.040440200000006,43.377970059999996
2016-08-09,45.363998,46.307999,45.330002,45.816002,45.816002,11039000,2016,2016-08,0.012911302304178474,44.0646002,43.39533006
2016-08-10,45.647999,45.973999,44.924,45.130001,45.130001,11691500,2016,2016-08,-0.014972956391960945,44.07428022,43.411890060000005
2016-08-11,45.234001,45.514,44.681999,44.981998,44.981998,9404500,2016,2016-08,-0.003279481425227604,44.0956802,43.42154006
2016-08-12,45.082001,45.330002,44.807999,45.122002,45.122002,9067500,2016,2016-08,0.003112445116377538,44.12228024,43.43680007
2016-08-15,45.203999,45.900002,44.986,45.118,45.118,10171500,2016,2016-08,-8.869287315749208e-05,44.14868024,43.449430075
2016-08-16,45.098,45.438,44.681999,44.722,44.722,11335500,2016,2016-08,-0.008776984795425324,44.160400200000005,43.461410075
2016-08-17,44.866001,44.966,44.560001,44.647999,44.647999,8935500,2016,2016-08,-0.001654688967398621,44.1240002,43.477720059999996
2016-08-18,44.764,45.132,44.458,44.702,44.702,8572500,2016,2016-08,0.0012094830946398627,44.0759602,43.487440065
2016-08-19,44.708,45.034,44.506001,45.0,45.0,8297500,2016,2016-08,0.006666368395150224,44.05852016,43.504090075
2016-08-22,44.834,45.021999,44.535999,44.585999,44.585999,10327500,2016,2016-08,-0.00920002222222216,44.07508016,43.49539006999999
2016-08-23,44.863998,45.698002,44.560001,44.967999,44.967999,23922000,2016,2016-08,0.008567712029958097,44.10296012,43.488460065
2016-08-24,45.41,45.43,44.444,44.523998,44.523998,12853500,2016,2016-08,-0.009873710413487613,44.13360006,43.478720055000004
2016-08-25,44.622002,44.759998,44.153999,44.192001,44.192001,8812500,2016,2016-08,-0.007456585547416461,44.14664006,43.474350050000005
2016-08-26,44.428001,44.571999,43.764,43.998001,43.998001,11195000,2016,2016-08,-0.004389934730495537,44.1548801,43.47784006
2016-08-29,44.029999,44.080002,43.0,43.040001,43.040001,16331500,2016,2016-08,-0.021773716492256234,44.15380008,43.473960055000006
2016-08-30,43.222,43.222,42.104,42.268002,42.268002,15844500,2016,2016-08,-0.01793677932303006,44.12036014,43.47236006
2016-08-31,42.085999,42.52,41.73,42.402,42.402,16382500,2016,2016-08,0.0031701995282389372,44.08996011999999,43.47718006
2016-09-01,41.801998,42.220001,40.099998,40.153999,40.153999,39715500,2016,2016-09,-0.053016390736286056,44.10640008,43.463640055
2016-09-02,40.466,40.639999,39.240002,39.556,39.556,29887000,2016,2016-09,-0.014892638713269957,44.111920100000006,43.447420060000006
2016-09-06,39.804001,40.650002,39.799999,40.566002,40.566002,21953000,2016,2016-09,0.02553347153402763,44.150640120000006,43.429180065
2016-09-07,41.099998,41.299999,40.141998,40.341999,40.341999,18204500,2016,2016-09,-0.005521939283047783,44.163280119999996,43.409090055
2016-09-08,39.91,39.978001,39.271999,39.472,39.472,16889500,2016,2016-09,-0.02156558974680456,44.14556008,43.38644006
2016-09-09,39.818001,39.984001,38.740002,38.894001,38.894001,18785000,2016,2016-09,-0.014643266112687403,44.082680139999994,43.363160070000006
2016-09-12,39.0,40.273998,38.82,39.66,39.66,18576000,2016,2016-09,0.019694528212718332,44.02676012,43.343210060000004
2016-09-13,39.411999,39.698002,38.689999,39.209999,39.209999,17947000,2016,2016-09,-0.01134646999495692,43.94496012,43.30962004999999
2016-09-14,39.150002,39.584,38.972,39.282001,39.282001,11272500,2016,2016-09,0.0018363173128363997,43.874680119999994,43.274420060000004
2016-09-15,39.298,40.504002,39.279999,40.084,40.084,15386000,2016,2016-09,0.020416449762831634,43.81860012,43.24458006999999
2016-09-16,40.084,41.139999,39.799999,41.080002,41.080002,15539000,2016,2016-09,0.024847869474104334,43.77644015999999,43.212790080000005
2016-09-19,41.400002,41.886002,41.0,41.268002,41.268002,11497500,2016,2016-09,0.004576435999199768,43.73468022,43.187140095000004
2016-09-20,41.369999,41.549999,40.782001,40.928001,40.928001,12052500,2016,2016-09,-0.008238852949556397,43.654120219999996,43.1590701
2016-09-21,41.273998,41.400002,40.312,41.043999,41.043999,13167500,2016,2016-09,0.002834196568749947,43.576400199999995,43.133910095000005
2016-09-22,41.279999,41.456001,40.599998,41.285999,41.285999,11914500,2016,2016-09,0.005896111633761469,43.51200016,43.109210080000004
2016-09-23,41.198002,42.035999,41.133999,41.490002,41.490002,14526000,2016,2016-09,0.0049412150593715065,43.455680199999996,43.089940080000005
2016-09-26,41.299999,42.200001,41.299999,41.798,41.798,11972000,2016,2016-09,0.007423426974045633,43.41004016,43.074410085
2016-09-27,41.93,41.995998,40.922001,41.161999,41.161999,16866000,2016,2016-09,-0.01521606296952005,43.328280140000004,43.05315007499999
2016-09-28,41.501999,41.650002,41.051998,41.254002,41.254002,10442000,2016,2016-09,0.0022351441192154375,43.25232022,43.042400089999994
2016-09-29,41.119999,41.466,40.116001,40.139999,40.139999,13635000,2016,2016-09,-0.027003513501550613,43.141680179999994,43.024520085000006
2016-09-30,40.442001,40.995998,39.91,40.806,40.806,12931500,2016,2016-09,0.016591953577278273,43.07580022,43.00746009
2016-10-03,42.459999,43.133999,41.650002,42.740002,42.740002,29999500,2016,2016-10,0.04739503994510619,43.04152027999999,42.9866501
2016-10-04,42.619999,42.664001,41.764,42.282001,42.282001,17707500,2016,2016-10,-0.010715979844830081,42.96712031999999,42.964670100000006
2016-10-05,42.448002,42.630001,41.624001,41.692001,41.692001,9387500,2016,2016-10,-0.013953928055580933,42.88292034,42.94267011
2016-10-06,40.492001,40.841999,40.042,40.200001,40.200001,23517000,2016,2016-10,-0.035786241106537386,42.77296032,42.91111011
2016-10-07,40.200001,40.264,39.16,39.321999,39.321999,17465000,2016,2016-10,-0.02184084522783969,42.636960259999995,42.877770095
2016-10-10,40.27,40.827999,39.931999,40.189999,40.189999,16581500,2016,2016-10,0.02207415752184927,42.501600239999995,42.84902009499999
2016-10-11,40.369999,40.439999,39.661999,40.02,40.02,11642000,2016,2016-10,-0.004229883160733472,42.38196026,42.81855010499999
2016-10-12,40.189999,40.776001,40.084,40.301998,40.301998,9853500,2016,2016-10,0.007046426786606608,42.27920024,42.791110090000004
2016-10-13,40.099998,40.18,39.41,40.048,40.048,12473000,2016,2016-10,-0.0063023674409391495,42.17700022,42.75416009
2016-10-14,40.132,40.285999,39.259998,39.301998,39.301998,21349500,2016,2016-10,-0.018627696763883428,42.040600139999995,42.712580079999995
2016-10-17,39.41,39.678001,38.400002,38.792,38.792,22770500,2016,2016-10,-0.012976388630420166,41.89632012,42.666530085
2016-10-18,39.198002,39.894001,38.652,39.82,39.82,28402500,2016,2016-10,0.026500309342132322,41.78808016,42.64222009
2016-10-19,39.948002,41.332001,39.612,40.712002,40.712002,34956000,2016,2016-10,0.02240085384229018,41.68600015999999,42.622350095
2016-10-20,40.424,40.599998,39.41,39.82,39.82,25364500,2016,2016-10,-0.021910050014243954,41.579800139999996,42.6024101
2016-10-21,39.720001,40.313999,39.481998,40.018002,40.018002,14717000,2016,2016-10,0.004972425916624834,41.480520219999995,42.586850105
2016-10-24,40.200001,40.790001,40.049999,40.551998,40.551998,13758000,2016,2016-10,0.013343894580243987,41.38912014,42.578610090000005
2016-10-25,40.580002,40.938,40.240002,40.467999,40.467999,12225000,2016,2016-10,-0.0020713899226371124,41.29612012,42.57310008499999
2016-10-26,40.200001,40.638,40.02,40.448002,40.448002,28164000,2016,2016-10,-0.0004941435330172439,41.210640160000004,42.5653701
2016-10-27,42.268002,42.740002,40.330002,40.801998,40.801998,65468500,2016,2016-10,0.008751878522949008,41.133720139999994,42.56907009
2016-10-28,40.799999,41.063999,39.966,39.993999,39.993999,21400500,2016,2016-10,-0.019802927297824846,41.03956012,42.562860085000004
2016-10-31,40.498001,40.498001,39.161999,39.546001,39.546001,23461500,2016,2016-10,-0.011201630524619643,40.93048014,42.55560008500001
2016-11-01,39.608002,39.700001,37.622002,38.158001,38.158001,35300000,2016,2016-11,-0.03509836557178048,40.80192018,42.54167009
2016-11-02,38.009998,38.540001,37.501999,37.604,37.604,21267000,2016,2016-11,-0.014518606464735906,40.654640199999996,42.530990079999995
2016-11-03,37.799999,38.293999,37.408001,37.484001,37.484001,13265000,2016,2016-11,-0.0031911232847569027,40.513840259999995,42.518440090000006
2016-11-04,37.799999,38.692001,37.192001,38.112,38.112,25730000,2016,2016-11,0.016753787836042422,40.39224024,42.506450099999995
2016-11-07,38.717999,38.858002,38.009998,38.641998,38.641998,19350500,2016,2016-11,0.013906328715365124,40.28512018000001,42.503280085
2016-11-08,38.757999,39.498001,38.251999,38.987999,38.987999,16338000,2016,2016-11,0.008954014230837748,40.20408014,42.50466007
2016-11-09,37.375999,38.400002,36.790001,38.012001,38.012001,40865500,2016,2016-11,-0.02503329293714207,40.118960120000004,42.506650085000004
2016-11-10,38.209999,38.321999,36.084,37.07,37.07,33751500,2016,2016-11,-0.02478167355620131,40.01232012,42.50230009
2016-11-11,36.848,37.776001,36.599998,37.712002,37.712002,19942500,2016,2016-11,0.017318640410034947,39.963480180000005,42.49966009
2016-11-14,37.599998,37.650002,35.638,36.290001,36.290001,32761000,2016,2016-11,-0.0377068552340446,39.8981602,42.484170094999996
2016-11-15,36.556,37.285999,36.41,36.754002,36.754002,19510000,2016,2016-11,0.01278591863362033,39.8219202,42.485160105
2016-11-16,36.529999,36.945999,36.242001,36.785999,36.785999,17172000,2016,2016-11,0.0008705718631674131,39.7508002,42.495610105000004
2016-11-17,36.698002,37.897999,36.422001,37.731998,37.731998,24435500,2016,2016-11,0.025716278630899758,39.71600016,42.508940085000006
2016-11-18,38.130001,38.599998,37.0,37.004002,37.004002,26051500,2016,2016-11,-0.019293862996600297,39.67820018,42.531360095
2016-11-21,37.007999,37.778,36.882,36.903999,36.903999,21805000,2016,2016-11,-0.0027024914764625096,39.62308016,42.56789009
2016-11-22,37.167999,38.293999,36.742001,38.234001,38.234001,28017000,2016,2016-11,0.036039508888995986,39.6035602,42.610810095000005
2016-11-23,38.122002,39.127998,37.799999,38.627998,38.627998,24459500,2016,2016-11,0.010304885434302191,39.59048014,42.66028009000001
2016-11-25,38.728001,39.448002,38.728001,39.330002,39.330002,11830500,2016,2016-11,0.018173450252327417,39.57540018,42.706460099999994
2016-11-28,39.096001,39.869999,38.91,39.223999,39.223999,22646000,2016,2016-11,-0.002695219796836068,39.538280119999996,42.75154009499999
2016-11-29,39.112,39.346001,37.900002,37.914001,37.914001,22196500,2016,2016-11,-0.03339786950331103,39.471200100000004,42.7859401
2016-11-30,38.200001,38.377998,37.5,37.880001,37.880001,17735500,2016,2016-11,-0.0008967663423334882,39.410240099999996,42.806660105
2016-12-01,37.650002,37.706001,36.200001,36.375999,36.375999,25632000,2016,2016-12,-0.03970438121160558,39.3168801,42.821770099999995
2016-12-02,36.576,36.976002,36.0,36.293999,36.293999,20211500,2016,2016-12,-0.0022542336225597204,39.2170401,42.836660085000005
2016-12-05,36.501999,37.778,36.501999,37.360001,37.360001,20361000,2016,2016-12,0.029371301850754872,39.13444008,42.84572009000001
2016-12-06,37.104,37.316002,36.535999,37.169998,37.169998,16958000,2016,2016-12,-0.005085733268583081,39.041880039999995,42.854360074999995
2016-12-07,37.23,38.68,37.0,38.630001,38.630001,27309500,2016,2016-12,0.03927907125526353,38.99124008,42.868510085000004
2016-12-08,38.41,38.5,37.908001,38.458,38.458,15970500,2016,2016-12,-0.0044525238298596115,38.93532003999999,42.873370085
2016-12-09,38.174,38.768002,38.161999,38.436001,38.436001,13612500,2016,2016-12,-0.0005720266264496177,38.90124008,42.875210085
2016-12-12,38.560001,38.883999,38.236,38.486,38.486,12194500,2016,2016-12,0.0013008377224259515,38.85484008,42.875710075
2016-12-13,38.636002,40.256001,38.599998,39.630001,39.630001,34119500,2016,2016-12,0.029725120823156592,38.792640060000004,42.88751008
2016-12-14,39.748001,40.599998,39.352001,39.737999,39.737999,20754500,2016,2016-12,0.0027251576400415534,38.74176002,42.89786008
2016-12-15,39.681999,40.147999,39.478001,39.515999,39.515999,16098000,2016,2016-12,-0.005586592319356654,38.69823998,42.89970008
2016-12-16,39.616001,40.518002,39.52,40.498001,40.498001,18984500,2016,2016-12,0.024850744631307542,38.70419998,42.901150085
2016-12-19,40.498001,40.889999,39.967999,40.546001,40.546001,17440500,2016,2016-12,0.0011852436864721039,38.72868002,42.898590095
2016-12-20,40.610001,41.799999,40.5,41.757999,41.757999,23445500,2016,2016-12,0.029891924483502086,38.76004002,42.90478009
2016-12-21,41.689999,42.445999,41.481998,41.540001,41.540001,26038000,2016,2016-12,-0.0052205087700682995,38.79044004,42.9037601
2016-12-22,41.644001,41.998001,41.299999,41.689999,41.689999,15555500,2016,2016-12,0.0036109291379171626,38.81820006,42.9070301
2016-12-23,41.599998,42.689999,41.542,42.667999,42.667999,23352500,2016,2016-12,0.023458863599397084,38.87060004,42.91287009500001
2016-12-27,42.976002,44.450001,42.883999,43.905998,43.905998,29578500,2016,2016-12,0.029014695533296386,38.96268004,42.91725009000001
2016-12-28,44.306,44.759998,43.439999,43.948002,43.948002,18912500,2016,2016-12,0.0009566802239640015,39.06580008,42.918650105
2016-12-29,43.712002,43.84,42.824001,42.936001,42.936001,20225000,2016,2016-12,-0.023027235686391534,39.1281201,42.9114001
2016-12-30,43.259998,43.5,42.335999,42.737999,42.737999,23213000,2016,2016-12,-0.004611561286296695,39.16864004,42.898710089999994
2017-01-03,42.972,44.066002,42.192001,43.397999,43.397999,29616500,2017,2017-01,0.015442931710490049,39.24020002,42.88296008499999
2017-01-04,42.950001,45.599998,42.862,45.397999,45.397999,56067500,2017,2017-01,0.04608507410675777,39.347799959999996,42.871630075000006
2017-01-05,45.284,45.495998,44.389999,45.349998,45.349998,29558500,2017,2017-01,-0.0010573373509259465,39.44375996,42.864140065
2017-01-06,45.386002,46.062,45.09,45.801998,45.801998,27639500,2017,2017-01,0.00996692436458324,39.55043994,42.87057006
2017-01-09,45.793999,46.383999,45.599998,46.256001,46.256001,19897500,2017,2017-01,0.009912296839102996,39.666599919999996,42.874100070000004
2017-01-10,46.400002,46.400002,45.377998,45.973999,45.973999,18300000,2017,2017-01,-0.006096549505003601,39.77003994,42.873710075
2017-01-11,45.813999,45.995998,45.335999,45.945999,45.945999,18254000,2017,2017-01,-0.0006090399053604312,39.88907994,42.873310065000005
2017-01-12,45.812,46.139999,45.116001,45.917999,45.917999,18951000,2017,2017-01,-0.0006094110610153081,40.0165199,42.87601006999999
2017-01-13,46.0,47.57,45.917999,47.549999,47.549999,30465000,2017,2017-01,0.03554161844029835,40.20435986,42.88399007
2017-01-17,47.34,47.992001,46.874001,47.116001,47.116001,23087500,2017,2017-01,-0.009127192620971503,40.39459988,42.88198006500001
2017-01-18,47.330002,47.942001,47.116001,47.672001,47.672001,18845000,2017,2017-01,0.011800661944972868,40.598359880000004,42.873350075
2017-01-19,49.450001,49.736,48.150002,48.751999,48.751999,38661500,2017,2017-01,0.022654765425097034,40.81115986,42.86164006
2017-01-20,49.091999,49.200001,48.602001,48.945999,48.945999,21021500,2017,2017-01,0.0039793240067962365,41.01723988,42.84095005499999
2017-01-23,49.169998,50.178001,49.099998,49.784,49.784,31314500,2017,2017-01,0.017120929537059792,41.233159900000004,42.83267006
2017-01-24,50.0,50.959999,49.93,50.922001,50.922001,24827500,2017,2017-01,0.02285876988590707,41.4913599,42.837210065
2017-01-25,51.462002,51.692001,50.360001,50.894001,50.894001,25713000,2017,2017-01,-0.000549860560271398,41.76783992,42.841760064999995
2017-01-26,50.858002,51.147999,50.150002,50.501999,50.501999,15760500,2017,2017-01,-0.007702322322821642,42.023639859999996,42.846450065
2017-01-27,50.276001,50.599998,49.703999,50.59,50.59,15831500,2017,2017-01,0.001742525083017199,42.30963984,42.844870074999996
2017-01-30,50.506001,51.057999,49.419998,50.125999,50.125999,19005500,2017,2017-01,-0.0091717928444357,42.57707977999999,42.84364006
2017-01-31,49.848,51.178001,49.540001,50.386002,50.386002,20580500,2017,2017-01,0.005186988891732636,42.84907984,42.84106007
2017-02-01,50.610001,50.639999,49.810001,49.848,49.848,19794000,2017,2017-02,-0.01067760843577148,43.09139988,42.836420065
2017-02-02,49.667999,50.484001,49.542,50.310001,50.310001,12499000,2017,2017-02,0.00926819531375389,43.357519860000004,42.84060007499999
2017-02-03,50.382,50.436001,49.936001,50.265999,50.265999,10933500,2017,2017-02,-0.0008746173549072367,43.624759860000005,42.841960075
2017-02-06,50.200001,51.563999,50.125999,51.554001,51.554001,17812500,2017,2017-02,0.02562372230978638,43.891159859999995,42.85144007499999
2017-02-07,51.638,52.0,51.284,51.495998,51.495998,21224000,2017,2017-02,-0.0011250921145771198,44.14851985999999,42.855170064999996
2017-02-08,51.470001,52.672001,51.240002,52.416,52.416,19665000,2017,2017-02,0.017865504810684385,44.41023982000001,42.865430075000006
2017-02-09,53.25,54.236,53.23,53.84,53.84,39101000,2017,2017-02,0.027167277167277293,44.70255983999999,42.88089007000001
2017-02-10,53.958,54.189999,53.222,53.846001,53.846001,18098500,2017,2017-02,0.00011145988112915006,45.02119984,42.89865008000001
2017-02-13,54.147999,56.158001,54.102001,56.119999,56.119999,35148000,2017,2017-02,0.04223151130573277,45.3859998,42.931540074999994
2017-02-14,55.806,57.478001,55.722,56.195999,56.195999,36726000,2017,2017-02,0.00135424093646197,45.7823998,42.97176007
2017-02-15,56.0,56.448002,55.287998,55.952,55.952,24739500,2017,2017-02,-0.004341928328385092,46.17555982,43.009720065
2017-02-16,55.52,56.0,53.700001,53.790001,53.790001,35386500,2017,2017-02,-0.03864024521018017,46.50415982,43.046350065
2017-02-17,53.16,54.577999,52.830002,54.445999,54.445999,31285500,2017,2017-02,0.012195537977402138,46.84967984,43.096020055
2017-02-21,55.09,56.279999,54.801998,55.478001,55.478001,28383500,2017,2017-02,0.018954597563725528,47.18663984,43.16188006
2017-02-22,56.062,56.689999,54.52,54.702,54.702,43775000,2017,2017-02,-0.013987544360151039,47.51151984,43.22046005999999
2017-02-23,52.799999,52.931999,51.112,51.198002,51.198002,74576000,2017,2017-02,-0.06405612226244006,47.76675986,43.26753007
2017-02-24,50.532001,51.650002,50.040001,51.400002,51.400002,40858000,2017,2017-02,0.00394546646566396,48.0250399,43.315840085
2017-02-27,49.633999,49.672001,48.402,49.245998,49.245998,57304000,2017,2017-02,-0.041906690976393324,48.21735984,43.353110075
2017-02-28,48.838001,50.200001,48.779999,49.998001,49.998001,30390500,2017,2017-02,0.015270337297256242,48.42255988,43.39582007499999
2017-03-01,50.835999,50.970001,49.821999,50.004002,50.004002,24047500,2017,2017-03,0.00012002479859130055,48.632319939999995,43.438230090000005
2017-03-02,49.942001,50.655998,49.653999,50.096001,50.096001,16759000,2017,2017-03,0.0018398327397874947,48.82427994,43.48042009000001
2017-03-03,50.147999,50.380001,49.799999,50.313999,50.313999,14597000,2017,2017-03,0.004351604831691169,49.0196399,43.52733009000001
2017-03-06,49.582001,50.34,49.501999,50.242001,50.242001,16777500,2017,2017-03,-0.0014309735149455882,49.18931994,43.56737009
2017-03-07,50.383999,50.778,49.664001,49.717999,49.717999,17297500,2017,2017-03,-0.01042956071753598,49.3528799,43.600750085
2017-03-08,49.400002,50.014,49.063999,49.374001,49.374001,18626000,2017,2017-03,-0.006918983203648255,49.506559939999995,43.62734009
2017-03-09,49.526001,49.731998,48.599998,48.98,48.98,19396500,2017,2017-03,-0.007979928545794879,49.63279996,43.656020094999995
2017-03-10,49.242001,49.299999,48.599998,48.737999,48.737999,15331500,2017,2017-03,-0.004940812576561759,49.729439979999995,43.681800085000006
2017-03-13,48.964001,49.369999,48.556,49.234001,49.234001,15113000,2017,2017-03,0.010176905293136862,49.83515996,43.708390089999995
2017-03-14,49.222,51.624001,49.203999,51.599998,51.599998,37992000,2017,2017-03,0.04805615940089858,50.00843989999999,43.74127009000001
2017-03-15,51.400002,52.200001,50.854,51.146,51.146,26654000,2017,2017-03,-0.00879841119373681,50.17659992,43.773960079999995
2017-03-16,52.48,53.150002,51.812,52.41,52.41,35661000,2017,2017-03,0.0247135650881789,50.35683994,43.812780079999996
2017-03-17,52.799999,53.066002,52.240002,52.299999,52.299999,32487500,2017,2017-03,-0.002098855180309056,50.494879940000004,43.85472008
2017-03-20,52.119999,52.91,51.764,52.383999,52.383999,18071500,2017,2017-03,0.0016061185775548825,50.63555996,43.897680075
2017-03-21,52.566002,52.959999,50.048,50.136002,50.136002,34543000,2017,2017-03,-0.04291381037938713,50.722240039999996,43.929370085
2017-03-22,50.312,51.014,50.102001,51.001999,51.001999,20296500,2017,2017-03,0.017272956866405176,50.81716,43.963700069999994
2017-03-23,51.077999,51.534,50.66,50.956001,50.956001,16601000,2017,2017-03,-0.0009018862182244014,50.91680004,43.98614008
2017-03-24,51.139999,52.778,51.001999,52.632,52.632,28236500,2017,2017-03,0.03289110148184493,51.05052006000001,44.01378008
2017-03-27,52.119999,54.113998,51.950001,54.043999,54.043999,31154000,2017,2017-03,0.0268277663778691,51.213040060000004,44.054640065
2017-03-28,55.403999,56.136002,55.0,55.490002,55.490002,39938000,2017,2017-03,0.026756032617053283,51.37184012000001,44.11330008
2017-03-29,55.667999,55.919998,55.108002,55.476002,55.476002,18381000,2017,2017-03,-0.00025229770220580594,51.53904014,44.172810085
2017-03-30,55.608002,56.400002,55.442001,55.584,55.584,20742000,2017,2017-03,0.0019467516783202576,51.697280119999995,44.235770079999995
2017-03-31,55.745998,55.936001,55.264,55.66,55.66,16473000,2017,2017-03,0.0013672999424294563,51.83544014,44.296370075
2017-04-03,57.380001,59.799999,56.916,59.703999,59.703999,69443000,2017,2017-04,0.07265538986705011,52.05060014,44.37696007500001
2017-04-04,59.377998,60.962002,58.905998,60.740002,60.740002,50673000,2017,2017-04,0.017352321743138166,52.26972018000001,44.46519007499999
2017-04-05,60.408001,60.976002,58.84,59.0,59.0,39404500,2017,2017-04,-0.028646722797276092,52.43128016,44.54049008
2017-04-06,59.375999,60.388,58.82,59.740002,59.740002,27603000,2017,2017-04,0.012542406779660897,52.608200180000004,44.619580084999996
2017-04-07,59.5,60.537998,59.43,60.507999,60.507999,22898000,2017,2017-04,0.012855657420299371,52.80832018,44.725460075
2017-04-10,61.830002,62.745998,61.742001,62.478001,62.478001,38322500,2017,2017-04,0.032557711915080834,53.0460802,44.841450085000005
2017-04-11,62.675999,62.694,61.099998,61.742001,61.742001,28623000,2017,2017-04,-0.01178014642305858,53.27840024,44.957010085
2017-04-12,61.268002,61.689999,59.264,59.368,59.368,30253500,2017,2017-04,-0.03845034112192125,53.4580402,45.05530009
2017-04-13,59.34,61.478001,59.060001,60.799999,60.799999,46423000,2017,2017-04,0.024120721600862316,53.67708017999999,45.157510075
2017-04-17,60.540001,60.799999,59.736,60.287998,60.287998,20693500,2017,2017-04,-0.008421069217451782,53.876640120000005,45.248760075
2017-04-18,59.939999,60.167999,59.580002,60.049999,60.049999,15178500,2017,2017-04,-0.0039477011659933,54.07232011999999,45.336730065000005
2017-04-19,60.492001,61.324001,60.422001,61.104,61.104,19490000,2017,2017-04,0.017552056911774416,54.2633201,45.42575007000001
2017-04-20,61.301998,61.830002,60.046001,60.501999,60.501999,30747000,2017,2017-04,-0.009852071877454849,54.443440120000005,45.514280060000004
2017-04-21,60.400002,61.279999,60.084,61.119999,61.119999,22549000,2017,2017-04,0.010214538531198025,54.6175201,45.605440055
2017-04-24,61.844002,62.110001,61.203999,61.605999,61.605999,25417500,2017,2017-04,0.007951570810725839,54.77284008000001,45.69753005
2017-04-25,61.599998,62.796001,61.172001,62.757999,62.757999,33688500,2017,2017-04,0.018699477627170724,54.951080039999994,45.794540049999995
2017-04-26,62.473999,62.900002,61.799999,62.034,62.034,23475000,2017,2017-04,-0.01153636208190767,55.06936006,45.879930044999995
2017-04-27,62.338001,62.618,61.5,61.726002,61.726002,17343000,2017,2017-04,-0.004964986942644356,55.17996012,45.96391005500001
2017-04-28,61.966,62.959999,61.599998,62.813999,62.813999,22527500,2017,2017-04,0.017626234726817458,55.3172001,46.055450045
2017-05-01,62.976002,65.449997,62.962002,64.566002,64.566002,44148000,2017,2017-05,0.027891919442988966,55.53272012,46.156750055
2017-05-02,64.800003,65.531998,63.312,63.778,63.778,26914000,2017,2017-05,-0.012204596468587292,55.71936014,46.255240045
2017-05-03,63.534,64.306,62.09,62.203999,62.203999,35667000,2017,2017-05,-0.024679372197309313,55.853880100000005,46.340010039999996
2017-05-04,61.487999,61.554001,58.152,59.091999,59.091999,70760000,2017,2017-05,-0.05002893785012119,55.94168008,46.41021004499999
2017-05-05,59.599998,61.709999,59.360001,61.669998,61.669998,40886500,2017,2017-05,0.04362687070376481,56.15112,46.49020003
2017-05-08,62.18,62.757999,61.164001,61.438,61.438,35032500,2017,2017-05,-0.0037619265043594696,56.35187996,46.576890039999995
2017-05-09,61.875999,64.398003,61.82,64.251999,64.251999,48382500,2017,2017-05,0.045802255932810176,56.65199998,46.675880039999996
2017-05-10,64.311996,65.099998,63.624001,65.043999,65.043999,28708000,2017,2017-05,0.012326464737696385,56.95291994,46.77109004
2017-05-11,64.68,65.199997,63.919998,64.620003,64.620003,23769000,2017,2017-05,-0.006518602892174652,57.24523996,46.864680055
2017-05-12,65.096001,65.400002,64.306,64.961998,64.961998,20608000,2017,2017-05,0.005292401487508425,57.54255990000001,46.961000035
2017-05-15,63.675999,64.040001,62.506001,63.175999,63.175999,38110000,2017,2017-05,-0.027492981358116397,57.7997999,47.04627002
2017-05-16,63.518002,64.012001,63.028,63.402,63.402,20762500,2017,2017-05,0.00357732372384012,58.06299988000001,47.12849002
2017-05-17,62.877998,62.925999,61.099998,61.222,61.222,33559500,2017,2017-05,-0.03438377338254317,58.2930799,47.204590024999995
2017-05-18,61.400002,62.787998,61.062,62.612,62.612,28269000,2017,2017-05,0.022704256639769937,58.55783988,47.290450029999995
2017-05-19,63.099998,63.299999,62.040001,62.166,62.166,23438000,2017,2017-05,-0.007123235162588726,58.82155988,47.375490025
2017-05-22,62.560001,62.874001,61.360001,62.07,62.07,21646000,2017,2017-05,-0.0015442524852813388,59.0881999,47.455230015
2017-05-23,62.091999,62.146,60.695999,60.771999,60.771999,21592000,2017,2017-05,-0.02091188980183667,59.31895985999999,47.529060005
2017-05-24,61.301998,62.200001,61.080002,62.043999,62.043999,25166500,2017,2017-05,0.02093069211035825,59.52783988,47.61312001
2017-05-25,62.203999,63.394001,61.562,63.366001,63.366001,25070000,2017,2017-05,0.021307491801100698,59.772239899999995,47.700870005000006
2017-05-26,63.456001,65.098,63.262001,65.028,65.028,39011000,2017,2017-05,0.026228560644059096,60.024599900000005,47.80036
2017-05-30,65.199997,67.255997,65.152,67.019997,67.019997,38914500,2017,2017-05,0.030632911976379296,60.31899985999999,47.910549995000004
2017-05-31,67.538002,68.578003,67.031998,68.202003,68.202003,49817000,2017,2017-05,0.017636616725005272,60.63535994,48.02595
2017-06-01,68.800003,68.975998,67.458,68.073997,68.073997,38040000,2017,2017-06,-0.0018768656985044263,60.99411984,48.140729985
2017-06-02,67.954002,68.575996,67.185997,67.970001,67.970001,27951000,2017,2017-06,-0.0015276905218303272,61.33347988,48.256969989999995
2017-06-05,67.699997,69.688004,66.842003,69.463997,69.463997,33922000,2017,2017-06,0.02198022624716467,61.7036398,48.38104998000001
2017-06-06,68.940002,71.898003,67.994003,70.57,70.57,55434000,2017,2017-06,0.015921960263818313,62.062399799999994,48.51038998
2017-06-07,71.267998,72.099998,71.028,71.93,71.93,46990000,2017,2017-06,0.019271645175003682,62.42011982,48.64503998
2017-06-08,72.75,74.379997,72.043999,74.0,74.0,45307500,2017,2017-06,0.02877797859029596,62.79031978,48.792109985
2017-06-09,74.884003,75.374001,70.959999,71.463997,71.463997,86307000,2017,2017-06,-0.03427031081081078,63.11007968,48.924589974999996
2017-06-12,71.598,72.900002,70.124001,71.802002,71.802002,52588500,2017,2017-06,0.004729724255417622,63.43443972,49.060979995
2017-06-13,73.524002,75.199997,73.321999,75.190002,75.190002,59039500,2017,2017-06,0.047185313857961875,63.82503976,49.21597
2017-06-14,76.218002,76.849998,75.262001,76.132004,76.132004,64092000,2017,2017-06,0.012528288002971344,64.15359986,49.376640015
2017-06-15,74.5,75.092003,73.297997,75.068001,75.068001,52132500,2017,2017-06,-0.013975765040941224,64.44015983999999,49.536780015
2017-06-16,75.596001,75.601997,74.019997,74.279999,74.279999,33655000,2017,2017-06,-0.010497175754020538,64.74575982,49.69684
2017-06-19,75.0,75.339996,73.559998,73.959999,73.959999,32746500,2017,2017-06,-0.004308023752127466,65.03015976,49.854629995
2017-06-20,75.334,75.776001,73.945999,74.447998,74.447998,37193500,2017,2017-06,0.006598147736589288,65.30895974,50.026099990000006
2017-06-21,74.870003,75.398003,73.603996,75.279999,75.279999,24616000,2017,2017-06,0.011175599376090695,65.5649997,50.204719985000004
2017-06-22,75.598,77.0,74.713997,76.522003,76.522003,37649000,2017,2017-06,0.016498459305239743,65.86059974,50.38449999
2017-06-23,76.489998,77.398003,75.870003,76.690002,76.690002,32229000,2017,2017-06,0.0021954339067680184,66.20703978,50.566240005
2017-06-26,77.337997,77.389999,74.620003,75.498001,75.498001,33020500,2017,2017-06,-0.01554310821376692,66.50099982,50.74637001
2017-06-27,75.279999,75.279999,72.403999,72.473999,72.473999,34982000,2017,2017-06,-0.04005406712688986,66.74471984,50.914269999999995
2017-06-28,73.335999,74.348,72.503998,74.248001,74.248001,31512500,2017,2017-06,0.02447777167643239,67.02867988,51.087210004999996
2017-06-29,74.122002,74.199997,70.82,72.150002,72.150002,41105000,2017,2017-06,-0.028256639528921434,67.24959992,51.251910020000004
2017-06-30,72.741997,73.353996,71.924004,72.321999,72.321999,29242500,2017,2017-06,0.002383880737799604,67.48599992,51.417110009999995
2017-07-03,74.047997,74.269997,70.300003,70.524002,70.524002,31527000,2017,2017-07,-0.02486099699760802,67.67407998,51.56931002
2017-07-05,69.440002,69.447998,65.265999,65.417999,65.417999,85233500,2017,2017-07,-0.072400925290655,67.75031998,51.691000005
2017-07-06,63.452,64.157997,61.259998,61.765999,61.765999,96622500,2017,2017-07,-0.05582561459882007,67.73047998,51.79348999
2017-07-07,62.700001,63.400002,61.476002,62.644001,62.644001,70884500,2017,2017-07,0.014214972868811016,67.74268000000001,51.90206999
2017-07-10,62.580002,63.588001,60.625999,63.209999,63.209999,69104500,2017,2017-07,0.009035150867838126,67.77235994,52.012899989999994
2017-07-11,63.200001,65.456001,62.860001,65.444,65.444,57797000,2017,2017-07,0.035342525476072195,67.82495996,52.133689995
2017-07-12,66.080002,66.620003,64.900002,65.903999,65.903999,51730500,2017,2017-07,0.007028894933072571,67.85171989999999,52.25575997999999
2017-07-13,66.022003,66.32,63.993999,64.681999,64.681999,42972500,2017,2017-07,-0.0185421221555917,67.86979988,52.370179975
2017-07-14,64.638,65.683998,64.244003,65.556,65.556,28126000,2017,2017-07,0.01351227564874713,67.9368399,52.49214998
2017-07-17,65.108002,65.419998,62.689999,63.914001,63.914001,49384500,2017,2017-07,-0.02504727256086392,68.03327994,52.605449975
2017-07-18,63.5,65.825996,63.132,65.648003,65.648003,31868500,2017,2017-07,0.02713023708216933,68.11284004,52.732989995
2017-07-19,65.646004,66.330002,64.643997,65.052002,65.052002,31785000,2017,2017-07,-0.009078737703567374,68.18512008,52.854220004999995
2017-07-20,65.379997,66.043999,64.839996,65.984001,65.984001,25831000,2017,2017-07,0.014326984125715425,68.21976012,52.97044000000001
2017-07-21,65.891998,66.251999,65.160004,65.68,65.68,24508000,2017,2017-07,-0.0046071925829413996,68.23248014,53.087429994999994
2017-07-24,66.047997,68.68,66.001999,68.503998,68.503998,43185500,2017,2017-07,0.042996315468940116,68.31016004,53.221489979999994
2017-07-25,69.0,69.120003,66.830002,67.919998,67.919998,34946000,2017,2017-07,-0.008525049881030089,68.36932004,53.36008996500001
2017-07-26,68.071999,69.099998,67.624001,68.769997,68.769997,24104000,2017,2017-07,0.01251470884907846,68.4812,53.507329954999996
2017-07-27,69.199997,69.5,65.258003,66.891998,66.891998,41512000,2017,2017-07,-0.027308406018979547,68.55099996,53.64083995
2017-07-28,67.377998,67.919998,66.501999,67.014,67.014,24402000,2017,2017-07,0.0018238653896986978,68.66683996,53.77580995
2017-07-31,67.099998,68.297997,64.208,64.694,64.694,42675500,2017,2017-07,-0.03461963171874527,68.70847996,53.89776996
2017-08-01,64.599998,64.889999,63.226002,63.914001,63.914001,41515500,2017,2017-08,-0.012056744056635926,68.74343997999999,54.01709996500001
2017-08-02,63.787998,65.424004,62.243999,65.178001,65.178001,65457500,2017,2017-08,0.019776574462925467,68.8056,54.14647998
2017-08-03,69.066002,70.0,68.629997,69.417999,69.417999,67675000,2017,2017-08,0.06505259343562875,68.97852,54.299609975
2017-08-04,69.400002,71.454002,68.660004,71.382004,71.382004,46344500,2017,2017-08,0.028292446170913088,69.1652801,54.457419995
2017-08-07,71.470001,71.896004,70.550003,71.033997,71.033997,31622500,2017,2017-08,-0.004875276407201978,69.31864002,54.60902997
2017-08-08,71.505997,73.716003,71.480003,73.043999,73.043999,37249000,2017,2017-08,0.028296338160444412,69.47896,54.775149965
2017-08-09,72.199997,74.0,71.790001,72.706001,72.706001,34460500,2017,2017-08,-0.004627320582488936,69.59268008,54.93858996
2017-08-10,72.32,73.330002,70.931999,71.080002,71.080002,35464500,2017,2017-08,-0.022364027420515242,69.65024006,55.09122998
2017-08-11,71.393997,72.251999,70.723999,71.573997,71.573997,21829000,2017,2017-08,0.006949845049244896,69.72024006,55.24675997
2017-08-14,72.926003,73.531998,72.519997,72.760002,72.760002,22596000,2017,2017-08,0.016570333496954026,69.81604008000001,55.40831997
2017-08-15,73.040001,73.098,71.874001,72.466003,72.466003,15425500,2017,2017-08,-0.004040667838354328,69.87608019999999,55.566639995
2017-08-16,72.599998,73.300003,72.503998,72.582001,72.582001,17069000,2017,2017-08,0.001600723031460749,69.91632022,55.729580004999995
2017-08-17,72.241997,72.660004,70.318001,70.384003,70.384003,25138500,2017,2017-08,-0.030282962300805072,69.88540028,55.883770015
2017-08-18,70.582001,70.800003,69.160004,69.491997,69.491997,27041000,2017,2017-08,-0.012673419555293108,69.79524022,56.040439995
2017-08-21,69.164001,69.164001,66.370003,67.571999,67.571999,32477000,2017,2017-08,-0.027629052018752542,69.71740026,56.19027999
2017-08-22,68.225998,68.447998,67.473999,68.269997,68.269997,21610000,2017,2017-08,0.010329692925023615,69.64676016,56.34420997
2017-08-23,67.797997,70.697998,67.660004,70.554001,70.554001,24772500,2017,2017-08,0.03345545774668768,69.55404014,56.50641997500001
2017-08-24,70.503998,71.332001,69.947998,70.585999,70.585999,22923500,2017,2017-08,0.0004535249531774088,69.44312004,56.66613998
2017-08-25,70.848,71.138,69.459999,69.610001,69.610001,17420000,2017,2017-08,-0.01382707638663594,69.33396004000001,56.81924999000001
2017-08-28,69.456001,69.470001,67.944,69.132004,69.132004,18820000,2017,2017-08,-0.006866786282620496,69.23100013999999,56.974850005
2017-08-29,67.896004,69.809998,67.75,69.472,69.472,20368500,2017,2017-08,0.004918069494991073,69.14124016000001,57.136860004999996
2017-08-30,69.933998,70.694,69.400002,70.636002,70.636002,17064500,2017,2017-08,0.016754980423768107,69.06500024,57.301480005
2017-08-31,70.709999,71.688004,70.564003,71.18,71.18,20364000,2017,2017-08,0.0077014268163138055,68.98300026000001,57.47593
2017-09-01,71.223999,71.517998,70.737999,71.080002,71.080002,15247500,2017,2017-09,-0.0014048609159877934,68.87416024,57.647560000000006
2017-09-05,70.760002,71.098,69.178001,69.917999,69.917999,19175500,2017,2017-09,-0.01634781889848569,68.73872018,57.813219999999994
2017-09-06,69.900002,70.195999,68.311996,68.905998,68.905998,20457000,2017,2017-09,-0.014474112738838474,68.60688012,57.969089999999994
2017-09-07,69.195999,70.496002,68.690002,70.122002,70.122002,21196000,2017,2017-09,0.017647288121420024,68.55984018,58.134679999999996
2017-09-08,69.797997,69.956001,68.459999,68.68,68.68,16317500,2017,2017-09,-0.020564187542734258,68.44848016,58.293560004999996
2017-09-11,70.269997,72.741997,70.0,72.737999,72.737999,38335500,2017,2017-09,0.05908559988351758,68.46024010000001,58.466079995
2017-09-12,72.898003,73.751999,72.080002,72.550003,72.550003,29864500,2017,2017-09,-0.0025845638123753734,68.46480018,58.63569002
2017-09-13,72.764,73.613998,71.917999,73.246002,73.246002,20926000,2017,2017-09,0.009593369692900033,68.51924018,58.80527002000001
2017-09-14,72.865997,75.592003,72.526001,75.528,75.528,36012500,2017,2017-09,0.031155256774287876,68.7214402,58.986790025
2017-09-15,74.902,76.0,74.540001,75.961998,75.961998,27102500,2017,2017-09,0.00574618684461381,69.00536018,59.177030009999996
2017-09-18,76.050003,77.921997,75.536003,77.0,77.0,35940000,2017,2017-09,0.013664753789125017,69.29248016,59.372630005
2017-09-19,76.0,76.477997,74.713997,75.019997,75.019997,32259500,2017,2017-09,-0.02571432467532464,69.52868012,59.565849995
2017-09-20,74.599998,75.650002,74.213997,74.781998,74.781998,24595500,2017,2017-09,-0.003172474133796621,69.71544008000001,59.758289989999994
2017-09-21,74.980003,75.365997,72.902,73.295998,73.295998,23091000,2017,2017-09,-0.019871092505445054,69.86328006000001,59.937969974999994
2017-09-22,73.297997,73.980003,70.176003,70.218002,70.218002,40797000,2017,2017-09,-0.041994052663011705,69.97400012,60.10320999500001
2017-09-25,70.629997,71.494003,68.575996,68.998001,68.998001,38029500,2017,2017-09,-0.017374476135051498,70.04284014000001,60.255049995
2017-09-26,70.185997,70.248001,68.18,69.050003,69.050003,35781500,2017,2017-09,0.0007536740086135918,70.14556018,60.408010010000005
2017-09-27,69.980003,70.297997,68.099998,68.194,68.194,30301500,2017,2017-09,-0.012396856811143109,70.19648011999999,60.55680000500001
2017-09-28,67.975998,68.550003,67.080002,67.919998,67.919998,26598000,2017,2017-09,-0.004017978121242272,70.25384004,60.703969994999994
2017-09-29,68.372002,68.935997,67.720001,68.220001,68.220001,25535500,2017,2017-09,0.0044170054304182305,70.29856004,60.846919995
2017-10-02,68.503998,68.739998,67.101997,68.306,68.306,26434000,2017,2017-10,0.0012606127050629468,70.35108004,60.98976
2017-10-03,67.18,69.709999,66.255997,69.627998,69.627998,50768000,2017,2017-10,0.019354053816648786,70.37356004,61.140319995
2017-10-04,70.25,71.723999,69.919998,71.001999,71.001999,40817500,2017,2017-10,0.019733455498749164,70.43520006,61.292839985
2017-10-05,71.199997,71.487999,70.269997,71.066002,71.066002,20858500,2017,2017-10,0.0009014253246588666,70.48112016,61.44543999
2017-10-06,70.620003,72.019997,70.449997,71.375999,71.375999,21487500,2017,2017-10,0.004362099896938032,70.57080017999999,61.59352999
2017-10-09,69.93,70.349998,68.533997,68.587997,68.587997,37468500,2017,2017-10,-0.039060777278928094,70.60228011999999,61.72876997
2017-10-10,69.360001,71.125999,69.106003,71.117996,71.117996,34892500,2017,2017-10,0.03688690602817868,70.73076003999999,61.875909955000004
2017-10-11,70.778,71.519997,70.230003,70.919998,70.919998,22504000,2017,2017-10,-0.0027840773241135652,70.87087998,62.017169949999996
2017-10-12,70.589996,71.956001,70.528,71.136002,71.136002,20435000,2017,2017-10,0.0030457417666593933,70.99004,62.15331996999999
2017-10-13,71.396004,71.697998,70.736,71.113998,71.113998,17702500,2017,2017-10,-0.0003093229782580309,71.02395998,62.28914995
2017-10-16,70.751999,70.896004,69.431999,70.120003,70.120003,26877500,2017,2017-10,-0.013977487245197429,70.99871996,62.42506996
2017-10-17,70.181999,71.244003,70.014,71.150002,71.150002,16466500,2017,2017-10,0.01468908950274872,71.00104006000001,62.56712997500001
2017-10-18,71.194,72.599998,70.825996,71.93,71.93,24695500,2017,2017-10,0.010962726325713934,70.97876008,62.709789980000004
2017-10-19,71.112,71.43,69.639999,70.362,70.362,25309000,2017,2017-10,-0.021798971222021568,70.93188006,62.834609985
2017-10-20,70.538002,70.910004,68.867996,69.019997,69.019997,24652000,2017,2017-10,-0.01907283761121048,70.89067996,62.952959979999996
2017-10-23,69.975998,69.989998,67.25,67.403999,67.403999,28736500,2017,2017-10,-0.023413475372941583,70.80728,63.060969985
2017-10-24,67.760002,68.559998,67.232002,67.468002,67.468002,22458500,2017,2017-10,0.000949543067912062,70.70144,63.16702998999999
2017-10-25,67.339996,67.5,64.711998,65.167999,65.167999,42970500,2017,2017-10,-0.03409027882580551,70.55547992,63.26299999
2017-10-26,65.556,66.045998,64.639999,65.234001,65.234001,25117500,2017,2017-10,0.0010127977076603845,70.40851992,63.35943999999999
2017-10-27,63.950001,64.917999,63.332001,64.174004,64.174004,34898500,2017,2017-10,-0.01624914896757612,70.28431994,63.450720025
2017-10-30,63.835999,64.755997,63.450001,64.015999,64.015999,21272000,2017,2017-10,-0.00246213404418405,70.17479998,63.533050025
2017-10-31,64.045998,66.389999,64.036003,66.306,66.306,28361500,2017,2017-10,0.0357723231031668,70.14948,63.62900001999999
2017-11-01,66.449997,66.522003,64.052002,64.216003,64.216003,42286500,2017,2017-11,-0.03152048080113412,70.06840011999999,63.71172003000001
2017-11-02,60.026001,61.737999,58.526001,59.852001,59.852001,98957000,2017,2017-11,-0.06795816924326481,69.85436012,63.767220040000005
2017-11-03,59.900002,61.25,59.026001,61.217999,61.217999,44470000,2017,2017-11,0.022822929512415158,69.66700012,63.828580040000006
2017-11-06,61.400002,61.5,59.801998,60.556,60.556,32430000,2017,2017-11,-0.010813796772416562,69.4859201,63.88244003999999
2017-11-07,60.203999,61.299999,60.006001,61.209999,61.209999,26471500,2017,2017-11,0.010799904220886614,69.32748,63.93388003
2017-11-08,61.099998,61.377998,60.259998,60.877998,60.877998,23626500,2017,2017-11,-0.005423966760724874,69.15559996,63.983800015
2017-11-09,60.5,60.891998,59.259998,60.598,60.598,27235500,2017,2017-11,-0.004599329958255183,68.95483992,64.03428002
2017-11-10,60.5,61.672001,60.369999,60.598,60.598,23127000,2017,2017-11,0.0,68.74319992,64.08432001999999
2017-11-13,60.026001,63.360001,59.821999,63.080002,63.080002,37924500,2017,2017-11,0.040958480477903514,68.58319992000001,64.149090035
2017-11-14,63.0,63.27,61.380001,61.740002,61.740002,28380500,2017,2017-11,-0.021242865528127375,68.41963998,64.205860035
2017-11-15,61.202,62.498001,60.299999,62.259998,62.259998,29893500,2017,2017-11,0.008422351525029237,68.28671998,64.26792002500001
2017-11-16,62.798,63.627998,62.259998,62.5,62.5,29110500,2017,2017-11,0.0038548346885587392,68.13427994,64.32887002000001
2017-11-17,65.134003,65.334,62.630001,63.009998,63.009998,68675500,2017,2017-11,0.008159967999999962,68.02087990000001,64.392590015
2017-11-20,62.757999,63.099998,60.950001,61.748001,61.748001,41238500,2017,2017-11,-0.02002851991837873,67.80107994,64.443560015
2017-11-21,62.172001,63.646,61.742001,63.562,63.562,36306500,2017,2017-11,0.02937745304499817,67.62131988,64.503890025
2017-11-22,63.354,63.484001,62.368,62.52,62.52,24588000,2017,2017-11,-0.016393442622950727,67.40679984,64.554410025
2017-11-24,62.757999,63.282001,62.200001,63.110001,63.110001,16220500,2017,2017-11,0.009436996161228395,67.15843986,64.60076003
2017-11-27,62.650002,63.467999,61.902,63.362,63.362,22779500,2017,2017-11,0.003993012137648355,66.90643990000001,64.648340025
2017-11-28,63.271999,64.0,62.784,63.509998,63.509998,24747500,2017,2017-11,0.0023357532906158607,66.63663986,64.68529002
2017-11-29,63.459999,63.599998,60.245998,61.507999,61.507999,43837000,2017,2017-11,-0.03152258011407916,66.36639989999999,64.71185002
2017-11-30,61.712002,62.139999,60.908001,61.77,61.77,21758000,2017,2017-11,0.0042596248335116105,66.10615994,64.74094002
2017-12-01,61.088001,62.063999,61.009998,61.306,61.306,21464500,2017,2017-12,-0.007511737089201942,65.86635998,64.778520015
2017-12-04,61.299999,61.653999,60.122002,61.040001,61.040001,29175500,2017,2017-12,-0.004338873845953106,65.68279996,64.811490025
2017-12-05,60.400002,61.599998,60.200001,60.740002,60.740002,23232500,2017,2017-12,-0.004914793497464043,65.51763998,64.83780003
2017-12-06,60.02,62.678001,60.0,62.652,62.652,35976500,2017,2017-12,0.03147839870008573,65.38967991999999,64.87755003000001
2017-12-07,62.400002,63.726002,62.209999,62.248001,62.248001,23903000,2017,2017-12,-0.006448301730192174,65.27075994,64.93280002499999
2017-12-08,62.919998,63.396,62.251999,63.026001,63.026001,17342500,2017,2017-12,0.012498393321899615,65.17288,64.99093002
2017-12-11,62.925999,65.802002,62.75,65.781998,65.781998,39690000,2017,2017-12,0.043727936982706606,65.12411994,65.07361002
2017-12-12,66.089996,68.288002,66.005997,68.206001,68.206001,43666000,2017,2017-12,0.036849032770333245,65.12211996,65.16465002000001
2017-12-13,68.185997,68.844002,67.300003,67.806,67.806,31107500,2017,2017-12,-0.005864601268735892,65.08568,65.25366000999999
2017-12-14,68.202003,69.487999,67.379997,67.578003,67.578003,28999500,2017,2017-12,-0.0033624900451287854,65.01720008000001,65.34107002
2017-12-15,68.407997,68.779999,67.152,68.690002,68.690002,34666000,2017,2017-12,0.016455043810631897,64.96968008,65.43295003499999
2017-12-18,68.980003,69.346001,67.515999,67.774002,67.774002,27381000,2017,2017-12,-0.013335274033039246,64.89764014000001,65.52061004000001
2017-12-19,68.052002,68.297997,66.059998,66.220001,66.220001,34125000,2017,2017-12,-0.02292916094876618,64.85028022,65.60312005
2017-12-20,66.538002,66.620003,65.008003,65.795998,65.795998,29769000,2017,2017-12,-0.006402944632996843,64.74384026,65.685230035
2017-12-21,65.917999,66.748001,65.442001,66.332001,66.332001,21926000,2017,2017-12,0.008146437721029853,64.65208032000001,65.77199004
2017-12-22,65.902,66.183998,64.963997,65.040001,65.040001,21079000,2017,2017-12,-0.01947777815416729,64.53016029999999,65.85350005000001
2017-12-26,64.765999,64.788002,63.316002,63.458,63.458,21892000,2017,2017-12,-0.024323508236108515,64.37704034000001,65.924620045
2017-12-27,63.200001,63.535999,62.150002,62.327999,62.327999,23560500,2017,2017-12,-0.017807069242648632,64.22120026,65.97826005
2017-12-28,62.349998,63.164001,61.908001,63.071999,63.071999,21581500,2017,2017-12,0.011936850403299504,64.05964019999999,66.037890045
2017-12-29,63.236,63.282001,62.0,62.27,62.27,18886000,2017,2017-12,-0.012715610932198196,63.8664402,66.087190045
2018-01-02,62.400002,64.421997,62.200001,64.106003,64.106003,21761000,2018,2018-01,0.029484551148225346,63.74132026,66.146220065
2018-01-03,64.199997,65.050003,63.110001,63.450001,63.450001,22607500,2018,2018-01,-0.010233082227884327,63.62992034,66.201550075
2018-01-04,62.574001,63.709999,61.136002,62.924,62.924,49731500,2018,2018-01,-0.008290007749566453,63.540320359999996,66.265490065
2018-01-05,63.324001,63.448002,62.400002,63.316002,63.316002,22956000,2018,2018-01,0.006229769245438943,63.45728036,66.32706008
2018-01-08,63.200001,67.403999,63.099998,67.281998,67.281998,49297000,2018,2018-01,0.06263813056294998,63.49956034000001,66.408690065
2018-01-09,67.031998,67.760002,65.480003,66.737999,66.737999,35733000,2018,2018-01,-0.008085357393815773,63.529640300000004,66.47922006
2018-01-10,66.440002,67.400002,66.0,66.959999,66.959999,21549500,2018,2018-01,0.003326440758285143,63.5853602,66.54380006
2018-01-11,67.047997,68.961998,66.652,67.589996,67.589996,33227500,2018,2018-01,0.009408557488180369,63.65684014000001,66.60430003
2018-01-12,67.725998,68.082001,66.734001,67.244003,67.244003,24125500,2018,2018-01,-0.005118997195975417,63.6756002,66.663140035
2018-01-16,67.508003,69.0,66.959999,68.012001,68.012001,32371500,2018,2018-01,0.01142106307978108,63.75152016,66.72528004
2018-01-17,68.094002,69.800003,67.949997,69.431999,69.431999,35517500,2018,2018-01,0.020878638756710144,63.94312012,66.794140035
2018-01-18,69.134003,70.459999,68.748001,68.914001,68.914001,28429000,2018,2018-01,-0.0074605082305062576,64.09704015999999,66.840190045
2018-01-19,69.0,70.117996,68.519997,70.003998,70.003998,24441500,2018,2018-01,0.015816771398891705,64.28600012,66.886510025
2018-01-22,69.879997,71.566002,69.839996,70.311996,70.311996,31052000,2018,2018-01,0.0043997201416980936,64.46804005999999,66.94307000500001
2018-01-23,72.0,72.099998,70.199997,70.557999,70.557999,27327000,2018,2018-01,0.0034987344122616726,64.66164008,66.99715999
2018-01-24,70.916,70.949997,68.704002,69.178001,69.178001,26437500,2018,2018-01,-0.019558349436752054,64.8332401,67.04051
2018-01-25,69.653999,69.839996,67.279999,67.528,67.528,33701500,2018,2018-01,-0.023851527597624433,64.9718401,67.065759995
2018-01-26,68.300003,68.800003,67.141998,68.57,68.57,22697000,2018,2018-01,0.015430636180547186,65.08164005999998,67.09989999
2018-01-29,67.970001,70.169998,67.655998,69.905998,69.905998,23735500,2018,2018-01,0.019483710077293326,65.24495998,67.15258998
2018-01-30,69.028,69.653999,68.433998,69.164001,69.164001,23588500,2018,2018-01,-0.01061421081492886,65.38304004,67.19440999
2018-01-31,69.501999,71.237999,69.038002,70.862,70.862,31070500,2018,2018-01,0.024550329296305407,65.55028004,67.24728
2018-02-01,70.199997,71.931999,69.725998,69.849998,69.849998,20988500,2018,2018-02,-0.014281307329739423,65.68708004,67.29627999499999
2018-02-02,69.688004,70.389999,68.101997,68.75,68.75,18524000,2018,2018-02,-0.015748003314187575,65.82712002,67.334509995
2018-02-05,67.594002,68.893997,66.599998,66.625999,66.625999,22320500,2018,2018-02,-0.030894560000000126,65.8884,67.365129995
2018-02-06,65.042,67.244003,64.699997,66.793999,66.793999,25442000,2018,2018-02,0.0025215381761105604,65.97387998,67.393499995
2018-02-07,67.797997,69.199997,67.132004,69.0,69.0,34846000,2018,2018-02,0.03302693405136581,66.09167996000001,67.43047
2018-02-08,68.662003,69.723999,62.919998,63.046001,63.046001,51573000,2018,2018-02,-0.08628984057971023,66.08535997999999,67.43191001
2018-02-09,63.986,64.195999,58.952,62.084,62.084,64668500,2018,2018-02,-0.01525871561623704,66.05684002,67.43216001
2018-02-12,63.226002,63.616001,61.25,63.146,63.146,31139000,2018,2018-02,0.01710585658140573,66.08960004,67.43925999999999
2018-02-13,63.004002,64.837997,62.501999,64.732002,64.732002,22801000,2018,2018-02,0.02511642859405172,66.14884008,67.448850015
2018-02-14,64.167999,65.234001,63.703999,64.461998,64.461998,19753500,2018,2018-02,-0.004171105352187343,66.21196004,67.44832999500001
2018-02-15,64.900002,66.823997,64.480003,66.814003,66.814003,29564500,2018,2018-02,0.036486690964806945,66.32744008,67.46351001
2018-02-16,66.5,68.624001,66.328003,67.098,67.098,28213000,2018,2018-02,0.00425056106876287,66.45460004,67.487980015
2018-02-20,66.893997,68.167999,66.300003,66.954002,66.954002,20047000,2018,2018-02,-0.002146084831142425,66.54064008,67.52729003
2018-02-21,67.206001,67.938004,66.634003,66.660004,66.660004,16098000,2018,2018-02,-0.004391044466617533,66.62888014,67.55224006
2018-02-22,67.106003,69.487999,66.949997,69.234001,69.234001,34849000,2018,2018-02,0.038613814064577756,66.75304014,67.591220065
2018-02-23,69.566002,70.998001,69.419998,70.410004,70.410004,29087000,2018,2018-02,0.016985917078517376,66.84560026,67.62201009
2018-02-26,70.699997,71.800003,70.472,71.484001,71.484001,21700000,2018,2018-02,0.015253471651556882,66.91116026,67.6542101
2018-02-27,71.25,71.998001,70.001999,70.197998,70.197998,23987000,2018,2018-02,-0.017990081444937744,66.95900022,67.682100075
2018-02-28,70.514,71.047997,68.444,68.612,68.612,30348500,2018,2018-02,-0.022593208427397093,66.97968016,67.700350085
2018-03-01,69.001999,69.734001,66.014,66.185997,66.185997,34428000,2018,2018-03,-0.035358290095027,66.92960006,67.71540007499999
2018-03-02,65.396004,67.043999,64.594002,67.024002,67.024002,25464000,2018,2018-03,0.012661364004231901,66.91460006,67.73351008499999
2018-03-05,66.477997,67.550003,65.858002,66.669998,66.669998,19119000,2018,2018-03,-0.00528174966335182,66.9236,67.76075007499999
2018-03-06,66.75,67.274002,65.405998,65.639999,65.639999,21428500,2018,2018-03,-0.015449213002826312,66.92048002,67.77589007
2018-03-07,65.087997,66.5,64.348,66.459999,66.459999,25036500,2018,2018-03,0.012492382883796171,66.92303998,67.79736006499999
2018-03-08,66.571999,66.660004,65.253998,65.82,65.82,17831000,2018,2018-03,-0.00962983764113512,66.93863996,67.816110065
2018-03-09,64.82,65.697998,64.473999,65.433998,65.433998,27534000,2018,2018-03,-0.005864509267699658,66.97815992,67.83942006
2018-03-12,65.722,69.442001,65.300003,69.101997,69.101997,41320000,2018,2018-03,0.056056470827290594,67.11363988,67.87471004999999
2018-03-13,65.722,69.442001,65.300003,68.367996,68.367996,29829000,2018,2018-03,-0.010621994035859617,67.21955982,67.899720025
2018-03-14,67.351997,67.961998,64.786003,65.325996,65.325996,39837000,2018,2018-03,-0.04449450295427704,67.28067974000001,67.901210005
2018-03-15,65.875999,66.57,64.220001,65.120003,65.120003,32824000,2018,2018-03,-0.0031533082174515226,67.30095974,67.891710035
2018-03-16,64.585999,65.480003,63.813999,64.269997,64.269997,30586500,2018,2018-03,-0.013052917089085403,67.31735966000001,67.872050005
2018-03-19,63.299999,64.150002,61.933998,62.712002,62.712002,37421500,2018,2018-03,-0.024241404585719883,67.3131197,67.84524003
2018-03-20,62.973999,63.25,61.751999,62.110001,62.110001,23821500,2018,2018-03,-0.0095994543436837,67.28899968,67.81594003000001
2018-03-21,62.049999,64.487999,62.037998,63.306,63.306,29792000,2018,2018-03,0.019256142018094557,67.20947972,67.785150045
2018-03-22,62.778,63.764,61.636002,61.82,61.82,24699000,2018,2018-03,-0.023473288471866804,67.11111973999999,67.741400045
2018-03-23,62.25,62.25,60.09,60.307999,60.307999,33274500,2018,2018-03,-0.024458120349401424,66.97807974,67.68329004
2018-03-26,61.467999,61.518002,58.271999,60.835999,60.835999,41876000,2018,2018-03,0.008755057517328746,66.8429998,67.617470035
2018-03-27,60.799999,60.854,55.436001,55.835999,55.835999,69360000,2018,2018-03,-0.08218817940344825,66.61483972,67.539330045
2018-03-28,52.916,53.736,50.419998,51.556,51.556,105007000,2018,2018-03,-0.07665303883969199,66.2857197,67.43810003499999
2018-03-29,51.298,54.192001,49.641998,53.226002,53.226002,75853500,2018,2018-03,0.032392000931026566,65.96159976000001,67.328280035
2018-04-02,51.251999,52.066002,48.917999,50.495998,50.495998,80570000,2018,2018-04,-0.05129079580314899,65.5932397,67.200100005
2018-04-03,53.964001,54.669998,50.897999,53.506001,53.506001,94222000,2018,2018-04,0.05960874364736779,65.26327975999999,67.09229000500001
2018-04-04,50.556,57.674,50.400002,57.388,57.388,99483500,2018,2018-04,0.07255259087667576,65.00479984,67.00783000999999
2018-04-05,57.868,61.251999,57.639999,61.144001,61.144001,95605500,2018,2018-04,0.06544924025928767,64.81651988,66.94375002
2018-04-06,60.200001,61.855999,59.099998,59.860001,59.860001,67601500,2018,2018-04,-0.020999607140527288,64.63015988000001,66.87081003499999
2018-04-09,60.074001,61.900002,57.841999,57.931999,57.931999,51249000,2018,2018-04,-0.03220851934165525,64.43823986,66.784070035
2018-04-10,59.793999,61.419998,58.736,60.939999,60.939999,54949000,2018,2018-04,0.051922945037681245,64.28563984,66.706160015
2018-04-11,60.147999,61.796001,59.931999,60.186001,60.186001,37414500,2018,2018-04,-0.01237279311409245,64.0912399,66.62364001
2018-04-12,60.464001,60.790001,58.736,58.816002,58.816002,38044000,2018,2018-04,-0.022762751756841282,63.88427992,66.54023001499999
2018-04-13,60.720001,60.790001,59.195999,60.068001,60.068001,36636000,2018,2018-04,0.021286706974744884,63.66839994,66.47820002499999
2018-04-16,59.799999,59.931999,57.801998,58.242001,58.242001,31692500,2018,2018-04,-0.030398880761821956,63.436240000000005,66.398170025
2018-04-17,57.773998,58.433998,56.501999,57.537998,57.537998,35000000,2018,2018-04,-0.012087548296975559,63.21199996,66.325110005
2018-04-18,58.216,60.048,57.632,58.669998,58.669998,32788500,2018,2018-04,0.01967395528777338,63.05287994,66.25685
2018-04-19,58.216,60.202,57.709999,60.015999,60.015999,30453000,2018,2018-04,0.022941896128920947,62.91731994,66.204309985
2018-04-20,59.034,59.995998,57.950001,58.048,58.048,28139500,2018,2018-04,-0.032791239549307516,62.69827993999999,66.16745999000001
2018-04-23,58.257999,58.324001,56.466,56.674,56.674,24467000,2018,2018-04,-0.02367006615214995,62.57083992,66.14199999499999
2018-04-24,57.0,57.417999,55.692001,56.692001,56.692001,28426500,2018,2018-04,0.000317623601651551,62.46299994,66.112239995
2018-04-25,56.700001,57.032001,55.450001,56.138,56.138,20068000,2018,2018-04,-0.009772119350664688,62.32283994,66.07688
2018-04-26,55.75,57.158001,55.299999,57.096001,57.096001,21780000,2018,2018-04,0.017065107413873015,62.17011992,66.035140005
2018-04-27,57.074001,58.894001,56.765999,58.816002,58.816002,21823000,2018,2018-04,0.030124719242596187,62.0572,65.99970002
2018-04-30,58.722,59.745998,58.5,58.779999,58.779999,21141000,2018,2018-04,-0.0006121293317420395,61.89651992,65.97019002
2018-05-01,58.702,60.164001,58.644001,59.984001,59.984001,23128000,2018,2018-05,0.02048319191022796,61.75423994,65.942330025
2018-05-02,59.714001,61.369999,59.556,60.23,60.23,44852000,2018,2018-05,0.004101076885484778,61.6197599,65.92391002000001
2018-05-03,55.757999,57.608002,55.046001,56.889999,56.889999,86760500,2018,2018-05,-0.055454109247882966,61.424359800000005,65.88011999999999
2018-05-04,56.599998,59.372002,55.903999,58.818001,58.818001,42847000,2018,2018-05,0.033889998837932866,61.216039800000004,65.848949995
2018-05-07,59.5,61.192001,59.034,60.554001,60.554001,43391000,2018,2018-05,0.029514773886994083,61.01891974,65.82179999499999
2018-05-08,60.16,61.549999,59.799999,60.394001,60.394001,29650000,2018,2018-05,-0.002642269666045638,60.79711974,65.79537
2018-05-09,60.082001,61.402,60.009998,61.369999,61.369999,28637000,2018,2018-05,0.016160512366120594,60.62055976,65.759700005
2018-05-10,61.5,62.598,60.821999,61.004002,61.004002,28258000,2018,2018-05,-0.005963777186960728,60.4683998,65.725120025
2018-05-11,61.540001,61.776001,59.816002,60.212002,60.212002,23398000,2018,2018-05,-0.012982754803529173,60.3489199,65.68233005
2018-05-14,60.664001,60.987999,58.324001,58.394001,58.394001,36434000,2018,2018-05,-0.030193332551872176,60.176319879999994,65.639840065
2018-05-15,57.001999,57.391998,56.099998,56.835999,56.835999,47596000,2018,2018-05,-0.026680857165447547,59.9796399,65.58895006
2018-05-16,56.765999,57.762001,56.312,57.296001,57.296001,28370000,2018,2018-05,0.008093497221716817,59.81275994,65.551960065
2018-05-17,57.18,57.838001,56.793999,56.908001,56.908001,22103000,2018,2018-05,-0.006771851319955058,59.621719979999995,65.516930065
2018-05-18,56.93,56.93,54.799999,55.363998,55.363998,36259500,2018,2018-05,-0.027131562748092253,59.41259994,65.46786005
2018-05-21,56.265999,58.298,56.259998,56.897999,56.897999,45913000,2018,2018-05,0.02770755464589092,59.241879960000006,65.40526005
2018-05-22,57.551998,57.599998,54.683998,55.001999,55.001999,44729000,2018,2018-05,-0.0333227887328692,58.95987999999999,65.323360025
2018-05-23,55.551998,55.981998,54.799999,55.813999,55.813999,29925500,2018,2018-05,0.014763099792064027,58.708800059999994,65.247260035
2018-05-24,55.68,56.222,54.978001,55.57,55.57,20883500,2018,2018-05,-0.004371645185287654,58.51368014,65.15989004
2018-05-25,55.526001,55.928001,55.122002,55.77,55.77,19375500,2018,2018-05,0.0035990642432968123,58.326680079999996,65.075210035
2018-05-29,55.702,57.299999,55.23,56.751999,56.751999,28333000,2018,2018-05,0.01760801506186116,58.17632012,65.00357002
2018-05-30,56.658001,59.001999,56.32,58.344002,58.344002,37448500,2018,2018-05,0.028051928179657626,58.088960119999996,64.937420045
2018-05-31,57.442001,58.074001,56.585999,56.945999,56.945999,29598500,2018,2018-05,-0.023961383382648416,57.985680079999995,64.85835003
2018-06-01,57.172001,58.389999,56.768002,58.363998,58.363998,27122000,2018,2018-06,0.024900766074891445,57.886840039999996,64.78784000499999
2018-06-04,58.868,59.799999,58.709999,59.348,59.348,23989000,2018,2018-06,0.01685974288464598,57.837400040000006,64.72167
2018-06-05,59.540001,59.560001,57.348,58.226002,58.226002,29976000,2018,2018-06,-0.018905405405405418,57.795760099999995,64.660879995
2018-06-06,60.099998,64.433998,59.495998,63.900002,63.900002,93836500,2018,2018-06,0.09744787217229844,57.85704016,64.63292002
2018-06-07,63.23,66.0,62.716,63.217999,63.217999,71726500,2018,2018-06,-0.010672973061878754,58.00468016000001,64.61115002000001
2018-06-08,63.799999,64.896004,63.43,63.532001,63.532001,41026000,2018,2018-06,0.004966971510756091,58.24420018,64.58746004
2018-06-11,64.501999,66.931999,64.5,66.419998,66.419998,65917500,2018,2018-06,0.04545735935501227,58.5080801,64.56679002499999
2018-06-12,68.940002,70.994003,67.599998,68.554001,68.554001,111737000,2018,2018-06,0.032128922978889474,58.86924016,64.556630035
2018-06-13,69.342003,69.440002,67.959999,68.956001,68.956001,47349000,2018,2018-06,0.0058639903453630016,59.17824016,64.553360035
2018-06-14,69.526001,71.75,69.32,71.543999,71.543999,54905000,2018,2018-06,0.037531149754464366,59.46136014,64.56542001
2018-06-15,70.767998,72.933998,70.25,71.634003,71.634003,54241500,2018,2018-06,0.0012580230523597802,59.67116018000001,64.576230025
2018-06-18,71.080002,74.746002,70.900002,74.166,74.166,60366000,2018,2018-06,0.03534630055505894,59.95728016,64.593880015
2018-06-19,73.031998,74.0,69.25,70.510002,70.510002,63809500,2018,2018-06,-0.049294798155488984,60.20884022,64.590530025
2018-06-20,71.608002,72.875999,70.400002,72.444,72.444,41918500,2018,2018-06,0.027428704370197066,60.438920239999995,64.597350015
2018-06-21,72.400002,73.241997,69.253998,69.501999,69.501999,39835500,2018,2018-06,-0.04061069239688597,60.6252402,64.59527001500001
2018-06-22,70.307999,70.449997,66.400002,66.725998,66.725998,51330500,2018,2018-06,-0.03994131161608738,60.783440119999995,64.584370015
2018-06-25,66.024002,67.694,65.5,66.601997,66.601997,34656500,2018,2018-06,-0.0018583611143591083,60.91412004,64.56676999
2018-06-26,67.209999,68.709999,65.160004,68.400002,68.400002,37262500,2018,2018-06,0.026996262589543685,61.11728005999999,64.56537
2018-06-27,69.0,70.157997,67.900002,68.900002,68.900002,41668500,2018,2018-06,0.007309941306726797,61.34452014000001,64.546180015
2018-06-28,69.732002,71.403999,69.222,69.986,69.986,41990000,2018,2018-06,0.01576194439007428,61.570840180000005,64.53335999999999
2018-06-29,70.666,70.772003,68.482002,68.589996,68.589996,32462000,2018,2018-06,-0.01994690366644769,61.74232012,64.51007996999999
2018-07-02,72.014,72.956001,65.970001,67.014,67.014,93799000,2018,2018-07,-0.022977053388368862,61.92164012,64.46750997
2018-07-03,66.349998,66.498001,61.938,62.172001,62.172001,61413000,2018,2018-07,-0.0722535440355746,62.031600139999995,64.398559985
2018-07-05,62.751999,62.877998,59.243999,61.832001,61.832001,87382000,2018,2018-07,-0.0054686996482549155,62.13440014,64.32271999000001
2018-07-06,60.990002,62.414001,60.400002,61.779999,61.779999,44327500,2018,2018-07,-0.0008410208170361866,62.247240119999994,64.25652
2018-07-09,62.397999,63.703999,61.599998,63.702,63.702,37984000,2018,2018-07,0.031110408402564182,62.37936010000001,64.20112001000001
2018-07-10,64.912003,65.536003,63.84,64.494003,64.494003,47357500,2018,2018-07,0.01243293774135834,62.49292012,64.157110035
2018-07-11,63.16,64.388,63.014,63.792,63.792,24420500,2018,2018-07,-0.010884779473217088,62.59316014,64.124980025
2018-07-12,64.286003,64.646004,62.554001,63.341999,63.341999,28606000,2018,2018-07,-0.00705419174818156,62.6603201,64.096700015
2018-07-13,63.116001,63.916,61.849998,63.773998,63.773998,29349000,2018,2018-07,0.006820103672446454,62.73120006,64.07031999
2018-07-16,62.341999,63.032001,61.25,62.02,62.02,39093500,2018,2018-07,-0.027503340781614427,62.83380008,64.03944999
2018-07-17,61.762001,64.947998,61.700001,64.538002,64.538002,34981000,2018,2018-07,0.04059983876168971,62.948200099999994,64.02254001
2018-07-18,65.0,65.099998,63.25,64.769997,64.769997,28121000,2018,2018-07,0.003594703783981412,63.03252002,64.00528999
2018-07-19,63.265999,64.708,62.801998,64.045998,64.045998,29576500,2018,2018-07,-0.01117799959138499,63.10555996,63.98398998
2018-07-20,64.246002,64.648003,62.341999,62.716,62.716,25811000,2018,2018-07,-0.020766293625403387,63.13247998000001,63.94942999
2018-07-23,60.368,61.099998,58.571999,60.639999,60.639999,54964500,2018,2018-07,-0.03310161681229662,63.12519992000001,63.89761999
2018-07-24,60.883999,61.543999,58.509998,59.486,59.486,47954000,2018,2018-07,-0.019030326830975164,63.11067988,63.83971998
2018-07-25,59.348,61.924,58.900002,61.748001,61.748001,35377000,2018,2018-07,0.038025770769593015,63.17775988,63.79157999
2018-07-26,60.970001,62.139999,60.728001,61.330002,61.330002,23152500,2018,2018-07,-0.00676943371818628,63.26763994,63.755290015
2018-07-27,61.450001,61.537998,59.068001,59.436001,59.436001,28516500,2018,2018-07,-0.030882128456477198,63.31043994000001,63.696880039999996
2018-07-30,59.18,59.220001,57.226002,58.034,58.034,34070500,2018,2018-07,-0.023588414032094773,63.33295991999999,63.632450049999996
2018-07-31,58.450001,59.664001,57.813999,59.627998,59.627998,25384500,2018,2018-07,0.027466623014095193,63.418239920000005,63.57491003
2018-08-01,59.598,60.599998,58.599998,60.167999,60.167999,50647000,2018,2018-08,0.00905616519273389,63.483639919999995,63.520180035
2018-08-02,65.688004,69.998001,64.632004,69.907997,69.907997,116075000,2018,2018-08,0.1618800385899486,63.78175988000001,63.519120005
2018-08-03,69.561996,71.0,68.505997,69.634003,69.634003,68282500,2018,2018-08,-0.003919351315415098,64.05815996,63.51154001
2018-08-06,69.092003,70.996002,68.363998,68.398003,68.398003,42821500,2018,2018-08,-0.01774994897248694,64.31472002000001,63.493880024999996
2018-08-07,68.767998,77.491997,67.830002,75.914001,75.914001,154379000,2018,2018-08,0.10988621992370162,64.71760004,63.52164003
2018-08-08,73.818001,76.528,73.424004,74.068001,74.068001,122856000,2018,2018-08,-0.024316989958150237,65.06392008,63.54688005
2018-08-09,73.110001,73.402,69.146004,70.489998,70.489998,85919000,2018,2018-08,-0.04830700102193919,65.30684000000001,63.562310045000004
2018-08-10,70.800003,72.0,69.199997,71.098,71.098,57760000,2018,2018-08,0.00862536554476856,65.58988002,63.58046003500001
2018-08-13,72.225998,72.638,69.804001,71.281998,71.281998,52319500,2018,2018-08,0.002587949028101999,65.84824001999999,63.61103003
2018-08-14,71.690002,71.839996,69.419998,69.528,69.528,34932000,2018,2018-08,-0.02460646515548004,66.05184002,63.632500025000006
2018-08-15,68.382004,68.898003,66.428001,67.737999,67.737999,45506500,2018,2018-08,-0.025745037970314133,66.24207996,63.65032
2018-08-16,67.982002,68.456001,66.764,67.089996,67.089996,30320000,2018,2018-08,-0.009566314469962478,66.30587984,63.665689985
2018-08-17,64.699997,65.353996,60.706001,61.099998,61.099998,94793000,2018,2018-08,-0.08928302812836653,66.26351982,63.639659975
2018-08-20,58.34,61.700001,57.639999,61.688,61.688,87011500,2018,2018-08,0.00962360096967596,66.2266398,63.62701996
2018-08-21,62.122002,64.958,61.799999,64.379997,64.379997,65861000,2018,2018-08,0.043638908701854495,66.18583978,63.64965994
2018-08-22,64.174004,64.776001,62.933998,64.328003,64.328003,29730000,2018,2018-08,-0.0008076110969685857,66.10131982,63.66520996
2018-08-23,63.827999,65.463997,63.619999,64.019997,64.019997,25736500,2018,2018-08,-0.0047880547449917765,66.00259974,63.682529945000006
2018-08-24,64.139999,64.769997,63.880001,64.564003,64.564003,18013000,2018,2018-08,0.008497438698723991,65.86299982,63.699299965
2018-08-27,63.599998,64.487999,61.762001,63.854,63.854,65396500,2018,2018-08,-0.010996886299010966,65.70739976,63.714179975
2018-08-28,63.681999,63.776001,62.237999,62.372002,62.372002,38245500,2018,2018-08,-0.023209164656873504,65.47151980000001,63.723049984999996
2018-08-29,62.054001,62.369999,60.737999,61.001999,61.001999,37237000,2018,2018-08,-0.02196503168200381,65.28135974000001,63.72506998
2018-08-30,60.452,60.919998,59.543999,60.630001,60.630001,36083500,2018,2018-08,-0.006098128030197825,65.04507976000001,63.712819975
2018-08-31,60.400002,61.062,59.720001,60.332001,60.332001,26875500,2018,2018-08,-0.004915058470805644,64.8616798,63.705779969999995
2018-09-04,59.388,59.638,57.599998,57.790001,57.790001,41752500,2018,2018-09,-0.04213352711440821,64.68295986,63.683429985000004
2018-09-05,57.009998,57.355999,55.436001,56.147999,56.147999,38604000,2018,2018-09,-0.02841325439672515,64.4738799,63.651669979999994
2018-09-06,56.959999,58.234001,55.776001,56.189999,56.189999,37404000,2018,2018-09,0.0007480230951775191,64.22967984,63.617569985
2018-09-07,52.02,53.669998,50.450001,52.647999,52.647999,112459500,2018,2018-09,-0.06303612854664764,63.90463978,63.572069975000005
2018-09-10,54.652,57.206001,54.200001,57.099998,57.099998,71417500,2018,2018-09,0.08456159938766139,63.64691974,63.539759965
2018-09-11,55.894001,56.400002,54.709999,55.888,55.888,45850000,2018,2018-09,-0.021225885156773594,63.39287982,63.50659996499999
2018-09-12,56.287998,58.5,55.73,58.108002,58.108002,50077000,2018,2018-09,0.03972233753220733,63.21475986,63.481589969999995
2018-09-13,57.604,59.0,57.035999,57.891998,57.891998,31701500,2018,2018-09,-0.0037172849274700326,63.129159800000004,63.454239959999995
2018-09-14,57.751999,59.466,57.304001,59.040001,59.040001,33828000,2018,2018-09,0.01983008083431481,63.0733198,63.431889975000004
2018-09-17,58.007999,60.174,57.625999,58.967999,58.967999,34438000,2018,2018-09,-0.0012195460498043431,63.017079800000005,63.419189975
2018-09-18,59.338001,60.528,55.099998,56.992001,56.992001,82737500,2018,2018-09,-0.03350966682793488,62.88287982,63.39529998
2018-09-19,56.102001,60.0,56.099998,59.804001,59.804001,41474500,2018,2018-09,0.04934025741612391,62.78907978,63.387789985
2018-09-20,60.712002,61.195999,58.666,59.666,59.666,36747000,2018,2018-09,-0.0023075546400315172,62.706559780000006,63.38091998
2018-09-21,59.540001,60.116001,59.074001,59.82,59.82,25252500,2018,2018-09,0.0025810344249657113,62.636119799999996,63.376319970000004
2018-09-24,59.695999,60.599998,58.716,59.936001,59.936001,24215000,2018,2018-09,0.001939167502507555,62.559359859999994,63.362739975000004
2018-09-25,60.0,60.919998,59.299999,60.198002,60.198002,22408500,2018,2018-09,0.0043713460295757844,62.5229199,63.35248998
2018-09-26,60.382,62.778,60.222,61.916,61.916,39216000,2018,2018-09,0.02853911995285152,62.470479860000005,63.346939975
2018-09-27,62.580002,62.992001,61.382,61.504002,61.504002,42545500,2018,2018-09,-0.006654144324568678,62.40515995999999,63.325549995
2018-09-28,54.051998,55.599998,52.112,52.953999,52.953999,168248500,2018,2018-09,-0.13901539285199682,62.18331998000001,63.249289985
2018-10-01,61.153999,62.287998,60.209999,62.139999,62.139999,108888000,2018,2018-10,0.17347131800187565,62.17179996,63.220959979999996
2018-10-02,62.790001,63.368,59.830002,60.203999,60.203999,58717500,2018,2018-10,-0.031155455924613107,62.16307996,63.18408996
2018-10-03,60.666,60.919998,58.313999,58.959999,58.959999,39975000,2018,2018-10,-0.020663079208409374,62.15255994,63.135439945
2018-10-04,58.790001,58.799999,55.534,56.366001,56.366001,49071000,2018,2018-10,-0.04399589626858724,62.04491994,63.07839994
2018-10-05,54.93,54.976002,52.0,52.389999,52.389999,89722500,2018,2018-10,-0.07053901162865883,61.86611988,63.00924993
2018-10-08,52.903999,53.551998,49.799999,50.112,50.112,67363500,2018,2018-10,-0.04348156219663224,61.679639859999995,62.930829939999995
2018-10-09,51.049999,53.354,50.66,52.560001,52.560001,60303000,2018,2018-10,0.048850594667943836,61.57015988,62.86196994
2018-10-10,52.922001,53.102001,49.554001,51.375999,51.375999,64076500,2018,2018-10,-0.022526673848427103,61.4051199,62.793649929999994
2018-10-11,51.506001,52.450001,49.806,50.445999,50.445999,40838500,2018,2018-10,-0.01810183778616159,61.2106799,62.72858992500001
2018-10-12,52.200001,52.397999,50.402,51.756001,51.756001,36007000,2018,2018-10,0.025968402370225574,60.847639980000004,62.675729935
2018-10-15,51.812,52.655998,50.908001,51.917999,51.917999,31000000,2018,2018-10,0.0031300331723851382,60.4933199,62.619959935
2018-10-16,53.139999,55.476002,52.448002,55.318001,55.318001,47632000,2018,2018-10,0.0654879245249802,60.23171985999999,62.585199939999995
2018-10-17,56.48,56.540001,53.16,54.355999,54.355999,43277500,2018,2018-10,-0.017390397024650395,59.80055982,62.53644992
2018-10-18,53.858002,54.200001,52.599998,52.782001,52.782001,27106000,2018,2018-10,-0.02895720856864381,59.374839820000005,62.48310992
2018-10-19,53.478001,53.931999,50.700001,52.0,52.0,46877500,2018,2018-10,-0.014815675517872107,59.005039860000004,62.428489920000004
2018-10-22,52.136002,52.372002,50.518002,52.189999,52.189999,28001500,2018,2018-10,0.0036538269230770304,58.62687984,62.372859905000006
2018-10-23,52.773998,59.585999,52.419998,58.827999,58.827999,95139000,2018,2018-10,0.1271891191260608,58.377799859999996,62.33058991
2018-10-24,60.209999,60.888,57.146,57.700001,57.700001,100291500,2018,2018-10,-0.019174509063277778,58.14123988,62.28539992
2018-10-25,63.444,64.199997,60.202,62.972,62.972,104203500,2018,2018-10,0.09136913186535311,58.0459199,62.265459925
2018-10-26,61.650002,67.980003,61.330002,66.18,66.18,137127500,2018,2018-10,0.050943276376802515,58.02771998,62.258409945000004
2018-10-29,67.494003,69.431999,65.300003,66.970001,66.970001,72430000,2018,2018-10,0.011937156240555913,58.14512004,62.257039935
2018-10-30,65.678001,67.580002,64.452003,65.980003,65.980003,45633500,2018,2018-10,-0.014782708454790128,58.230960100000004,62.246879945
2018-10-31,66.508003,68.400002,65.82,67.463997,67.463997,38121500,2018,2018-10,0.02249157218134723,58.2926401,62.237039935000006
2018-11-01,67.652,69.568001,66.945999,68.856003,68.856003,40000500,2018,2018-11,0.020633316463594564,58.3832001,62.236749945
2018-11-02,68.748001,69.839996,68.181999,69.281998,69.281998,39040000,2018,2018-11,0.006186751792723211,58.48844012000001,62.23313994499999
2018-11-05,68.099998,68.792,66.028,68.279999,68.279999,39155000,2018,2018-11,-0.014462616970139841,58.56276004,62.222979959999996
2018-11-06,67.814003,69.760002,67.218002,68.211998,68.211998,33814500,2018,2018-11,-0.0009959138985928817,58.64992,62.211249955
2018-11-07,68.667999,70.236,68.160004,69.632004,69.632004,36872500,2018,2018-11,0.020817540046254024,58.79512003999999,62.21351997
2018-11-08,69.699997,71.515999,69.688004,70.279999,70.279999,35453500,2018,2018-11,0.00930599383582309,58.980680039999996,62.227279965
2018-11-09,69.800003,70.800003,69.045998,70.101997,70.101997,25494000,2018,2018-11,-0.0025327547315417975,59.170119959999994,62.23493995
2018-11-12,69.674004,69.956001,66.068001,66.255997,66.255997,34707500,2018,2018-11,-0.05486291638738916,59.28859988,62.216689945
2018-11-13,66.632004,68.940002,66.440002,67.746002,67.746002,27243000,2018,2018-11,0.022488605823862473,59.4877199,62.20959994999999
2018-11-14,68.540001,69.421997,67.43,68.800003,68.800003,25201500,2018,2018-11,0.015558128433911023,59.74075998,62.199289965
2018-11-15,68.466003,69.716003,67.807999,69.688004,69.688004,23128500,2018,2018-11,0.012906990716264888,60.01072008,62.198479995
2018-11-16,69.038002,71.139999,69.024002,70.862,70.862,36031000,2018,2018-11,0.016846457533781445,60.375000099999994,62.209039995000005
2018-11-19,71.267998,73.349998,70.575996,70.694,70.694,48544500,2018,2018-11,-0.0023708052270609015,60.64688013999999,62.22938
2018-11-20,68.349998,69.959999,66.709999,69.498001,69.498001,40023500,2018,2018-11,-0.01691797040767251,60.91908015999999,62.24290001
2018-11-21,70.400002,70.620003,67.480003,67.638,67.638,23434000,2018,2018-11,-0.026763374100501114,61.10968012,62.236090010000005
2018-11-23,66.870003,67.5,65.110001,65.166,65.166,21013000,2018,2018-11,-0.03654750288299491,61.255160159999996,62.246690005
2018-11-26,65.0,69.244003,65.0,69.199997,69.199997,39960500,2018,2018-11,0.06190340054629706,61.458360080000006,62.282269989999996
2018-11-27,68.010002,69.391998,67.099998,68.783997,68.783997,31791500,2018,2018-11,-0.006011560954258366,61.65468004,62.310459975
2018-11-28,69.197998,69.655998,68.442001,69.573997,69.573997,20638000,2018,2018-11,0.0114852296239778,61.90631996,62.33466995
2018-11-29,69.400002,69.5,67.910004,68.234001,68.234001,15403500,2018,2018-11,-0.01926001175410408,62.074919959999995,62.353529965
2018-11-30,68.365997,70.32,67.652,70.096001,70.096001,28145500,2018,2018-11,0.027288448174100033,62.28351998,62.369939955
2018-12-03,72.0,73.199997,70.400002,71.697998,71.697998,41532500,2018,2018-12,0.022854328023648618,62.52107994,62.392939944999995
2018-12-04,71.209999,73.736,70.400002,71.940002,71.940002,42309500,2018,2018-12,0.003375324370981758,62.76115996000001,62.41786994499999
2018-12-06,71.202003,73.475998,70.152,72.612,72.612,39212500,2018,2018-12,0.00934108953736179,63.009439920000005,62.447629925
2018-12-07,73.800003,75.898003,71.529999,71.594002,71.594002,57556000,2018,2018-12,-0.014019693714537373,63.20299996,62.45942993
2018-12-10,72.0,73.195999,70.624001,73.029999,73.029999,33067500,2018,2018-12,0.020057504258527148,63.4335199,62.472529905
2018-12-11,73.982002,74.433998,72.045998,73.351997,73.351997,31544000,2018,2018-12,0.004409119600289113,63.84147986,62.481869884999995
2018-12-12,73.884003,74.382004,73.031998,73.32,73.32,25135000,2018,2018-12,-0.0004362117094099949,64.06507988,62.497479895
2018-12-13,74.029999,75.487999,73.349998,75.358002,75.358002,36829500,2018,2018-12,0.02779599018003287,64.36815994,62.531209905000004
2018-12-14,75.0,75.573997,72.865997,73.141998,73.141998,31688000,2018,2018-12,-0.02940635289136251,64.65179991999999,62.56598991
2018-12-17,72.400002,73.139999,68.776001,69.683998,69.683998,38370000,2018,2018-12,-0.047277899080634844,64.91815986,62.57928989
2018-12-18,70.108002,70.309998,66.737999,67.405998,67.405998,35500000,2018,2018-12,-0.032690432027163596,65.21847984,62.58296989
2018-12-19,67.519997,69.402,65.947998,66.594002,66.594002,41371000,2018,2018-12,-0.012046346380035655,65.54811988,62.587739905
2018-12-20,65.410004,66.057999,62.374001,63.076,63.076,45359500,2018,2018-12,-0.05282761051062834,65.75843986000001,62.57081991
2018-12-21,63.48,64.694,62.487999,63.953999,63.953999,40084000,2018,2018-12,0.013919700044390915,66.00999986,62.561489905
2018-12-24,62.700001,62.900002,59.040001,59.077999,59.077999,27799500,2018,2018-12,-0.07624230034465873,66.18263986,62.52970991
2018-12-26,60.0,65.393997,58.818001,65.218002,65.218002,40815500,2018,2018-12,0.10393044964166775,66.45187987999999,62.510289935
2018-12-27,63.967999,64.433998,60.299999,63.226002,63.226002,42875500,2018,2018-12,-0.03054371398866218,66.67803994,62.484579965
2018-12-28,64.620003,67.248001,63.681999,66.774002,66.774002,49695000,2018,2018-12,0.05611615297136763,66.90715996,62.49181999500001
2018-12-31,67.557999,67.842003,65.052002,66.559998,66.559998,31511500,2018,2018-12,-0.003204900014829204,67.15123994,62.49901997
2019-01-02,61.220001,63.026001,59.759998,62.023998,62.023998,58293000,2019,2019-01,-0.06814904050928594,67.33607988,62.487789975
2019-01-03,61.400002,61.880001,59.476002,60.071999,60.071999,34826000,2019,2019-01,-0.03147167327072342,67.49751986,62.47458996
2019-01-04,61.200001,63.599998,60.546001,63.537998,63.537998,36970500,2019,2019-01,0.05769741406474593,67.72447984,62.481729945
2019-01-07,64.344002,67.348,63.549999,66.991997,66.991997,37756000,2019,2019-01,0.05436115566625177,67.8877598,62.50015993
2019-01-08,68.391998,68.802002,65.403999,67.07,67.07,35042500,2019,2019-01,0.0011643629611459705,68.07515977999999,62.52640993
2019-01-09,67.099998,68.699997,66.293999,67.706001,67.706001,27164500,2019,2019-01,0.009482644997763634,68.1698398,62.56339994
2019-01-10,66.879997,69.078003,66.358002,68.994003,68.994003,30282000,2019,2019-01,0.019023454065763,68.22611986,62.60418996000001
2019-01-11,68.417999,69.681999,67.753998,69.452003,69.452003,25195500,2019,2019-01,0.006638258110636119,68.2757599,62.67226998
2019-01-14,68.475998,68.5,66.800003,66.879997,66.879997,26236500,2019,2019-01,-0.037032855625488637,68.29375978,62.74888996500001
2019-01-15,67.0,69.760002,66.900002,68.886002,68.886002,30283000,2019,2019-01,0.029994095244950447,68.32219988000001,62.827189964999995
2019-01-16,68.956001,70.400002,68.699997,69.209999,69.209999,23458500,2019,2019-01,0.004703379360003979,68.3292798,62.920759970000006
2019-01-17,69.241997,70.300003,68.830002,69.461998,69.461998,18383500,2019,2019-01,0.003641077931528347,68.3328798,63.000539954999994
2019-01-18,64.599998,65.426003,59.945999,60.452,60.452,120754000,2019,2019-01,-0.12971118394837988,68.17631982,63.015859955
2019-01-22,60.964001,61.599998,59.099998,59.784,59.784,60333500,2019,2019-01,-0.011050089327069412,68.00775986,63.00905995
2019-01-23,58.5,58.900002,56.338001,57.518002,57.518002,62650000,2019,2019-01,-0.03790308443730761,67.76547982,62.997349955
2019-01-24,56.605999,58.736,55.855999,58.301998,58.301998,40061000,2019,2019-01,0.013630445647260014,67.5259198,62.999199950000005
2019-01-25,58.877998,59.703999,57.91,59.408001,59.408001,36248000,2019,2019-01,0.01897024180886575,67.31203988,62.99153996
2019-01-28,58.582001,59.492001,57.549999,59.276001,59.276001,32116500,2019,2019-01,-0.002221922935935816,67.17243996,62.98698996
2019-01-29,59.054001,59.712002,58.360001,59.492001,59.492001,23108500,2019,2019-01,0.0036439705168369585,67.00735994,62.990369955000006
2019-01-30,60.09,61.799999,59.698002,61.754002,61.754002,56251500,2019,2019-01,0.03802193508333995,66.86643991999999,62.99879996000001
2019-01-31,60.200001,62.312,58.799999,61.403999,61.403999,62846000,2019,2019-01,-0.0056676974554621395,66.70075982,63.01460995
2019-02-01,61.084,63.220001,60.700001,62.442001,62.442001,36417000,2019,2019-02,0.016904469039549008,66.53235984,63.039129965
2019-02-04,62.596001,63.060001,60.375999,62.577999,62.577999,36760500,2019,2019-02,0.0021779891390731887,66.37003982,63.058669970000004
2019-02-05,62.498001,64.487999,62.450001,64.269997,64.269997,33714000,2019,2019-02,0.027038224728150873,66.26547974,63.079939960000004
2019-02-06,63.917999,64.848,63.124001,63.444,63.444,25192500,2019,2019-02,-0.01285198441817259,66.18159974,63.10691996
2019-02-07,62.66,62.939999,60.599998,61.501999,61.501999,32603000,2019,2019-02,-0.030609687283273512,66.10831972,63.131059955
2019-02-08,61.366001,61.490002,59.700001,61.16,61.16,29221000,2019,2019-02,-0.005560778601684135,65.94751978000001,63.15339995
2019-02-11,62.32,63.720001,62.099998,62.568001,62.568001,35648500,2019,2019-02,0.02302159908436896,65.82319985999999,63.185549955
2019-02-12,63.240002,63.638,61.924,62.362,62.362,27588000,2019,2019-02,-0.003292433779369164,65.67895992,63.211879950000004
2019-02-13,62.470001,62.549999,61.113998,61.633999,61.633999,25708000,2019,2019-02,-0.011673791732144556,65.54695988,63.225969935
2019-02-14,60.675999,61.354,60.200001,60.754002,60.754002,26004000,2019,2019-02,-0.014277785220459305,65.3601199,63.23583995
2019-02-15,60.900002,61.599998,60.779999,61.576,61.576,19524500,2019,2019-02,0.013529939970045035,65.15767994000001,63.243799945
2019-02-19,61.312,62.307999,61.094002,61.127998,61.127998,20842000,2019,2019-02,-0.007275594387423756,64.94143986,63.248289935
2019-02-20,60.882,61.259998,59.799999,60.512001,60.512001,35710500,2019,2019-02,-0.010077166276572624,64.69943988,63.266399945
2019-02-21,60.362,60.647999,58.099998,58.245998,58.245998,44546000,2019,2019-02,-0.03744716688512739,64.4324798,63.26353993
2019-02-22,58.897999,59.299999,58.419998,58.942001,58.942001,28703000,2019,2019-02,0.01194937032412069,64.15071984000001,63.25547993
2019-02-25,59.582001,60.580002,59.400002,59.754002,59.754002,33132500,2019,2019-02,0.013776271355293801,63.87875994,63.252279935
2019-02-26,58.444,60.402,57.754002,59.571999,59.571999,42912500,2019,2019-02,-0.0030458713041513485,63.60379992,63.243289935
2019-02-27,60.355999,63.259998,60.110001,62.948002,62.948002,55919500,2019,2019-02,0.05667097053432779,63.355599919999996,63.253009935
2019-02-28,63.784,64.0,62.161999,63.976002,63.976002,52603500,2019,2019-02,0.01633093930447549,63.17228,63.271829935
2019-03-01,61.388,61.425999,58.380001,58.958,58.958,114557000,2019,2019-03,-0.07843569218345348,62.95776004,63.274649929999995
2019-03-04,59.624001,59.799999,56.556,57.071999,57.071999,85484000,2019,2019-03,-0.031988890396553504,62.75108006000001,63.27582993
2019-03-05,56.400002,56.799999,54.02,55.307999,55.307999,93823500,2019,2019-03,-0.0309083268662097,62.52535999999999,63.26588992
2019-03-06,55.296001,56.301998,54.877998,55.248001,55.248001,51677500,2019,2019-03,-0.0010847978788746104,62.36880002,63.25758992
2019-03-07,55.768002,56.939999,54.849998,55.318001,55.318001,47212500,2019,2019-03,0.0012670141676256463,62.19608005999999,63.257359935
2019-03-08,55.382,57.118,55.178001,56.827999,56.827999,44098000,2019,2019-03,0.027296684129999527,62.15108006,63.257009935000006
2019-03-11,56.703999,58.256001,56.099998,58.183998,58.183998,36961500,2019,2019-03,0.023861459559749942,62.010399979999995,63.27291993
2019-03-12,57.298,57.613998,56.212002,56.672001,56.672001,37520500,2019,2019-03,-0.025986474837978668,61.87931996,63.277209940000006
2019-03-13,56.779999,58.397999,56.540001,57.792,57.792,34223500,2019,2019-03,0.019762827855681397,61.69967992,63.28831994
2019-03-14,58.490002,59.077999,57.658001,57.992001,57.992001,35517000,2019,2019-03,0.003460703903654494,61.52831998,63.299429945
2019-03-15,56.702,56.743999,54.880001,55.085999,55.085999,73927500,2019,2019-03,-0.05011039367308612,61.38956,63.291099945
2019-03-18,55.200001,55.610001,53.459999,53.897999,53.897999,51405000,2019,2019-03,-0.0215662785747065,61.26608,63.26886993
2019-03-19,53.5,54.66,52.692001,53.493999,53.493999,59003000,2019,2019-03,-0.007495640051497943,61.06520002,63.25160993
2019-03-20,53.938,54.993999,53.259998,54.720001,54.720001,34541000,2019,2019-03,0.022918495960640328,60.819760099999996,63.233389945
2019-03-21,54.52,55.290001,53.689999,54.804001,54.804001,29735500,2019,2019-03,0.0015350876912447742,60.57444012,63.21066995
2019-03-22,54.515999,54.560001,52.799999,52.905998,52.905998,43728000,2019,2019-03,-0.034632562684611345,60.27844006,63.18406993000001
2019-03-25,51.942001,52.636002,50.891998,52.084,52.084,51075000,2019,2019-03,-0.015536952917890257,59.940239999999996,63.12498992
2019-03-26,52.888,54.051998,52.886002,53.554001,53.554001,36754500,2019,2019-03,0.028223657937178404,59.62227995999999,63.07666993
2019-03-27,53.75,55.074001,53.636002,54.966,54.966,43896000,2019,2019-03,0.02636589187799432,59.38400002,63.033839925
2019-03-28,55.431999,56.066002,55.02,55.723999,55.723999,33870500,2019,2019-03,0.013790324928137254,59.120759959999994,62.980359930000006
2019-03-29,55.740002,56.032001,54.900002,55.972,55.972,29956500,2019,2019-03,0.004450524091065278,58.85599998000001,62.917449925
2019-04-01,56.523998,57.84,56.256001,57.835999,57.835999,40552000,2019,2019-04,0.033302347602372606,58.62348,62.861849915
2019-04-02,57.66,57.888,56.776001,57.175999,57.175999,27394500,2019,2019-04,-0.011411577761456182,58.55795998000001,62.790009915
2019-04-03,57.464001,59.234001,57.433998,58.362,58.362,39597000,2019,2019-04,0.02074298693058263,58.52951998,62.7236499
2019-04-04,52.377998,54.240002,52.118,53.556,53.556,118603500,2019,2019-04,-0.08234810321784736,58.45027994,62.620599899999995
2019-04-05,53.972,55.220001,53.222,54.992001,54.992001,65191500,2019,2019-04,0.026813074165359607,58.38408,62.543009895
2019-04-08,55.537998,56.231998,54.088001,54.639999,54.639999,52052000,2019,2019-04,-0.006400967297043758,58.28871996,62.45398989
2019-04-09,54.330002,55.0,53.922001,54.462002,54.462002,29520000,2019,2019-04,-0.003257631831215857,58.192439979999996,62.37878990499999
2019-04-10,55.348,55.675999,54.577999,55.212002,55.212002,35306500,2019,2019-04,0.013771069230984256,58.10683999999999,62.321219924999994
2019-04-11,53.66,54.099998,53.119999,53.683998,53.683998,49179500,2019,2019-04,-0.027675214530347825,57.94543992,62.25662993
2019-04-12,54.043999,54.389999,53.366001,53.540001,53.540001,33730000,2019,2019-04,-0.002682307677606355,57.78815996,62.182329925
2019-04-15,53.726002,53.776001,51.726002,53.276001,53.276001,50193000,2019,2019-04,-0.004930892698339573,57.60483996,62.104209919999995
2019-04-16,53.150002,55.0,52.944,54.672001,54.672001,36364500,2019,2019-04,0.0262031679141983,57.446720000000006,62.027639925
2019-04-17,54.950001,54.958,53.708,54.245998,54.245998,25632500,2019,2019-04,-0.0077919774694180655,57.24624002,61.955919935000004
2019-04-18,54.245998,54.967999,53.950001,54.652,54.652,29381500,2019,2019-04,0.007484459959608447,57.07040002000001,61.894109935
2019-04-22,53.799999,53.936001,52.495998,52.549999,52.549999,60735500,2019,2019-04,-0.038461556759130544,56.89136002,61.845999924999994
2019-04-23,52.029999,53.119999,51.150002,52.779999,52.779999,54719500,2019,2019-04,0.00437678409851161,56.72375999999999,61.800739914999994
2019-04-24,52.77,53.063999,51.599998,51.731998,51.731998,53637500,2019,2019-04,-0.01985602538567688,56.507039940000006,61.75049991000001
2019-04-25,51.0,51.799999,49.214001,49.526001,49.526001,109247000,2019,2019-04,-0.042642795277305856,56.250319960000006,61.679619914999996
2019-04-26,49.299999,49.335999,46.226002,47.028,47.028,111803500,2019,2019-04,-0.050438172870044595,55.958199979999996,61.5922899
2019-04-29,47.172001,48.796001,46.433998,48.293999,48.293999,83572500,2019,2019-04,0.026920111422982007,55.70899992,61.514799895
2019-04-30,48.411999,48.841999,47.400002,47.737999,47.737999,47323000,2019,2019-04,-0.011512817565594413,55.43223989999999,61.436779895
2019-05-01,47.77,48.0,46.299999,46.801998,46.801998,53522000,2019,2019-05,-0.019607043018288306,55.145719899999996,61.351919895
2019-05-02,49.104,49.425999,47.543999,48.82,48.82,90796500,2019,2019-05,0.04311786005375251,54.911879879999994,61.285919895000006
2019-05-03,48.771999,51.321999,48.698002,51.006001,51.006001,118534000,2019,2019-05,0.04477675133142145,54.76707994,61.21825989
2019-05-06,50.004002,51.669998,49.700001,51.068001,51.068001,54169500,2019,2019-05,0.0012155432455880355,54.609599939999995,61.14974991
2019-05-07,51.360001,51.442001,49.02,49.411999,49.411999,50657000,2019,2019-05,-0.032427390294756164,54.40275987999999,61.076579915
2019-05-08,49.388,50.119999,48.84,48.967999,48.967999,30882000,2019,2019-05,-0.008985671678654494,54.190679880000005,61.00783991
2019-05-09,48.400002,48.736,47.388,48.396,48.396,33557000,2019,2019-05,-0.011681077676872209,53.89963984,60.946619915
2019-05-10,47.950001,48.397999,47.203999,47.903999,47.903999,35041500,2019,2019-05,-0.010166150095049176,53.578199780000006,60.88870991000001
2019-05-13,46.402,46.493999,44.900002,45.402,45.402,54174000,2019,2019-05,-0.05222943913304601,53.30707978,60.806979905
2019-05-14,45.860001,46.900002,45.599998,46.462002,46.462002,36262000,2019,2019-05,0.023347033170344922,53.09487984,60.732639905
2019-05-15,45.863998,46.487999,45.049999,46.389999,46.389999,36480000,2019,2019-05,-0.0015497179824492946,52.91651984,60.667409895
2019-05-16,45.897999,46.200001,45.299999,45.666,45.666,37416500,2019,2019-05,-0.015606790592946673,52.72487982,60.605569895
2019-05-17,44.391998,44.448002,41.784,42.206001,42.206001,88933500,2019,2019-05,-0.07576750755485473,52.46263982000001,60.518459910000004
2019-05-20,40.560001,41.200001,39.049999,41.071999,41.071999,102631000,2019,2019-05,-0.02686826453896929,52.14751982,60.422979909999995
2019-05-21,39.551998,41.48,39.208,41.015999,41.015999,90019500,2019,2019-05,-0.001363459324197902,51.804159840000004,60.27851992000001
2019-05-22,39.82,40.787998,38.355999,38.546001,38.546001,93426000,2019,2019-05,-0.06022035450117902,51.44163984000001,60.123079909999994
2019-05-23,38.868,39.894001,37.243999,39.098,39.098,132735500,2019,2019-05,0.01432052575311249,51.06775984,59.97657989499999
2019-05-24,39.966,39.995998,37.75,38.125999,38.125999,70683000,2019,2019-05,-0.024860632257404425,50.670439800000004,59.787639885
2019-05-28,38.240002,39.0,37.57,37.740002,37.740002,51564500,2019,2019-05,-0.010124246186965613,50.32351986,59.60599989
2019-05-29,37.419998,38.478001,37.007999,37.972,37.972,59843000,2019,2019-05,0.006147270474442523,50.00499988000001,59.4434099
2019-05-30,37.75,38.452,37.403999,37.644001,37.644001,39632500,2019,2019-05,-0.008637917412830487,49.687999919999996,59.276139905
2019-05-31,37.02,37.984001,36.82,37.032001,37.032001,52033500,2019,2019-05,-0.016257570495761153,49.33423992,59.10488992
2019-06-03,37.102001,37.335999,35.397999,35.793999,35.793999,65322000,2019,2019-06,-0.03343059965892747,48.95403988,58.936219914999995
2019-06-04,36.220001,38.796001,35.922001,38.720001,38.720001,69037500,2019,2019-06,0.08174560210497872,48.67031994,58.79112992500001
2019-06-05,39.736,40.256001,38.369999,39.318001,39.318001,67554000,2019,2019-06,0.01544421447716382,48.41499996,58.65226995
2019-06-06,40.888,42.200001,40.360001,41.189999,41.189999,101211000,2019,2019-06,0.047611728785499574,48.167719919999996,58.552719955
2019-06-07,41.0,42.167999,40.700001,40.900002,40.900002,80017500,2019,2019-06,-0.007040471159030615,47.88639996,58.44877996499999
2019-06-10,42.049999,43.388,41.801998,42.576,42.576,52925000,2019,2019-06,0.040977944206457506,47.62343998,58.33975998
2019-06-11,43.827999,44.18,42.700001,43.419998,43.419998,58267500,2019,2019-06,0.019823327696354642,47.372399939999994,58.23521995499999
2019-06-12,44.59,44.675999,41.799999,41.852001,41.852001,75987500,2019,2019-06,-0.03611232317422031,47.05271998,58.124379975000004
2019-06-13,42.076,42.98,41.501999,42.782001,42.782001,40841500,2019,2019-06,0.022221159748132546,46.76484002,58.015469965
2019-06-14,42.25,43.330002,42.080002,42.984001,42.984001,37167000,2019,2019-06,0.004721611782487534,46.45728004000001,57.91111997000001
2019-06-17,43.096001,45.400002,42.854,45.006001,45.006001,61584000,2019,2019-06,0.04704075825793885,46.28628006000001,57.824289965000006
2019-06-18,45.743999,46.948002,44.512001,44.948002,44.948002,63579000,2019,2019-06,-0.0012886948120539587,46.08540008,57.744019980000004
2019-06-19,45.021999,45.554001,44.212002,45.285999,45.285999,32875500,2019,2019-06,0.00751973358014868,45.898320080000005,57.667299969999995
2019-06-20,44.599998,45.380001,43.27,43.924,43.924,59317500,2019,2019-06,-0.030075498610508733,45.68756004,57.585259965000006
2019-06-21,43.243999,44.436001,43.099998,44.372002,44.372002,41010500,2019,2019-06,0.010199480921591952,45.47076004,57.51816997
2019-06-24,44.647999,45.172001,44.203999,44.728001,44.728001,28754000,2019,2019-06,0.008023054718153011,45.2916401,57.461069980000005
2019-06-25,44.877998,45.068001,43.897999,43.952,43.952,30910500,2019,2019-06,-0.017349333362785435,45.09988007999999,57.399879985
2019-06-26,44.062,45.445999,43.619999,43.854,43.854,42536000,2019,2019-06,-0.0022297051328722395,44.911440060000004,57.35590999
2019-06-27,43.889999,44.580002,43.470001,44.568001,44.568001,31698500,2019,2019-06,0.016281319833994612,44.70936006,57.293250005
2019-06-28,44.198002,45.034,44.16,44.692001,44.692001,34257000,2019,2019-06,0.002782265240031556,44.51828012,57.23727001
2019-07-01,46.042,46.619999,45.256001,45.433998,45.433998,41067000,2019,2019-07,0.01660245644405145,44.33392008,57.17389999
2019-07-02,45.778,45.830002,44.444,44.91,44.91,46295000,2019,2019-07,-0.011533169500073659,44.1811201,57.108990000000006
2019-07-03,47.877998,48.313999,46.902,46.98,46.98,71005500,2019,2019-07,0.04609218436873741,44.06512012,57.048689995
2019-07-05,46.914001,47.09,46.16,46.619999,46.619999,35328500,2019,2019-07,-0.007662856534695561,43.962880139999996,56.986949994999996
2019-07-08,46.248001,46.450001,45.731998,46.068001,46.068001,29402500,2019,2019-07,-0.011840369194345057,43.89372014,56.932329995
2019-07-09,45.793999,46.200001,45.456001,46.012001,46.012001,30954000,2019,2019-07,-0.0012155943124166901,43.87340016,56.863369995
2019-07-10,46.830002,47.787998,46.627998,47.784,47.784,45728500,2019,2019-07,0.03851167003147715,43.86320018000001,56.80395999500001
2019-07-11,47.627998,48.299999,47.16,47.720001,47.720001,37572000,2019,2019-07,-0.0013393395278753495,43.862840219999995,56.74346
2019-07-12,47.950001,49.076,47.942001,49.015999,49.015999,46002500,2019,2019-07,0.02715838166055362,43.907120240000005,56.68885999
2019-07-15,49.599998,50.883999,48.972,50.700001,50.700001,55000500,2019,2019-07,0.03435617011498637,43.944720260000004,56.641369985000004
2019-07-16,49.860001,50.706001,49.585999,50.476002,50.476002,40745000,2019,2019-07,-0.0044181261455991105,43.934120279999995,56.584169995
2019-07-17,51.133999,51.661999,50.669998,50.972,50.972,48823500,2019,2019-07,0.009826412163150389,43.93220026,56.53150998499999
2019-07-18,51.009998,51.150002,50.377998,50.708,50.708,23793000,2019,2019-07,-0.0051793141332496795,43.958120279999996,56.52027999
2019-07-19,51.138,51.992001,50.924,51.636002,51.636002,35242000,2019,2019-07,0.018300899266388004,44.01148034,56.467760005
2019-07-22,51.75,52.43,50.838001,51.136002,51.136002,34212000,2019,2019-07,-0.009683166407809862,44.066280379999995,56.42242002
2019-07-23,51.341999,52.096001,50.900002,52.034,52.034,25115500,2019,2019-07,0.017560973968985705,44.148880399999996,56.387790025
2019-07-24,51.834,53.214001,51.632,52.976002,52.976002,55364000,2019,2019-07,0.018103586116769765,44.30036043999999,56.37084003
2019-07-25,46.700001,46.900002,45.110001,45.764,45.764,112091500,2019,2019-07,-0.13613715130862458,44.286400400000005,56.337710035
2019-07-26,45.383999,46.051998,44.450001,45.608002,45.608002,50138500,2019,2019-07,-0.0034087492352068427,44.27076046,56.315190045
2019-07-29,45.417999,47.188,45.206001,47.153999,47.153999,46366500,2019,2019-07,0.03389749456685265,44.30052044,56.288160035000004
2019-07-30,46.580002,48.672001,46.436001,48.452,48.452,40545000,2019,2019-07,0.027526848783281377,44.425440419999994,56.27354004000001
2019-07-31,48.599998,49.335999,47.330002,48.321999,48.321999,45891000,2019,2019-07,-0.0026830884174028347,44.570440420000004,56.26292004
2019-08-01,48.529999,48.902,46.354,46.77,46.77,41297500,2019,2019-08,-0.03211785588588745,44.68552044,56.237990035
2019-08-02,46.27,47.254002,45.846001,46.868,46.868,30682500,2019,2019-08,0.002095360273679736,44.85196042,56.21274004
2019-08-05,45.919998,46.273998,45.155998,45.664001,45.664001,35141500,2019,2019-08,-0.025689148246138105,44.98328044,56.164470040000005
2019-08-06,46.375999,46.5,45.150002,46.150002,46.150002,27821000,2019,2019-08,0.010642978918995682,45.1437605,56.123440055
2019-08-07,45.299999,46.714001,45.16,46.683998,46.683998,23882500,2019,2019-08,0.011570877071684693,45.32264042,56.09295004
2019-08-08,46.889999,47.959999,46.529999,47.66,47.66,26371500,2019,2019-08,0.02090656417216019,45.51640042,56.071250039999995
2019-08-09,47.209999,47.792,46.762001,47.001999,47.001999,19491000,2019,2019-08,-0.013806147712966843,45.70356038,56.04531004
2019-08-12,46.598,47.153999,45.75,45.801998,45.801998,23319500,2019,2019-08,-0.025530850294260943,45.878960320000004,55.980180035000004
2019-08-13,45.762001,47.200001,45.509998,47.0,47.0,24240500,2019,2019-08,0.026156107862368883,46.103080340000005,55.92668003
2019-08-14,46.242001,46.299999,43.338001,43.924,43.924,47813000,2019,2019-08,-0.06544680851063833,46.20716032,55.831440029999996
2019-08-15,44.172001,44.312,42.310001,43.127998,43.127998,40798000,2019,2019-08,-0.018122256625079713,46.28336026,55.716180019999996
2019-08-16,43.332001,44.448002,43.203999,43.987999,43.987999,25492500,2019,2019-08,0.019940665921937883,46.33932026,55.60127001
2019-08-19,44.841999,45.566002,44.34,45.366001,45.366001,26548000,2019,2019-08,0.03132677164969455,46.42864023999999,55.4982
2019-08-20,45.523998,45.818001,44.908001,45.172001,45.172001,20626000,2019,2019-08,-0.004276330197144684,46.48056025999999,55.38674002
2019-08-21,44.402,44.644001,43.52,44.166,44.166,38971500,2019,2019-08,-0.02227045465619304,46.4954803,55.263290005
2019-08-22,44.560001,45.080002,43.644001,44.43,44.43,32795000,2019,2019-08,0.005977448716207201,46.54704027999999,55.13903001500001
2019-08-23,43.993999,44.234001,42.200001,42.279999,42.279999,42693000,2019,2019-08,-0.04839074949358546,46.53700024,55.009030015
2019-08-26,42.720001,43.004002,42.307999,43.0,43.0,25259500,2019,2019-08,0.01702935234222691,46.53732022,54.88297002499999
2019-08-27,43.147999,43.759998,42.405998,42.816002,42.816002,27081000,2019,2019-08,-0.004279023255813974,46.49352024000001,54.74889001500001
2019-08-28,42.737999,43.450001,42.462002,43.118,43.118,16127500,2019,2019-08,0.007053390926130998,46.456920200000006,54.61308002
2019-08-29,43.799999,44.68,43.599998,44.341999,44.341999,25897500,2019,2019-08,0.02838719328354755,46.438040199999996,54.48428003
2019-08-30,45.830002,46.487999,44.841999,45.122002,45.122002,46603000,2019,2019-08,0.017590614261661974,46.462000239999995,54.378610054999996
2019-09-03,44.816002,45.790001,44.632,45.001999,45.001999,26770500,2019,2019-09,-0.002659522952904503,46.474600179999996,54.26489004
2019-09-04,45.377998,45.692001,43.841999,44.136002,44.136002,28805000,2019,2019-09,-0.019243522937725466,46.462760200000005,54.141570035
2019-09-05,44.5,45.959999,44.169998,45.916,45.916,36976500,2019,2019-09,0.04032984229065417,46.5020402,54.022710015
2019-09-06,45.439999,45.928001,45.034,45.490002,45.490002,20947000,2019,2019-09,-0.009277768098266415,46.53476024,53.895850025
2019-09-09,46.0,46.751999,45.846001,46.358002,46.358002,24013500,2019,2019-09,0.019081115890036804,46.57056025999999,53.774170035
2019-09-10,46.16,47.108002,45.787998,47.108002,47.108002,24418500,2019,2019-09,0.016178436680683417,46.61888027999999,53.66222004
2019-09-11,47.476002,49.633999,47.200001,49.419998,49.419998,50214000,2019,2019-09,0.04907862575024935,46.69860028,53.57113002999999
2019-09-12,49.540001,50.700001,48.880001,49.174,49.174,42906000,2019,2019-09,-0.004977701536936552,46.783880280000005,53.491170030000006
2019-09-13,49.391998,49.689999,48.973999,49.040001,49.040001,26565500,2019,2019-09,-0.0027249969496075943,46.825080299999996,53.39037005
2019-09-16,49.200001,49.486,48.234001,48.562,48.562,23640500,2019,2019-09,-0.00974716538035958,46.86392032,53.289260065
2019-09-17,48.493999,49.119999,48.074001,48.958,48.958,19327000,2019,2019-09,0.008154524113504369,46.9217203,53.18618008000001
2019-09-18,49.0,49.633999,48.473999,48.698002,48.698002,20851000,2019,2019-09,-0.00531063360431383,46.97544032,53.08850008499999
2019-09-19,49.200001,49.588001,48.967999,49.32,49.32,23979000,2019,2019-09,0.012772556869992346,47.00616032,52.98462007999999
2019-09-20,49.298,49.389999,47.632,48.124001,48.124001,31765000,2019,2019-09,-0.024249776966747794,47.01424032,52.866750095
2019-09-23,48.0,49.035999,47.844002,48.245998,48.245998,21701000,2019,2019-09,0.0025350552211982347,46.998840300000005,52.748280075000004
2019-09-24,48.304001,48.397999,44.521999,44.641998,44.641998,64457500,2019,2019-09,-0.07470049640179477,46.87768024,52.608430065
2019-09-25,44.911999,45.796001,43.672001,45.740002,45.740002,47135500,2019,2019-09,0.024595762940538446,46.78296024,52.479160064999995
2019-09-26,46.132,48.661999,45.48,48.512001,48.512001,59422500,2019,2019-09,0.060603386068938114,46.73376026,52.356570075
2019-09-27,48.439999,49.742001,47.745998,48.425999,48.425999,55582000,2019,2019-09,-0.0017727984463060675,46.688120239999996,52.231940085
2019-09-30,48.599998,48.796001,47.222,48.174,48.174,29399000,2019,2019-09,-0.00520379558922468,46.61888019999999,52.106210085
2019-10-01,48.299999,49.189999,47.826,48.938,48.938,30813000,2019,2019-10,0.015859177149499804,46.574920160000005,51.974110075
2019-10-02,48.658001,48.93,47.886002,48.625999,48.625999,28157000,2019,2019-10,-0.006375434222894327,46.50676014,51.85153008
2019-10-03,46.372002,46.896,44.855999,46.605999,46.605999,75422500,2019,2019-10,-0.04154156298156475,46.379360080000005,51.736140084999995
2019-10-04,46.321999,46.956001,45.613998,46.285999,46.285999,39975000,2019,2019-10,-0.006866068893834898,46.38980006,51.63054009
2019-10-07,45.959999,47.712002,45.709999,47.543999,47.543999,40321000,2019,2019-10,0.02717884516222724,46.42852,51.535290075000006
2019-10-08,47.174,48.787998,46.900002,48.009998,48.009998,43391000,2019,2019-10,0.009801426253605694,46.445639979999996,51.459960065000004
2019-10-09,48.264,49.459999,48.130001,48.905998,48.905998,34472000,2019,2019-10,0.01866277936524785,46.454719940000004,51.38472006
2019-10-10,49.056,49.855999,48.316002,48.948002,48.948002,31416500,2019,2019-10,0.0008588721571534119,46.467240000000004,51.334070075
2019-10-11,49.43,50.216,49.362,49.577999,49.577999,42377000,2019,2019-10,0.012870739851648993,46.52339998,51.25587006000001
2019-10-14,49.580002,51.709999,49.425999,51.391998,51.391998,51025000,2019,2019-10,0.03658879012039207,46.61387994,51.196700039999996
2019-10-15,51.540001,52.0,50.824001,51.577999,51.577999,32164000,2019,2019-10,0.0036192599478228615,46.7321599,51.120720025
2019-10-16,51.478001,52.419998,51.383999,51.950001,51.950001,33420500,2019,2019-10,0.007212416286254131,46.848159880000004,51.04767004
2019-10-17,52.5,52.956001,52.034,52.394001,52.394001,23846500,2019,2019-10,0.008546679335001306,46.962359940000006,50.999520055000005
2019-10-18,52.139999,52.560001,51.02,51.389999,51.389999,28749000,2019,2019-10,-0.01916253732941675,47.03695992,50.956110054999996
2019-10-21,51.666,51.900002,50.035999,50.700001,50.700001,25101500,2019,2019-10,-0.013426698062399267,47.110919960000004,50.891920070000005
2019-10-22,50.863998,51.666,50.169998,51.116001,51.116001,23004000,2019,2019-10,0.008205128043291321,47.21720002,50.81254008999999
2019-10-23,50.900002,51.228001,50.27,50.936001,50.936001,26305500,2019,2019-10,-0.0035214022317591187,47.29592003999999,50.731870095
2019-10-24,59.674,60.986,57.84,59.936001,59.936001,148604500,2019,2019-10,0.17669231630492543,47.61616005999999,50.693020094999994
2019-10-25,59.543999,66.0,59.222,65.625999,65.625999,150030500,2019,2019-10,0.09493456195050443,48.06612008,50.67618007499999
2019-10-28,65.508003,68.167999,64.519997,65.542,65.542,94351500,2019,2019-10,-0.0012799652771761094,48.4972001,50.65663006
2019-10-29,63.998001,64.860001,62.950001,63.243999,63.243999,63421500,2019,2019-10,-0.03506150254798446,48.85476006,50.63845007
2019-10-30,62.599998,63.757999,61.993999,63.001999,63.001999,48209000,2019,2019-10,-0.0038264500004182578,49.21136002,50.609030055000005
2019-10-31,62.619999,63.799999,62.599998,62.984001,62.984001,25335000,2019,2019-10,-0.00028567347521779585,49.58772004,50.577900064999994
2019-11-01,63.264,63.296001,61.959999,62.661999,62.661999,31919500,2019,2019-11,-0.005112441173751425,49.95236002000001,50.54390007
2019-11-04,62.959999,64.388,61.852001,63.493999,63.493999,43935000,2019,2019-11,0.013277584712865664,50.376640019999996,50.559110065
2019-11-05,63.924,64.702003,63.223999,63.444,63.444,34717000,2019,2019-11,-0.0007874602448649792,50.78552001999999,50.577410064999995
2019-11-06,63.599998,65.344002,62.900002,65.316002,65.316002,39704500,2019,2019-11,0.029506367820439916,51.235520019999996,50.61640006500001
2019-11-07,65.828003,68.300003,65.603996,67.108002,67.108002,72336500,2019,2019-11,0.027435849487542185,51.715320059999996,50.660430085
2019-11-08,66.900002,67.491997,66.5,67.428001,67.428001,30346000,2019,2019-11,0.00476841793024918,52.177040100000006,50.700530085
2019-11-11,68.790001,69.837997,68.400002,69.017998,69.017998,49933500,2019,2019-11,0.023580663469468854,52.65496002,50.74924007
2019-11-12,69.379997,70.073997,68.807999,69.986,69.986,36797000,2019,2019-11,0.014025356110735077,53.154640040000004,50.801710064999995
2019-11-13,71.0,71.265999,69.036003,69.222,69.222,42100500,2019,2019-11,-0.010916469008087515,53.65635999999999,50.839050055
2019-11-14,69.222,70.767998,68.582001,69.870003,69.870003,32324500,2019,2019-11,0.00936122908901793,54.13544006,50.881380074999996
2019-11-15,70.127998,70.559998,69.671997,70.433998,70.433998,24045000,2019,2019-11,0.008072062055013873,54.63431998,50.921340060000006
2019-11-18,70.584,70.629997,69.220001,69.998001,69.998001,22002000,2019,2019-11,-0.006190149819409685,55.10711996,50.958440069999995
2019-11-19,70.349998,71.998001,69.559998,71.903999,71.903999,38624000,2019,2019-11,0.027229320448736827,55.603039900000006,50.99661008
2019-11-20,72.0,72.239998,69.914001,70.444,70.444,33625500,2019,2019-11,-0.020304837287283495,56.02351994,51.03161008
2019-11-21,70.902,72.167999,70.800003,70.966003,70.966003,30550000,2019,2019-11,0.007410183975924189,56.45936,51.0789301
2019-11-22,68.031998,68.199997,66.0,66.608002,66.608002,84353000,2019,2019-11,-0.06140970064215112,56.81072002,51.10617011
2019-11-25,68.863998,68.914001,66.891998,67.267998,67.267998,61697500,2019,2019-11,0.00990865932294449,57.18483998000001,51.129670095
2019-11-26,67.054001,67.099998,65.419998,65.783997,65.783997,39737000,2019,2019-11,-0.022061025214397012,57.52135992,51.14678008
2019-11-27,66.223999,66.786003,65.713997,66.258003,66.258003,27778000,2019,2019-11,0.0072054910254237825,57.87255994,51.16990010000001
2019-11-29,66.222,66.251999,65.5,65.987999,65.987999,12328000,2019,2019-11,-0.004075039810662595,58.20591992,51.196070085
2019-12-02,65.879997,67.276001,65.737999,66.973999,66.973999,30372500,2019,2019-12,0.01494211091322839,58.58291988,51.223060079999996
2019-12-03,66.524002,67.582001,66.438004,67.239998,67.239998,32868500,2019,2019-12,0.003971675634898197,58.96279987999999,51.25362008
2019-12-04,67.550003,67.571999,66.57,66.606003,66.606003,27665000,2019,2019-12,-0.009428837282237867,59.402079979999996,51.28409009
2019-12-05,66.566002,66.884003,65.449997,66.073997,66.073997,18623000,2019,2019-12,-0.007987358136473,59.80875988,51.323230085
2019-12-06,67.0,67.772003,66.954002,67.178001,67.178001,38062000,2019,2019-12,0.01670860020773368,60.18207988,51.364410085
2019-12-09,67.318001,68.889999,67.015999,67.905998,67.905998,45115500,2019,2019-12,0.010836836303003361,60.57167986,51.405170065
2019-12-10,67.991997,70.146004,67.862,69.767998,69.767998,44141500,2019,2019-12,0.027420258222256244,61.00355982,51.45615006
2019-12-11,70.375999,71.438004,70.218002,70.540001,70.540001,34489000,2019,2019-12,0.011065288128233153,61.43559984,51.494110055
2019-12-12,70.984001,72.547997,70.646004,71.935997,71.935997,38819500,2019,2019-12,0.019790132977174135,61.901799800000006,51.53391003000001
2019-12-13,72.209999,73.042,70.928001,71.678001,71.678001,32854500,2019,2019-12,-0.0035864658969000374,62.40323984,51.597510035000006
2019-12-16,72.510002,76.722,72.5,76.300003,76.300003,90871000,2019,2019-12,0.06448285297465262,63.00351992,51.693650055
2019-12-17,75.797997,77.099998,75.18,75.797997,75.797997,42484000,2019,2019-12,-0.006579370645634297,63.56859988,51.796100045
2019-12-18,76.125999,79.043999,76.115997,78.629997,78.629997,70605000,2019,2019-12,0.03736246486829997,64.18099986,51.913010025000005
2019-12-19,79.463997,81.370003,79.300003,80.807999,80.807999,90535500,2019,2019-12,0.027699377885007426,64.81903988,52.040460015
2019-12-20,82.057999,82.599998,80.038002,81.117996,81.117996,73763500,2019,2019-12,0.0038362167586900586,65.46243976,52.16191
2019-12-23,82.356003,84.402,82.0,83.844002,83.844002,66598000,2019,2019-12,0.033605440647227036,66.14775981999999,52.29021002
2019-12-24,83.671997,85.094002,82.538002,85.050003,85.050003,40273500,2019,2019-12,0.014383867315875598,66.82091992000001,52.43210003
2019-12-26,85.582001,86.695999,85.269997,86.188004,86.188004,53169500,2019,2019-12,0.01338037577729434,67.51312002,52.57408005
2019-12-27,87.0,87.061996,85.222,86.075996,86.075996,49728500,2019,2019-12,-0.0012995776071110798,68.19563992,52.714500025
2019-12-30,85.758003,85.800003,81.851997,82.940002,82.940002,62932000,2019,2019-12,-0.03643285173255495,68.80655994,52.85377004000001
2019-12-31,81.0,84.258003,80.416,83.666,83.666,51428500,2019,2019-12,0.008753291324974821,69.45207996,53.002610045000004
2020-01-02,84.900002,86.139999,84.342003,86.052002,86.052002,47660500,2020,2020-01,0.0285181794277245,70.15911998,53.16540006
2020-01-03,88.099998,90.800003,87.384003,88.601997,88.601997,88892500,2020,2020-01,0.029633186221512897,70.90883989999999,53.33481004
2020-01-06,88.094002,90.311996,88.0,90.307999,90.307999,50665000,2020,2020-01,0.019254667589490015,71.69627986,53.51233003
2020-01-07,92.279999,94.325996,90.671997,93.811996,93.811996,89410500,2020,2020-01,0.03880051644151705,72.37379976,53.71686001999999
2020-01-08,94.739998,99.697998,93.646004,98.428001,98.428001,155721500,2020,2020-01,0.049204847959956055,73.0298398,53.948580025
2020-01-09,99.419998,99.760002,94.573997,96.267998,96.267998,142202000,2020,2020-01,-0.021945005263288686,73.64435976,54.162150010000005
2020-01-10,96.358002,96.987999,94.739998,95.629997,95.629997,64797500,2020,2020-01,-0.006627342556765337,74.29207972,54.365469995000005
2020-01-13,98.699997,105.125999,98.400002,104.972,104.972,132588000,2020,2020-01,0.0976890441604843,75.13147974,54.61171
2020-01-14,108.851997,109.482002,104.980003,107.584,107.584,144981000,2020,2020-01,0.02488282589642954,76.02347972,54.869769999999995
2020-01-15,105.952003,107.568001,103.358002,103.699997,103.699997,86844000,2020,2020-01,-0.036102050490779414,76.84423968,55.099089989999996
2020-01-16,98.75,102.891998,98.433998,102.697998,102.697998,108683500,2020,2020-01,-0.00966247858232816,77.62831966,55.326699985000005
2020-01-17,101.522003,103.134003,100.632004,102.099998,102.099998,68145500,2020,2020-01,-0.005822898319789993,78.40143962,55.545389975
2020-01-21,106.050003,109.716003,105.681999,109.440002,109.440002,89017500,2020,2020-01,0.07189034420940943,79.28391962,55.824809985
2020-01-22,114.377998,118.900002,111.82,113.912003,113.912003,156845000,2020,2020-01,0.04086258149008426,80.21999964000001,56.119409995
2020-01-23,112.849998,116.400002,111.120003,114.440002,114.440002,98255000,2020,2020-01,0.004635148062491767,81.16023966,56.418410009999995
2020-01-24,114.125999,114.772003,110.851997,112.963997,112.963997,71768000,2020,2020-01,-0.012897631721467517,82.03915964,56.710919985000004
2020-01-27,108.398003,112.888,107.856003,111.603996,111.603996,68040500,2020,2020-01,-0.012039242910287684,82.87151956,56.99287995500001
2020-01-28,113.697998,115.362,111.615997,113.379997,113.379997,58942500,2020,2020-01,0.01591341765217802,83.75467950000001,57.29135995000001
2020-01-29,115.138,117.959999,113.486,116.197998,116.197998,89007500,2020,2020-01,0.024854481165667908,84.6812394,57.604649935000005
2020-01-30,126.484001,130.175995,123.599998,128.162003,128.162003,145028500,2020,2020-01,0.10296223003773264,85.8357995,57.979079945
2020-01-31,128.0,130.600006,126.503998,130.113998,130.113998,78596500,2020,2020-01,0.015230684245782333,87.03811943999999,58.35628993
2020-02-03,134.738007,157.227997,134.703995,156.0,156.0,235325000,2020,2020-02,0.19894863272128482,88.72003946,58.86505994
2020-02-04,176.591995,193.798004,166.776001,177.412003,177.412003,304694000,2020,2020-02,0.13725642948717942,90.85939952000001,59.478859955
2020-02-05,164.651993,169.195999,140.822006,146.940002,146.940002,242119000,2020,2020-02,-0.1717583956255767,92.37887949999998,59.95080997
2020-02-06,139.983994,159.166,137.399994,149.792007,149.792007,199404000,2020,2020-02,0.019409316463736115,94.04255959999999,60.43587001
2020-02-07,146.110001,153.949997,146.0,149.613998,149.613998,85317500,2020,2020-02,-0.001188374490502686,95.68947960000001,60.925280009999994
2020-02-10,160.0,163.998001,150.479996,154.255997,154.255997,123446000,2020,2020-02,0.031026501945359497,97.45891959999999,61.44892999
2020-02-11,153.757996,156.701996,151.600006,154.876007,154.876007,58487500,2020,2020-02,0.0040193575099707335,99.23127968,61.988170025
2020-02-12,155.574005,157.949997,152.673996,153.457993,153.457993,60112500,2020,2020-02,-0.00915580164718477,100.98067956000001,62.513989994999996
2020-02-13,148.367996,163.600006,147.0,160.800003,160.800003,131446500,2020,2020-02,0.04784377702632936,102.85719964,63.079300015
2020-02-14,157.444,162.593994,157.100006,160.005997,160.005997,78468500,2020,2020-02,-0.0049378481665823815,104.71251962000001,63.64532001
2020-02-18,168.320007,172.0,166.472,171.679993,171.679993,81908500,2020,2020-02,0.0729597403777309,106.81399942,64.25961997499999
2020-02-19,184.699997,188.955994,180.203995,183.483994,183.483994,127115000,2020,2020-02,0.0687558334185161,109.16219935999999,64.92200994
2020-02-20,182.389999,182.399994,171.988007,179.882004,179.882004,88174500,2020,2020-02,-0.019631085641181323,111.41627942,65.566079955
2020-02-21,181.395996,182.612,176.089996,180.199997,180.199997,71574000,2020,2020-02,0.0017677866208338777,113.66215940000001,66.220019945
2020-02-24,167.800003,172.699997,164.440002,166.757996,166.757996,75961000,2020,2020-02,-0.07459490135285629,115.60195936,66.80896993
2020-02-25,169.800003,171.320007,157.399994,159.981995,159.981995,86452500,2020,2020-02,-0.040633739685861814,117.39079923999999,67.366899905
2020-02-26,156.5,162.662003,155.222,155.759995,155.759995,70427500,2020,2020-02,-0.02639046975254944,119.06727920000002,67.90617988499999
2020-02-27,146.0,147.953995,133.800003,135.800003,135.800003,121386000,2020,2020-02,-0.12814581818649906,120.34971924,68.35816990000001
2020-02-28,125.940002,138.104004,122.304001,133.598007,133.598007,121114500,2020,2020-02,-0.01621499227801937,121.49567932,68.793849925
2020-03-02,142.251999,148.738007,137.334,148.723999,148.723999,100975000,2020,2020-03,0.11322019197486988,122.95419936,69.305519925
2020-03-03,161.0,161.395996,143.222,149.102005,149.102005,128920000,2020,2020-03,0.002541661080536217,124.36363951999999,69.82269995
2020-03-04,152.792007,153.304001,144.945999,149.899994,149.899994,75245000,2020,2020-03,0.005351966930290386,125.74547942000001,70.361169915
2020-03-05,144.753998,149.149994,143.613998,144.908005,144.908005,54263500,2020,2020-03,-0.03330212941836397,127.0212796,70.88034994499999
2020-03-06,138.0,141.399994,136.854004,140.695999,140.695999,63314500,2020,2020-03,-0.029066758596255626,128.15831953999998,71.378749945
2020-03-09,121.078003,132.600006,121.0,121.599998,121.599998,85368500,2020,2020-03,-0.13572525967849303,128.88931944,71.79401993
2020-03-10,131.886002,133.600006,121.599998,129.065994,129.065994,77972000,2020,2020-03,0.061397994430888,129.74687924,72.2438599
2020-03-11,128.039993,130.716003,122.599998,126.846001,126.846001,66612500,2020,2020-03,-0.017200448632503362,130.56227934,72.68745991
2020-03-12,116.178001,118.900002,109.25,112.110001,112.110001,94545500,2020,2020-03,-0.11617236557579769,131.14567932,73.059309905
2020-03-13,119.0,121.514,100.400002,109.323997,109.323997,113201500,2020,2020-03,-0.024850628625005422,131.65883926,73.41606989
2020-03-16,93.900002,98.973999,88.433998,89.014,89.014,102447500,2020,2020-03,-0.18577803188077735,131.71807922,73.672919885
2020-03-17,88.001999,94.370003,79.199997,86.040001,86.040001,119973000,2020,2020-03,-0.033410463522591916,131.6668393,73.917959885
2020-03-18,77.800003,80.972,70.101997,72.244003,72.244003,118931000,2020,2020-03,-0.16034400092580192,131.30555938,74.100209905
2020-03-19,74.940002,90.400002,71.692001,85.528,85.528,150977500,2020,2020-03,0.18387681258470678,131.13987946,74.33424989999999
2020-03-20,87.639999,95.400002,85.157997,85.505997,85.505997,141427500,2020,2020-03,-0.0002572607800955806,130.88143938000002,74.56518987999999
2020-03-23,86.720001,88.400002,82.099998,86.858002,86.858002,82272500,2020,2020-03,0.01581181493036099,130.69323946,74.79352989499999
2020-03-24,95.459999,102.737999,94.800003,101.0,101.0,114476000,2020,2020-03,0.16281744542086063,130.80063952,75.094029885
2020-03-25,109.050003,111.400002,102.222,107.849998,107.849998,106113500,2020,2020-03,0.0678217623762376,130.85819948,75.420399875
2020-03-26,109.477997,112.0,102.449997,105.632004,105.632004,86903500,2020,2020-03,-0.020565545119435313,130.81915956,75.73145990500001
2020-03-27,101.0,105.160004,98.806,102.872002,102.872002,71887000,2020,2020-03,-0.0261284638697189,130.80259966,76.03655991
2020-03-30,102.052002,103.330002,98.246002,100.426003,100.426003,59990500,2020,2020-03,-0.023777110899426246,130.75715976,76.32477992
2020-03-31,100.25,108.592003,99.400002,104.800003,104.800003,88857500,2020,2020-03,0.043554456707791234,130.81115985999998,76.63385993
2020-04-01,100.800003,102.790001,95.019997,96.311996,96.311996,66766000,2020,2020-04,-0.08099243088762131,130.54859974000001,76.89038990499999
2020-04-02,96.206001,98.851997,89.279999,90.893997,90.893997,99292000,2020,2020-04,-0.05625466426840531,130.08823962,77.12011988
2020-04-03,101.900002,103.098,93.678001,96.001999,96.001999,112810500,2020,2020-04,0.05619735261504677,129.71947956,77.37369988
2020-04-06,102.239998,104.199997,99.592003,103.248001,103.248001,74509000,2020,2020-04,0.0754776158358954,129.52515964,77.670319885
2020-04-07,109.0,113.0,106.468002,109.089996,109.089996,89599000,2020,2020-04,0.05658216084977763,129.47487964,77.993909855
2020-04-08,110.839996,111.442001,106.666,109.767998,109.767998,63280000,2020,2020-04,0.006215070353472241,129.40263966,78.31910984
2020-04-09,112.417999,115.036003,111.421997,114.599998,114.599998,68250000,2020,2020-04,0.044020115954014116,129.37067966,78.67234983
2020-04-13,118.031998,130.399994,116.106003,130.190002,130.190002,112377000,2020,2020-04,0.13603843169351526,129.41123964,79.10402984
2020-04-14,139.794006,148.376007,138.485992,141.977997,141.977997,152882500,2020,2020-04,0.09054454888171826,129.64851962,79.59107981999999
2020-04-15,148.399994,150.626007,142.0,145.966003,145.966003,117885000,2020,2020-04,0.028088901690872747,129.44783968,80.09744983
2020-04-16,143.388,151.889999,141.343994,149.042007,149.042007,103289500,2020,2020-04,0.021073427625472485,128.88043976,80.61548987500001
2020-04-17,154.455994,154.990005,149.531998,150.778,150.778,65641000,2020,2020-04,0.011647675946822034,128.95719972,81.144829875
2020-04-20,146.539993,153.113998,142.442001,149.272003,149.272003,73733000,2020,2020-04,-0.009988174667391658,128.94679964,81.65628989000001
2020-04-21,146.024002,150.666,134.757996,137.343994,137.343994,101045500,2020,2020-04,-0.0799078779695882,128.70139956,82.109909865
2020-04-22,140.796005,146.800003,137.742004,146.421997,146.421997,70827500,2020,2020-04,0.06609683274537659,128.54471956,82.611679845
2020-04-23,145.520004,146.800003,140.626007,141.126007,141.126007,66183500,2020,2020-04,-0.03616936053672326,128.26971956,83.087249875
2020-04-24,142.162003,146.145996,139.636002,145.029999,145.029999,66060000,2020,2020-04,0.02766316487647824,128.10115968,83.57347987000001
2020-04-27,147.522003,159.897995,147.0,159.75,159.75,103407000,2020,2020-04,0.10149624975174953,128.08015962000002,84.133629865
2020-04-28,159.128006,161.0,151.337997,153.824005,153.824005,76110000,2020,2020-04,-0.037095430359937454,127.95651978,84.657669895
2020-04-29,158.033997,160.639999,156.632004,160.102005,160.102005,81080000,2020,2020-04,0.040812875727686215,127.72496002,85.204679915
2020-04-30,171.037994,173.964005,152.699997,156.376007,156.376007,142359500,2020,2020-04,-0.023272650458062705,127.18280028000001,85.73417993999999
2020-05-01,151.0,154.554001,136.608002,140.264008,140.264008,162659000,2020,2020-05,-0.1030337026063084,126.39044036,86.18063998
2020-05-04,140.199997,152.399994,139.600006,152.238007,152.238007,96185500,2020,2020-05,0.08536758054140314,125.83120056000001,86.688290015
2020-05-05,157.957993,159.783997,152.436005,153.641998,153.641998,84958500,2020,2020-05,0.009222342223647262,125.5688806,87.198319995
2020-05-06,155.300003,157.960007,152.222,156.516006,156.516006,55616000,2020,2020-05,0.018705874939220823,125.49956082,87.72522001500002
2020-05-07,155.442001,159.279999,154.470001,156.007996,156.007996,57638500,2020,2020-05,-0.003245738330429959,125.50452083999998,88.245089995
2020-05-08,158.753998,164.800003,157.401993,163.884003,163.884003,80432500,2020,2020-05,0.050484636697724294,126.06620084000001,88.79963
2020-05-11,158.102005,164.800003,157.0,162.257996,162.257996,82598000,2020,2020-05,-0.00992169443164026,126.63940062,89.38209998
2020-05-12,165.399994,168.658005,161.600006,161.882004,161.882004,79534500,2020,2020-05,-0.002317247896984953,126.90256072,89.96346999
2020-05-13,164.166,165.199997,152.660004,158.192001,158.192001,95327500,2020,2020-05,-0.022794399061182746,127.08436064,90.51866
2020-05-14,156.0,160.671997,152.800003,160.666,160.666,68411000,2020,2020-05,0.015639216802118883,127.29968075999999,91.07973
2020-05-15,158.070007,161.009995,157.309998,159.834,159.834,52592000,2020,2020-05,-0.005178444723836995,127.59820065999999,91.637290005
2020-05-18,165.556,166.944,160.776001,162.725998,162.725998,58329000,2020,2020-05,0.018093759775767326,128.03880064,92.217069995
2020-05-19,163.033997,164.414001,161.216003,161.602005,161.602005,48182500,2020,2020-05,-0.006907273661336033,128.83884078,92.79074001999999
2020-05-20,164.100006,165.199997,162.360001,163.112,163.112,36546500,2020,2020-05,0.009343912533758436,129.5197609,93.37798001499999
2020-05-21,163.199997,166.5,159.199997,165.520004,165.520004,61273000,2020,2020-05,0.014762886850752999,130.29324096,93.97483002500002
2020-05-22,164.434006,166.356003,162.399994,163.376007,163.376007,49937500,2020,2020-05,-0.012953099010316715,131.31856108,94.55829007
2020-05-26,166.899994,166.919998,163.141998,163.774002,163.774002,40448500,2020,2020-05,0.0024360676167094475,132.40756118,95.13886008
2020-05-27,164.171997,165.542007,157.0,164.046005,164.046005,57747500,2020,2020-05,0.0016608435812663913,133.90820128000001,95.72408010999999
2020-05-28,162.701996,164.949997,160.337997,161.162003,161.162003,36278000,2020,2020-05,-0.01758044641196843,135.41064132,96.300880135
2020-05-29,161.75,167.0,160.841995,167.0,167.0,58822500,2020,2020-05,0.03622440085955003,137.30576126,96.90088013500001
2020-06-01,171.600006,179.800003,170.820007,179.619995,179.619995,74697500,2020,2020-06,0.07556883233532918,139.18760115999999,97.57936011
2020-06-02,178.940002,181.731995,174.199997,176.311996,176.311996,67828000,2020,2020-06,-0.018416652333165917,141.00372114,98.2452801
2020-06-03,177.623993,179.587997,176.020004,176.591995,176.591995,39747500,2020,2020-06,0.001588088197923998,142.79840099999998,98.90830007999999
2020-06-04,177.975998,179.149994,171.688004,172.876007,172.876007,44438500,2020,2020-06,-0.02104278849106389,144.23592114,99.54585010999999
2020-06-05,175.567993,177.304001,173.240005,177.132004,177.132004,39059500,2020,2020-06,0.02461878356549496,145.62156126,100.205650125
2020-06-08,183.800003,190.0,181.832001,189.983994,189.983994,70873500,2020,2020-06,0.07255600179400679,147.30860106,100.934740095
2020-06-09,188.001999,190.888,184.785995,188.134003,188.134003,56941000,2020,2020-06,-0.009737615054034476,149.01384108,101.65326010999999
2020-06-10,198.376007,205.496002,196.5,205.009995,205.009995,92817000,2020,2020-06,0.08970197694671911,151.10552091999998,102.46691009
2020-06-11,198.039993,203.792007,194.399994,194.567993,194.567993,79582500,2020,2020-06,-0.05093411177342844,152.90088072,103.224750055
2020-06-12,196.0,197.595993,182.520004,187.056,187.056,83817000,2020,2020-06,-0.0386085752552322,154.7157608,103.945950045
2020-06-15,183.557999,199.768005,181.699997,198.179993,198.179993,78486000,2020,2020-06,0.05946878474895212,156.86148072,104.72126000999998
2020-06-16,202.369995,202.576004,192.477997,196.425995,196.425995,70255500,2020,2020-06,-0.008850530133987844,158.86996064,105.48167998999999
2020-06-17,197.542007,201.0,196.514008,198.358002,198.358002,49454000,2020,2020-06,0.009835801009942635,160.77216066,106.24785999
2020-06-18,200.600006,203.839996,198.893997,200.792007,200.792007,48759500,2020,2020-06,0.012270767881600309,162.60620088,107.02681003
2020-06-19,202.556,203.194,198.268005,200.179993,200.179993,43398500,2020,2020-06,-0.003047999814056457,164.41444078,107.80702998499999
2020-06-22,199.990005,201.776001,198.003998,198.863998,198.863998,31812000,2020,2020-06,-0.006574058577372366,166.09972077999998,108.571769975
2020-06-23,199.776001,202.399994,198.802002,200.356003,200.356003,31826500,2020,2020-06,0.007502640070627509,167.50304079999998,109.34609998
2020-06-24,198.822006,200.175995,190.628006,192.169998,192.169998,54798000,2020,2020-06,-0.04085729839599561,168.50688082,110.07515996000001
2020-06-25,190.854004,197.195999,187.429993,197.195999,197.195999,46272500,2020,2020-06,0.026153931687088905,169.53148074,110.82559994500001
2020-06-26,198.955994,199.0,190.973999,191.947998,191.947998,44274500,2020,2020-06,-0.026613121090757974,170.38960056,111.538239945
2020-06-29,193.802002,202.0,189.703995,201.869995,201.869995,45132000,2020,2020-06,0.05169106791100764,171.41144046000002,112.30171992000001
2020-06-30,201.300003,217.537994,200.746002,215.962006,215.962006,84592500,2020,2020-06,0.0698073579483669,172.74524052,113.136329945
2020-07-01,216.600006,227.065994,216.100006,223.925995,223.925995,66634500,2020,2020-07,0.036876806006330476,174.47688054,114.01314991999999
2020-07-02,244.296005,245.600006,237.119995,241.731995,241.731995,86250500,2020,2020-07,0.07951734232553043,176.3830805,114.977019895
2020-07-06,255.337997,275.558014,253.207993,274.31601,274.31601,102849500,2020,2020-07,0.13479396883312855,179.04688056000003,116.105109935
2020-07-07,281.002014,285.899994,267.34201,277.971985,277.971985,107448500,2020,2020-07,0.013327603445383973,181.70572028000004,117.24836986
2020-07-08,281.0,283.451996,262.268005,273.175995,273.175995,81556500,2020,2020-07,-0.0172535012835916,183.97424018,118.37362982999998
2020-07-09,279.39801,281.712006,270.256012,278.855988,278.855988,58588000,2020,2020-07,0.02079243090155125,186.47487984,119.52667978
2020-07-10,279.200012,309.783997,275.201996,308.929993,308.929993,116688000,2020,2020-07,0.10784780063607591,189.4514396,120.84811975500001
2020-07-13,331.799988,358.997986,294.221985,299.411987,299.411987,194927000,2020,2020-07,-0.03080958863065142,192.31215920000002,122.11647968
2020-07-14,311.200012,318.0,286.200012,303.359985,303.359985,117090500,2020,2020-07,0.013185838147488749,195.57407874,123.3907196
2020-07-15,308.600006,310.0,291.399994,309.201996,309.201996,81839000,2020,2020-07,0.019257684892092897,198.71335852,124.69459958499999
2020-07-16,295.432007,306.34201,293.200012,300.127991,300.127991,71504000,2020,2020-07,-0.029346527892400776,201.64307838000002,125.95436954
2020-07-17,302.690002,307.502014,298.0,300.167999,300.167999,46650000,2020,2020-07,0.00013330312799775257,204.51611824,127.210519535
2020-07-20,303.802002,330.0,297.600006,328.600006,328.600006,85607000,2020,2020-07,0.09472031360678135,207.96795844,128.61038957
2020-07-21,327.985992,335.0,311.600006,313.671997,313.671997,80536000,2020,2020-07,-0.04542911968175689,210.96371832,129.94571956
2020-07-22,319.799988,325.283997,312.399994,318.466003,318.466003,70805500,2020,2020-07,0.015283500107917014,214.08787845999998,131.30661958000002
2020-07-23,335.790009,337.799988,296.153992,302.614014,302.614014,121642500,2020,2020-07,-0.04977607923819738,216.90251866000003,132.581969655
2020-07-24,283.201996,293.0,273.308014,283.399994,283.399994,96983000,2020,2020-07,-0.06349349042374486,219.40667851999999,133.758919635
2020-07-27,287.0,309.588013,282.600006,307.920013,307.920013,80243500,2020,2020-07,0.08652088750573506,222.35175878,135.05398971
2020-07-28,300.799988,312.940002,294.884003,295.298004,295.298004,79043500,2020,2020-07,-0.04099119403453644,225.06103886,136.28573972
2020-07-29,300.200012,306.962006,297.399994,299.821991,299.821991,47134500,2020,2020-07,0.015320073074384988,227.80295872,137.53695968
2020-07-30,297.600006,302.64801,294.200012,297.497986,297.497986,38105000,2020,2020-07,-0.007751282660250269,230.52087834000002,138.76748962
2020-07-31,303.0,303.410004,284.196014,286.152008,286.152008,61041000,2020,2020-07,-0.03813799936111162,232.9816785,139.94035966500002
2020-08-03,289.839996,301.962006,288.876007,297.0,297.0,44046500,2020,2020-08,0.037909892982473714,235.61127842000002,141.16560966
2020-08-04,299.002014,305.481995,292.399994,297.399994,297.399994,42075000,2020,2020-08,0.0013467811447811506,238.29175816000003,142.390639625
2020-08-05,298.597992,299.967987,293.661987,297.003998,297.003998,24739000,2020,2020-08,-0.0013315265904140228,240.95635808000003,143.61870962
2020-08-06,298.165985,303.462006,295.451996,297.915985,297.915985,29961500,2020,2020-08,0.003070621965162834,243.63375768000003,144.85478954
2020-08-07,299.90799,299.950012,283.002014,290.541992,290.541992,44482000,2020,2020-08,-0.024751921250549813,246.22135746,146.051919495
2020-08-10,289.600006,291.5,277.167999,283.713989,283.713989,37611500,2020,2020-08,-0.023500916177376374,248.55563724,147.21580943499998
2020-08-11,279.200012,284.0,273.0,274.877991,274.877991,43129000,2020,2020-08,-0.031144033578125785,250.46079716,148.290519385
2020-08-12,294.0,317.0,287.0,310.951996,310.951996,109147000,2020,2020-08,0.131236425545616,253.15359716,149.51714937
2020-08-13,322.200012,330.235992,313.451996,324.200012,324.200012,102126500,2020,2020-08,0.04260469837923142,256.1057575,150.81043943
2020-08-14,332.997986,333.76001,325.328003,330.141998,330.141998,62888000,2020,2020-08,0.01832814861215981,259.25107732,152.14492942500002
2020-08-17,335.399994,369.171997,334.56601,367.127991,367.127991,101211500,2020,2020-08,0.11203056025607494,263.05099706,153.66555938500002
2020-08-18,379.798004,384.779999,369.022003,377.417999,377.417999,82372500,2020,2020-08,0.028028394053996264,266.79967716,155.237729375
2020-08-19,373.0,382.200012,368.242004,375.705994,375.705994,61026500,2020,2020-08,-0.004536097919378812,270.55111698,156.80294935
2020-08-20,372.135986,404.39801,371.411987,400.365997,400.365997,103059000,2020,2020-08,0.06563643751715076,274.45823701999996,158.48730934
2020-08-21,408.951996,419.097992,405.01001,409.996002,409.996002,107448000,2020,2020-08,0.024053004181571414,278.7667972,160.22006935
2020-08-24,425.256012,425.799988,385.503998,402.839996,402.839996,100318000,2020,2020-08,-0.01745384336698974,283.08247712,161.90768932
2020-08-25,394.977997,405.589996,393.600006,404.667999,404.667999,53294500,2020,2020-08,0.004537789241761514,287.21223724000004,163.595489305
2020-08-26,412.0,433.200012,410.726013,430.634003,430.634003,71197000,2020,2020-08,0.06416619071477414,291.8963974,165.411519315
2020-08-27,436.09201,459.119995,428.5,447.75,447.75,118465000,2020,2020-08,0.03974604160554418,296.88423736,167.30517932499998
2020-08-28,459.023987,463.697998,437.303986,442.679993,442.679993,100406000,2020,2020-08,-0.011323298715801178,301.72199708,169.16864929
2020-08-31,444.609985,500.140015,440.109985,498.320007,498.320007,118374400,2020,2020-08,0.12568901888457362,307.68479736,171.31413932499999
2020-09-01,502.140015,502.48999,470.51001,475.049988,475.049988,89841100,2020,2020-09,-0.04669693906148942,313.20851716,173.34003924999996
2020-09-02,478.98999,479.040009,405.119995,447.369995,447.369995,96176100,2020,2020-09,-0.058267537520704016,318.148797,175.224719235
2020-09-03,407.230011,431.799988,402.0,407.0,407.0,87596100,2020,2020-09,-0.09023849487268365,322.44539704,176.90972923
2020-09-04,402.809998,428.0,372.019989,418.320007,418.320007,110321900,2020,2020-09,0.027813285012284972,326.8678772,178.64180927
2020-09-08,356.0,368.73999,329.880005,330.209991,330.209991,115465700,2020,2020-09,-0.21062826191815387,329.63311706,179.94063922499998
2020-09-09,356.600006,369.0,341.51001,366.279999,366.279999,79465800,2020,2020-09,0.10923354526847118,332.9213171399999,181.417209205
2020-09-10,386.209991,398.98999,360.559998,371.339996,371.339996,84930600,2020,2020-09,0.01381455993724634,336.02887694000003,182.94086917500002
2020-09-11,381.940002,382.5,360.5,372.720001,372.720001,60717500,2020,2020-09,0.0037162843078180074,339.00475706,184.46812919
2020-09-14,380.950012,420.0,373.299988,419.619995,419.619995,83020600,2020,2020-09,0.1258317071103463,342.56251706,186.23730918
2020-09-15,436.559998,461.940002,430.700012,449.76001,449.76001,97298200,2020,2020-09,0.07182692759910081,346.07139706000004,188.15481921499997
2020-09-16,439.869995,457.790009,435.309998,441.76001,441.76001,72279300,2020,2020-09,-0.01778726392326435,349.34715755999997,190.03367927
2020-09-17,415.600006,437.790009,408.0,423.429993,423.429993,76779200,2020,2020-09,-0.04149315597851422,352.3522375200001,191.81595924
2020-09-18,447.940002,451.0,428.799988,442.149994,442.149994,86406800,2020,2020-09,0.04421038025050805,355.61811764,193.69050922000002
2020-09-21,453.130005,455.679993,407.070007,449.390015,449.390015,109476800,2020,2020-09,0.01637458124674329,358.42731808,195.60442928
2020-09-22,429.600006,437.76001,417.600006,424.230011,424.230011,79580800,2020,2020-09,-0.05598701163843178,360.92367856000004,197.39520935000002
2020-09-23,405.160004,412.149994,375.880005,380.359985,380.359985,95074200,2020,2020-09,-0.10341094421063957,362.46367855999995,198.96111927
2020-09-24,363.799988,399.5,351.299988,387.790009,387.790009,96561100,2020,2020-09,0.0195341894337282,364.03543881999997,200.56053932499998
2020-09-25,393.470001,408.730011,391.299988,407.339996,407.339996,67208500,2020,2020-09,0.050413849109763875,366.17967892,202.248399315
2020-09-28,424.619995,428.079987,415.549988,421.200012,421.200012,49719600,2020,2020-09,0.03402566930844686,368.60031918,204.00169937
2020-09-29,416.0,428.5,411.600006,419.070007,419.070007,50219300,2020,2020-09,-0.005056991783751519,370.4097192,205.73736942000002
2020-09-30,421.320007,433.929993,420.470001,429.01001,429.01001,48145600,2020,2020-09,0.023719194487712425,372.7164794600001,207.524029465
2020-10-01,440.76001,448.880005,434.420013,448.160004,448.160004,50741500,2020,2020-10,0.04463763910776808,375.31035948000005,209.38332946999998
2020-10-02,421.390015,439.130005,415.0,415.089996,415.089996,71430000,2020,2020-10,-0.07379062768840927,377.55987912000006,211.079789465
2020-10-05,423.350006,433.640015,419.329987,425.679993,425.679993,44722800,2020,2020-10,0.025512532467778515,380.4054790999999,212.815039445
2020-10-06,423.790009,428.779999,406.049988,413.980011,413.980011,49146300,2020,2020-10,-0.02748539323528887,382.52667906000005,214.48089950499997
2020-10-07,419.869995,429.899994,413.850006,425.299988,425.299988,43127700,2020,2020-10,0.02734425986572564,385.12671874,216.201809465
2020-10-08,438.440002,439.0,425.299988,425.920013,425.920013,40421100,2020,2020-10,0.0014578533211715428,387.64867918,217.91218952
2020-10-09,430.130005,434.589996,426.459991,434.0,434.0,28925700,2020,2020-10,0.018970667621575288,390.37871946,219.656939505
2020-10-12,442.0,448.73999,438.579987,442.299988,442.299988,38791100,2020,2020-10,0.019124396313364045,393.50167905999996,221.437499425
2020-10-13,443.350006,448.890015,436.600006,446.649994,446.649994,34463700,2020,2020-10,0.009834967483652868,396.49467894000003,223.24036941499998
2020-10-14,449.779999,465.899994,447.350006,461.299988,461.299988,47879700,2020,2020-10,0.0327997183405313,399.77267882,225.132169345
2020-10-15,450.309998,456.570007,442.5,448.880005,448.880005,35672400,2020,2020-10,-0.02692387453519729,402.81019896,226.95823936999997
2020-10-16,454.440002,455.950012,438.850006,439.670013,439.670013,32775900,2020,2020-10,-0.020517714973737777,405.64527952,228.72632942500002
2020-10-19,446.23999,447.0,428.869995,430.829987,430.829987,36287800,2020,2020-10,-0.020106047123118143,408.45103942000003,230.437469375
2020-10-20,431.75,431.75,419.049988,421.940002,421.940002,31656300,2020,2020-10,-0.020634554855161524,411.21555968,232.09562939
2020-10-21,422.700012,432.950012,421.25,422.640015,422.640015,32370500,2020,2020-10,0.001659034452011987,414.17080016,233.739769485
2020-10-22,441.920013,445.230011,424.51001,425.790009,425.790009,39993200,2020,2020-10,0.007453137157398482,416.46756042,235.376579525
2020-10-23,421.839996,422.890015,407.380005,420.630005,420.630005,33717000,2020,2020-10,-0.012118659176899582,418.39616027999995,236.99838956
2020-10-26,411.630005,425.76001,410.0,420.279999,420.279999,28239200,2020,2020-10,-0.0008320994599517739,420.19892030000005,238.62163957
2020-10-27,423.76001,430.5,420.100006,424.679993,424.679993,22686500,2020,2020-10,0.010469196750902299,421.34996033999994,240.220179535
2020-10-28,416.480011,418.600006,406.0,406.019989,406.019989,25451400,2020,2020-10,-0.04393897595265339,421.92200014,241.71235947999998
2020-10-29,409.959991,418.059998,406.459991,410.829987,410.829987,22655300,2020,2020-10,0.011846702453853775,422.62448000000006,243.24800943000002
2020-10-30,406.899994,407.589996,379.109985,388.040009,388.040009,42511300,2020,2020-10,-0.05547301492381085,422.37796024000005,244.674719485
2020-11-02,394.0,406.980011,392.299988,400.51001,400.51001,29021100,2020,2020-11,0.0321358641139502,422.1882404,246.16676954500002
2020-11-03,409.730011,427.769989,406.690002,423.899994,423.899994,34351700,2020,2020-11,0.058400497905158444,422.60944035999995,247.739069505
2020-11-04,430.619995,435.399994,417.100006,420.980011,420.980011,32143100,2020,2020-11,-0.00688837707320189,422.93568060000007,249.27440954500003
2020-11-05,428.299988,440.0,424.0,438.089996,438.089996,28414500,2020,2020-11,0.04064322426938216,423.08480046000005,250.892659515
2020-11-06,436.100006,436.570007,424.279999,429.950012,429.950012,21706000,2020,2020-11,-0.018580620590112673,422.7288007000001,252.47758958999998
2020-11-09,439.5,452.5,421.0,421.26001,421.26001,34833000,2020,2020-11,-0.020211656605326422,422.30040104,254.02586965999998
2020-11-10,420.089996,420.089996,396.029999,410.359985,410.359985,30284200,2020,2020-11,-0.025874815413881813,420.5412006,255.51076959999997
2020-11-11,416.450012,418.700012,410.579987,417.130005,417.130005,17357700,2020,2020-11,0.016497758669135276,419.38280094000004,257.015429635
2020-11-12,415.049988,423.0,409.519989,411.76001,411.76001,19855100,2020,2020-11,-0.012873672321893848,418.67060123999994,258.43341967
2020-11-13,410.850006,412.529999,401.660004,408.5,408.5,19771100,2020,2020-11,-0.007917257433523006,418.70060123999997,259.82534968
2020-11-16,408.929993,412.450012,404.089996,408.089996,408.089996,26838600,2020,2020-11,-0.0010036817625459493,418.49600102,261.08579966
2020-11-17,460.170013,462.0,433.01001,441.609985,441.609985,61188300,2020,2020-11,0.08213871775479653,420.7240009,262.40678957
2020-11-18,448.350006,496.0,443.5,486.640015,486.640015,78044000,2020,2020-11,0.10196787103896665,423.13120122,264.105289635
2020-11-19,492.0,508.609985,487.570007,499.269989,499.269989,62475300,2020,2020-11,0.02595342267528089,425.68980107999994,265.852679545
2020-11-20,497.98999,502.5,489.059998,489.609985,489.609985,32911900,2020,2020-11,-0.019348256880707515,428.02760076000004,267.55265948
2020-11-23,503.5,526.0,501.790009,521.849976,521.849976,50260300,2020,2020-11,0.06584831189666196,430.07220037999997,269.390629375
2020-11-24,540.400024,559.98999,526.200012,555.380005,555.380005,53648500,2020,2020-11,0.06425223827163684,432.1846002799999,271.393149365
2020-11-25,550.059998,574.0,545.369995,574.0,574.0,48930200,2020,2020-11,0.033526585099152184,434.82940007999997,273.49585940000003
2020-11-27,581.159973,598.780029,578.450012,585.76001,585.76001,37561100,2020,2020-11,0.020487822299651404,438.07600041999996,275.620659435
2020-11-30,602.210022,607.799988,554.51001,567.599976,567.599976,63003100,2020,2020-11,-0.031002515859694824,440.58500006,277.65862933
2020-12-01,597.590027,597.849976,572.049988,584.76001,584.76001,40103500,2020,2020-12,0.03023261931920862,443.29239995999995,279.724029415
2020-12-02,556.440002,571.539978,541.210022,568.820007,568.820007,47775700,2020,2020-12,-0.027259051110557153,446.18419987999994,281.65070948
2020-12-03,590.02002,598.969971,582.429993,593.380005,593.380005,42552000,2020,2020-12,0.04317709942997827,450.44460028000003,283.718199485
2020-12-04,591.01001,599.039978,585.5,599.039978,599.039978,29401300,2020,2020-12,0.009538530035234416,454.66959966,285.81239939000005
2020-12-07,604.919983,648.789978,603.049988,641.76001,641.76001,56309700,2020,2020-12,0.07131415860194878,459.35799994,288.18740946
2020-12-08,625.51001,651.280029,618.5,649.880005,649.880005,64265000,2020,2020-12,0.012652697072851327,463.93159979999996,290.63689951
2020-12-09,653.690002,654.320007,588.0,604.47998,604.47998,71291200,2020,2020-12,-0.06985908883286851,467.63979926,292.88049943500005
2020-12-10,574.369995,627.75,566.340027,627.070007,627.070007,67083200,2020,2020-12,0.03737100937569515,471.6009992,295.336849455
2020-12-11,615.01001,624.0,596.799988,609.98999,609.98999,46475000,2020,2020-12,-0.027237815250825692,474.83759891999995,297.71880937000003
2020-12-14,619.0,642.75,610.200012,639.830017,639.830017,52040600,2020,2020-12,0.04891887979997822,479.33239934,300.17433946
2020-12-15,643.280029,646.900024,623.799988,633.25,633.25,45071500,2020,2020-12,-0.01028400797895046,483.48379948,302.595079435
2020-12-16,628.22998,632.5,605.0,622.77002,622.77002,42095800,2020,2020-12,-0.01654951440979069,487.65959965999997,304.959429565
2020-12-17,628.190002,658.820007,619.5,655.900024,655.900024,56270100,2020,2020-12,0.05319781449980532,492.27160038,307.51438966
2020-12-18,668.900024,695.0,628.539978,695.0,695.0,222126200,2020,2020-12,0.05961270707317423,497.65320012000006,310.285909665
2020-12-21,666.23999,668.5,646.070007,649.859985,649.859985,58045300,2020,2020-12,-0.06494966187050355,501.97039982,312.9272096
2020-12-22,648.0,649.880005,614.22998,640.340027,640.340027,51716000,2020,2020-12,-0.014649244790783778,505.9312006,315.483579765
2020-12-23,632.200012,651.5,622.570007,645.97998,645.97998,33173000,2020,2020-12,0.008807747075289418,509.91780031999997,318.07924965999996
2020-12-24,642.98999,666.090027,641.0,661.77002,661.77002,22865600,2020,2020-12,0.024443543900540154,513.9272009599999,320.827549755
2020-12-28,674.51001,681.400024,660.799988,663.690002,663.690002,32278600,2020,2020-12,0.0029012828353873754,518.2234009,323.59937978
2020-12-29,661.0,669.900024,655.0,665.98999,665.98999,22910800,2020,2020-12,0.0034654552472828115,522.7498004400001,326.48425972999996
2020-12-30,672.0,696.599976,668.359985,694.780029,694.780029,42846000,2020,2020-12,0.04322893651900084,528.02880128,329.52795986999996
2020-12-31,699.98999,718.719971,691.119995,705.669983,705.669983,49649900,2020,2020-12,0.015673959448250008,533.7034009,332.69508977
2021-01-04,719.460022,744.48999,717.190002,729.77002,729.77002,48638200,2021,2021-01,0.03415199396401136,539.846001,335.91629987
2021-01-05,723.659973,740.840027,719.200012,735.109985,735.109985,32245200,2021,2021-01,0.00731732580628619,546.03240052,339.16431981
2021-01-06,758.48999,774.0,749.099976,755.97998,755.97998,44700000,2021,2021-01,0.02839030271096088,552.7394000200001,342.5099297
2021-01-07,777.630005,816.98999,775.200012,816.039978,816.039978,51498900,2021,2021-01,0.07944654566116949,560.6545996,346.08512959
2021-01-08,856.0,884.48999,838.390015,880.02002,880.02002,75055500,2021,2021-01,0.07840307304160055,569.7614001400001,349.9459797
2021-01-11,849.400024,854.429993,803.619995,811.190002,811.190002,59301600,2021,2021-01,-0.07821415017353806,577.8648004,353.47376969
2021-01-12,831.0,868.0,827.340027,849.440002,849.440002,46270700,2021,2021-01,0.04715294802166459,586.6370007,357.20660969000005
2021-01-13,852.76001,860.469971,832.0,854.409973,854.409973,33312500,2021,2021-01,0.0058508793891247635,595.96439998,360.97652954000006
2021-01-14,843.390015,863.0,838.75,845.0,845.0,31266300,2021,2021-01,-0.0110134166235909,604.85419978,364.67752952500007
2021-01-15,852.0,859.900024,819.099976,826.159973,826.159973,38777600,2021,2021-01,-0.022295889940828317,612.8993993600001,368.32676941
2021-01-19,837.799988,850.0,833.0,844.549988,844.549988,25367000,2021,2021-01,0.02225962961292005,621.3707989,372.095049365
2021-01-20,858.73999,859.5,837.280029,850.450012,850.450012,25665900,2021,2021-01,0.00698599737591854,629.61799922,375.86728942999997
2021-01-21,855.0,855.719971,841.419983,844.98999,844.98999,20521100,2021,2021-01,-0.00642015629720516,637.91879878,379.575999375
2021-01-22,834.309998,848.0,828.619995,846.640015,846.640015,20066500,2021,2021-01,0.0019527154398597535,646.42639888,383.26374947000005
2021-01-25,855.0,900.400024,838.820007,880.799988,880.799988,41173400,2021,2021-01,0.04034769488186796,655.8351989399999,387.1189094200001
2021-01-26,891.380005,895.900024,871.599976,883.090027,883.090027,23131600,2021,2021-01,0.0025999534868295093,665.15439938,390.961359565
2021-01-27,870.349976,891.5,858.659973,864.159973,864.159973,27334000,2021,2021-01,-0.021436154209903635,674.2023986400001,394.63120942
2021-01-28,820.0,848.0,801.0,835.429993,835.429993,26378000,2021,2021-01,-0.033246136013754146,682.7409984999999,398.09846940000006
2021-01-29,830.0,842.409973,780.099976,793.530029,793.530029,34990800,2021,2021-01,-0.05015377033512847,690.44979916,401.33628953
2021-02-01,814.289978,842.0,795.559998,839.809998,839.809998,25391400,2021,2021-02,0.05832163536182944,698.41379942,404.790129485
2021-02-02,844.679993,880.5,842.200012,872.789978,872.789978,24346200,2021,2021-02,0.0392707637186287,706.13679868,408.400189375
2021-02-03,877.02002,878.080017,853.059998,854.690002,854.690002,18343500,2021,2021-02,-0.020738065807625494,713.24519894,411.92727937
2021-02-04,855.0,856.5,833.419983,849.98999,849.98999,15812700,2021,2021-02,-0.005499083865497245,720.4527990400001,415.4905093500001
2021-02-05,845.0,864.77002,838.969971,852.22998,852.22998,18566600,2021,2021-02,0.002635313387631788,727.0603991199999,419.01954926499997
2021-02-08,869.669983,877.77002,854.75,863.419983,863.419983,20161700,2021,2021-02,0.0131302620919298,733.2211986799999,422.631019145
2021-02-09,855.119995,859.799988,841.75,849.460022,849.460022,15157700,2021,2021-02,-0.016168216250329714,738.7303991199999,426.15316925999997
2021-02-10,843.640015,844.820007,800.02002,804.820007,804.820007,36216100,2021,2021-02,-0.0525510487178642,743.11159906,429.378519295
2021-02-11,812.440002,829.880005,801.72998,811.659973,811.659973,21622800,2021,2021-02,0.008498752442171797,747.9927990000001,432.667699135
2021-02-12,801.26001,817.330017,785.330017,816.119995,816.119995,23768300,2021,2021-02,0.005494938950254102,752.6199987,435.94778908499995
2021-02-16,818.0,821.0,792.440002,796.219971,796.219971,19802300,2021,2021-02,-0.024383698625102368,757.1679979800001,439.14700890499995
2021-02-17,779.090027,799.840027,762.01001,798.150024,798.150024,25996500,2021,2021-02,0.0024240198315750305,761.26339836,442.436438985
2021-02-18,780.900024,794.690002,776.27002,787.380005,787.380005,17957100,2021,2021-02,-0.0134937275902407,765.0301989000001,445.612148975
2021-02-19,795.0,796.789978,777.369995,781.299988,781.299988,18958300,2021,2021-02,-0.007721833119193833,767.8209984599999,448.75043892499997
2021-02-22,762.640015,768.5,710.200012,714.5,714.5,37269700,2021,2021-02,-0.08549851404835807,769.11339836,451.54035889500005
2021-02-23,662.130005,713.609985,619.0,698.840027,698.840027,66606900,2021,2021-02,-0.021917386983904885,771.0005993,454.25451905
2021-02-24,711.849976,745.0,694.169983,742.02002,742.02002,36767000,2021,2021-02,0.06178809360042581,773.29959956,457.145199135
2021-02-25,726.150024,737.210022,670.580017,682.219971,682.219971,39023900,2021,2021-02,-0.08059088351821031,774.74419918,459.74500901000005
2021-02-26,700.0,706.700012,659.51001,675.5,675.5,41089200,2021,2021-02,-0.009850152862206363,775.45759884,462.31309899000007
2021-03-01,690.109985,719.0,685.049988,718.429993,718.429993,27136200,2021,2021-03,0.06355291339748326,777.1611987,465.11428895000006
2021-03-02,718.280029,721.109985,685.0,686.440002,686.440002,23732200,2021,2021-03,-0.04452763847792185,778.4345983400001,467.74315896
2021-03-03,687.98999,700.700012,651.710022,653.200012,653.200012,30208000,2021,2021-03,-0.04842373682062895,778.3805980999999,470.20998901999997
2021-03-04,655.799988,668.450012,600.0,621.440002,621.440002,65919500,2021,2021-03,-0.04862218220534875,776.90939814,472.50355903999997
2021-03-05,626.059998,627.840027,539.48999,597.950012,597.950012,89396500,2021,2021-03,-0.037799288627062055,775.8711986800001,474.685299075
2021-03-08,600.549988,620.130005,558.789978,563.0,563.0,51787000,2021,2021-03,-0.05844972204800292,774.32439814,476.684739075
2021-03-09,608.179993,678.090027,595.210022,673.580017,673.580017,67523300,2021,2021-03,0.19641210834813494,774.87639888,479.22503914000004
2021-03-10,700.299988,717.849976,655.059998,668.059998,668.059998,60605700,2021,2021-03,-0.008195045667454881,775.0021984399999,481.748459095
2021-03-11,699.400024,702.5,677.179993,699.599976,699.599976,36253900,2021,2021-03,0.047211295533967856,775.7203979200001,484.427588965
2021-03-12,670.0,694.880005,666.140015,693.72998,693.72998,33583800,2021,2021-03,-0.008390503432493035,776.27519772,487.07600884
2021-03-15,694.090027,713.179993,684.039978,707.940002,707.940002,29335600,2021,2021-03,0.020483505700589877,776.5383971800001,489.809898835
2021-03-16,703.349976,707.919983,671.0,676.880005,676.880005,32195700,2021,2021-03,-0.04387377025207295,775.96259762,492.35929885999997
2021-03-17,656.869995,703.72998,651.01001,701.809998,701.809998,40372500,2021,2021-03,0.036830742252461635,775.4033971800001,494.970248875
2021-03-18,684.289978,689.22998,652.0,653.159973,653.159973,33224800,2021,2021-03,-0.06932079214978626,773.76439694,497.35448876000004
2021-03-19,646.599976,657.22998,624.619995,654.869995,654.869995,42894000,2021,2021-03,0.002618075311850099,771.7421972400001,499.74587876
2021-03-22,684.590027,699.619995,668.75,670.0,670.0,39512200,2021,2021-03,0.023103829944140175,768.8213976800001,502.231498725
2021-03-23,675.77002,677.799988,657.51001,662.159973,662.159973,30491900,2021,2021-03,-0.011701532835820871,764.46419674,504.65663857
2021-03-24,667.909973,668.02002,630.109985,630.27002,630.27002,33795200,2021,2021-03,-0.04816049640620601,760.8457971,506.8580687
2021-03-25,613.0,645.5,609.5,640.390015,640.390015,39224900,2021,2021-03,0.016056602216300675,756.66479736,509.11934876
2021-03-26,641.869995,643.820007,599.890015,618.710022,618.710022,33852800,2021,2021-03,-0.03385435826946792,751.95079834,511.187848895
2021-03-29,615.640015,616.47998,596.02002,611.289978,611.289978,28637000,2021,2021-03,-0.011992765166490171,747.2765979,513.27145882
2021-03-30,601.75,637.659973,591.01001,635.619995,635.619995,39432400,2021,2021-03,0.03980110565463901,743.4657983399999,515.514278795
2021-03-31,646.619995,672.0,641.109985,667.929993,667.929993,33337300,2021,2021-03,0.0508322555208478,739.93339844,517.8630287950001
2021-04-01,688.369995,692.419983,659.419983,661.75,661.75,35298400,2021,2021-04,-0.009252456192665681,736.1593981999999,520.18964882
2021-04-05,707.710022,708.159973,684.700012,691.049988,691.049988,41842800,2021,2021-04,0.04427652134491877,733.0805981600001,522.65310875
2021-04-06,690.299988,696.549988,681.369995,691.619995,691.619995,28271800,2021,2021-04,0.0008248419215659553,729.98019776,525.10724869
2021-04-07,687.0,691.380005,667.840027,670.969971,670.969971,26309400,2021,2021-04,-0.029857471081355946,725.78359742,527.4611985800001
2021-04-08,677.380005,689.549988,671.650024,683.799988,683.799988,23924300,2021,2021-04,0.01912159642685407,721.79779664,529.88587853
2021-04-09,677.77002,680.969971,669.429993,677.02002,677.02002,21437100,2021,2021-04,-0.009915133253848407,718.0549975800001,532.2691986149999
2021-04-12,685.700012,704.799988,682.090027,701.97998,701.97998,29135700,2021,2021-04,0.0368673883528583,715.38599732,534.8182485250001
2021-04-13,712.700012,763.0,710.659973,762.320007,762.320007,44652800,2021,2021-04,0.08595690577956372,714.76179688,537.643868565
2021-04-14,770.700012,780.789978,728.030029,732.22998,732.22998,49017400,2021,2021-04,-0.039471648026679795,712.61019652,540.345278475
2021-04-15,743.099976,743.690002,721.309998,738.849976,738.849976,27848900,2021,2021-04,0.009040869919038297,709.9313964800001,543.03017838
2021-04-16,728.650024,749.409973,724.599976,739.780029,739.780029,27979500,2021,2021-04,0.0012587846385745394,707.6331970199999,545.649268495
2021-04-19,719.599976,725.400024,691.799988,714.630005,714.630005,39686200,2021,2021-04,-0.03399662469125675,704.9259973199999,548.102788545
2021-04-20,717.419983,737.25,710.690002,718.98999,718.98999,35609000,2021,2021-04,0.006101038256852931,702.26119752,550.48907852
2021-04-21,704.77002,744.840027,698.0,744.119995,744.119995,31215500,2021,2021-04,0.0349518148368102,699.87519776,552.838098445
2021-04-22,741.5,753.77002,718.039978,719.690002,719.690002,35590300,2021,2021-04,-0.03283071704046869,697.2797973600001,555.04668853
2021-04-23,719.799988,737.359985,715.460022,729.400024,729.400024,28370000,2021,2021-04,0.013491950663502505,695.7713977,557.327808675
2021-04-26,741.0,749.299988,732.609985,738.200012,738.200012,31038500,2021,2021-04,0.01206469387228859,694.3021984799999,559.6245287950001
2021-04-27,717.960022,724.0,703.349976,704.73999,704.73999,29437000,2021,2021-04,-0.04532649885678952,692.07459838,561.60357878
2021-04-28,696.409973,708.5,693.599976,694.400024,694.400024,22271000,2021,2021-04,-0.01467202960910452,690.03819944,563.5785189650001
2021-04-29,699.51001,702.25,668.5,677.0,677.0,28845400,2021,2021-04,-0.025057637382800646,687.6151989600002,565.4467190400001
2021-04-30,667.590027,715.469971,666.140015,709.440002,709.440002,40758700,2021,2021-04,0.047917285081240824,686.0563988999999,567.4479090699999
2021-05-03,703.799988,706.0,680.5,684.900024,684.900024,27043100,2021,2021-05,-0.0345906319502971,684.12839962,569.371769235
2021-05-04,678.940002,683.450012,657.700012,673.599976,673.599976,29739300,2021,2021-05,-0.016498828447989777,683.31039914,571.23892912
2021-05-05,681.059998,685.299988,667.340027,670.940002,670.940002,21901900,2021,2021-05,-0.003948892658511505,682.75239864,572.9506291
2021-05-06,680.76001,681.02002,650.0,663.539978,663.539978,27784600,2021,2021-05,-0.011029337910903103,681.1827978,574.6999690050001
2021-05-07,665.799988,690.0,660.219971,672.369995,672.369995,23469200,2021,2021-05,0.013307437822533075,680.98579828,576.469488965
2021-05-10,664.900024,665.049988,627.609985,629.039978,629.039978,31392400,2021,2021-05,-0.06444371004390226,680.05659784,578.101618785
2021-05-11,599.23999,627.099976,595.599976,617.200012,617.200012,46503900,2021,2021-05,-0.01882227905076006,678.03199822,579.770618875
2021-05-12,602.48999,620.409973,586.77002,589.890015,589.890015,33823600,2021,2021-05,-0.04424821203665186,676.1009984799999,581.180468885
2021-05-13,601.539978,606.460022,559.650024,571.690002,571.690002,44184900,2021,2021-05,-0.030853231173950113,674.47079828,582.562428875
2021-05-14,583.409973,592.869995,570.460022,589.73999,589.73999,33370900,2021,2021-05,0.03157303422633584,673.83679804,584.01201887
2021-05-17,575.549988,589.72998,561.200012,576.830017,576.830017,32390400,2021,2021-05,-0.0218909574031092,673.41439814,585.408679025
2021-05-18,568.0,596.25,563.380005,577.869995,577.869995,36830600,2021,2021-05,0.0018029193511959196,673.71179804,586.86726896
2021-05-19,552.549988,566.210022,546.97998,563.460022,563.460022,39578400,2021,2021-05,-0.0249363578740579,671.50939814,588.19956907
2021-05-20,575.0,588.849976,571.070007,586.780029,586.780029,30821100,2021,2021-05,0.04138715452646613,669.8837987600001,589.646469245
2021-05-21,596.109985,596.679993,580.0,580.880005,580.880005,26030600,2021,2021-05,-0.010054916166889583,667.50939934,591.0658492800001
2021-05-24,581.599976,614.47998,573.650024,606.440002,606.440002,34558100,2021,2021-05,0.04400219800989724,665.76359978,592.608469365
2021-05-25,607.309998,613.98999,595.710022,604.690002,604.690002,28005900,2021,2021-05,-0.0028856935463171807,663.6985997800001,594.1792094150001
2021-05-26,607.559998,626.169983,601.5,619.130005,619.130005,28639300,2021,2021-05,0.023880009512708744,662.54359978,595.8562894949999
2021-05-27,620.23999,631.130005,616.210022,630.849976,630.849976,26370600,2021,2021-05,0.01892974158149552,661.1243993400001,597.63614942
2021-05-28,628.5,635.590027,622.380005,625.219971,625.219971,22737000,2021,2021-05,-0.008924475254319386,660.5655993,599.2074892950001
2021-06-01,627.799988,633.799988,620.549988,623.900024,623.900024,18084900,2021,2021-06,-0.0021111721653561677,659.9461998799999,600.7059893549999
2021-06-02,620.130005,623.359985,599.140015,605.119995,605.119995,23302800,2021,2021-06,-0.03010102304467932,658.6485997799999,602.0808793399999
2021-06-03,601.799988,604.549988,571.219971,572.840027,572.840027,30111900,2021,2021-06,-0.053344738674517056,656.86220086,603.1094395199999
2021-06-04,579.710022,600.609985,577.200012,599.049988,599.049988,24036900,2021,2021-06,0.04575441618013887,656.23780022,604.217599465
2021-06-07,591.830017,610.0,582.880005,605.130005,605.130005,22543700,2021,2021-06,0.010149431803343933,655.5326000199999,605.36471952
2021-06-08,623.01001,623.090027,595.5,603.590027,603.590027,26053400,2021,2021-06,-0.0025448713289304425,655.2302001200001,606.3808396700001
2021-06-09,602.169983,611.789978,597.630005,598.780029,598.780029,16584600,2021,2021-06,-0.00796898189969586,654.98000114,607.324759805
2021-06-10,603.880005,616.590027,600.5,610.119995,610.119995,23919600,2021,2021-06,0.01893845060086341,654.4700011399999,608.3611598
2021-06-11,610.22998,612.559998,601.52002,609.890015,609.890015,16205300,2021,2021-06,-0.00037694224395989906,653.30920158,609.3872698800001
2021-06-14,612.22998,625.48999,609.179993,617.690002,617.690002,20424000,2021,2021-06,0.012789169863684613,652.42800162,610.322549875
2021-06-15,616.690002,616.789978,598.22998,599.359985,599.359985,17764100,2021,2021-06,-0.029675107158363856,650.59420156,611.0805998
2021-06-16,597.539978,608.5,593.5,604.869995,604.869995,22144100,2021,2021-06,0.009193156263176183,648.85920156,611.89154981
2021-06-17,601.890015,621.469971,601.340027,616.599976,616.599976,22701400,2021,2021-06,0.019392565504922965,647.7718016599999,612.482949655
2021-06-18,613.369995,628.349976,611.799988,623.309998,623.309998,24560900,2021,2021-06,0.010882293644461694,646.56200186,613.224249705
2021-06-21,624.47998,631.390015,608.880005,620.830017,620.830017,24812700,2021,2021-06,-0.003978728093496642,645.4382018,614.091549815
2021-06-22,618.25,628.570007,615.5,623.710022,623.710022,19158900,2021,2021-06,0.004638959008323784,643.87280264,615.175099925
2021-06-23,632.0,657.200012,630.039978,656.570007,656.570007,31099200,2021,2021-06,0.05268471539807984,641.75780264,616.366349925
2021-06-24,674.98999,697.619995,667.609985,679.820007,679.820007,45982400,2021,2021-06,0.03541130382460489,640.70960318,618.114400005
2021-06-25,689.580017,693.809998,668.700012,671.869995,671.869995,32496700,2021,2021-06,-0.011694289544497027,639.37000356,619.642349985
2021-06-28,671.640015,694.700012,670.320007,688.719971,688.719971,21628200,2021,2021-06,0.025079220869209884,638.3488024,621.22924986
2021-06-29,684.650024,687.51001,675.890015,680.76001,680.76001,17381300,2021,2021-06,-0.011557616063379683,637.6714025,622.769449905
2021-06-30,679.77002,692.809998,678.140015,679.700012,679.700012,18924900,2021,2021-06,-0.0015570802991202726,636.88560294,624.06984999
2021-07-01,683.919983,687.98999,672.799988,677.919983,677.919983,18634500,2021,2021-07,-0.0026188450324758916,635.5616027,625.2106498549999
2021-07-02,678.97998,700.0,673.26001,678.900024,678.900024,27054500,2021,2021-07,0.001445658816049411,634.74580314,626.396349925
2021-07-06,681.710022,684.0,651.400024,659.580017,659.580017,23284500,2021,2021-07,-0.02845780868612846,633.349403,627.577100045
2021-07-07,664.27002,665.700012,638.320007,644.650024,644.650024,18792000,2021,2021-07,-0.022635605408282022,631.47840324,628.589600195
2021-07-08,628.369995,654.429993,620.460022,652.809998,652.809998,22773300,2021,2021-07,0.012657990686741893,630.4398034000001,629.6067001099999
2021-07-09,653.179993,658.909973,644.690002,656.950012,656.950012,18140500,2021,2021-07,0.006341836081989793,629.69080316,630.7703001149999
2021-07-12,662.200012,687.23999,662.159973,685.700012,685.700012,25927000,2021,2021-07,0.04376284264380215,629.8648034,632.29700025
2021-07-13,686.320007,693.280029,666.299988,668.539978,668.539978,20966100,2021,2021-07,-0.025025570511438167,629.04680292,633.700750095
2021-07-14,670.75,678.609985,652.840027,653.380005,653.380005,21641200,2021,2021-07,-0.022676240013877025,628.41640254,634.9309501399999
2021-07-15,658.390015,666.140015,637.880005,650.599976,650.599976,20209600,2021,2021-07,-0.004254842478689014,627.95640254,636.07794996
2021-07-16,654.679993,656.700012,642.200012,644.219971,644.219971,16371000,2021,2021-07,-0.009806340663006674,627.42200192,637.20369978
2021-07-19,629.890015,647.200012,621.289978,646.219971,646.219971,21297100,2021,2021-07,0.003104529648305432,627.07560178,638.289749585
2021-07-20,651.98999,662.390015,640.5,660.5,660.5,15487100,2021,2021-07,0.02209778348060376,626.83820188,639.351449565
2021-07-21,659.609985,664.859985,650.289978,655.289978,655.289978,13953300,2021,2021-07,-0.00788799697199094,627.36320188,640.552449475
2021-07-22,656.440002,662.169983,644.599976,649.26001,649.26001,15105700,2021,2021-07,-0.009201984163414223,628.00440184,641.67034956
2021-07-23,646.359985,648.799988,637.299988,643.380005,643.380005,14604900,2021,2021-07,-0.009056471843999714,629.07420164,642.81734953
2021-07-26,650.969971,668.200012,647.109985,657.619995,657.619995,25336600,2021,2021-07,0.022133093800451586,630.7928015,643.978949565
2021-07-27,663.400024,666.5,627.23999,644.780029,644.780029,32813300,2021,2021-07,-0.01952490206749269,631.8936022800001,645.073249645
2021-07-28,647.0,654.969971,639.400024,646.97998,646.97998,16006600,2021,2021-07,0.0034119403533821036,633.29660154,646.138149545
2021-07-29,649.789978,683.690002,648.799988,677.349976,677.349976,30394600,2021,2021-07,0.04694116810229576,635.28620116,647.313399485
2021-07-30,671.76001,697.530029,669.0,687.200012,687.200012,29656400,2021,2021-07,0.01454201867425775,637.76100096,648.516149575
2021-08-02,700.0,726.940002,698.400024,709.669983,709.669983,33615800,2021,2021-08,0.03269786176895462,640.21880004,649.7579995499999
2021-08-03,719.0,722.650024,701.01001,709.73999,709.73999,21620300,2021,2021-08,9.864726094810372e-05,642.79599974,651.0622994749999
2021-08-04,711.0,724.900024,708.929993,710.919983,710.919983,17002600,2021,2021-08,0.0016625708239998982,644.88559936,652.418549325
2021-08-05,716.0,720.950012,711.409973,714.630005,714.630005,12919600,2021,2021-08,0.005218621066669371,647.0843994200001,653.837549415
2021-08-06,711.900024,716.330017,697.630005,699.099976,699.099976,15623000,2021,2021-08,-0.021731565833147504,648.6837988399999,655.223349285
2021-08-09,710.169983,719.030029,705.130005,713.76001,713.76001,14715300,2021,2021-08,0.020969867691713384,650.3419995200001,656.67894926
2021-08-10,713.98999,716.590027,701.880005,709.98999,709.98999,13432300,2021,2021-08,-0.005281915415799143,652.0373999,658.099949165
2021-08-11,712.710022,715.179993,704.210022,707.820007,707.820007,9800600,2021,2021-08,-0.003056357174838431,653.71579956,659.5358991749999
2021-08-12,706.340027,722.799988,699.400024,722.25,722.25,17459100,2021,2021-08,0.020386528859447584,656.05839966,661.04574918
2021-08-13,723.710022,729.900024,714.340027,717.169983,717.169983,16731500,2021,2021-08,-0.0070335991692627164,658.94499878,662.50819913
2021-08-16,705.070007,709.5,676.400024,686.169983,686.169983,22677400,2021,2021-08,-0.043225456634874204,660.68739868,663.9089491
2021-08-17,672.659973,674.580017,648.840027,665.710022,665.710022,23721300,2021,2021-08,-0.02981762756590889,661.89899902,665.1833492750001
2021-08-18,669.75,695.77002,669.349976,688.98999,688.98999,20349400,2021,2021-08,0.03497013298682172,663.60699828,666.68809918
2021-08-19,678.210022,686.549988,667.590027,673.469971,673.469971,14313500,2021,2021-08,-0.022525753966324058,665.1007971199999,668.052898985
2021-08-20,682.849976,692.130005,673.700012,680.26001,680.26001,14841900,2021,2021-08,0.010082170389746903,666.50359742,669.334699065
2021-08-23,685.440002,712.130005,680.75,706.299988,706.299988,20264900,2021,2021-08,0.03827944847147502,668.4317968800001,670.7612989500001
2021-08-24,710.679993,715.219971,702.640015,708.48999,708.48999,13083100,2021,2021-08,0.0031006683239531707,670.24779664,672.11329892
2021-08-25,707.030029,716.969971,704.0,711.200012,711.200012,12645600,2021,2021-08,0.003825067450847097,672.48459718,673.5195489199999
2021-08-26,708.309998,715.400024,697.619995,701.159973,701.159973,13214300,2021,2021-08,-0.014117039975527934,674.41039674,674.9190487349999
2021-08-27,705.0,715.0,702.099976,711.919983,711.919983,13833800,2021,2021-08,0.01534601291337534,676.3167968799999,676.426848725
2021-08-30,714.719971,731.0,712.72998,730.909973,730.909973,18604200,2021,2021-08,0.026674332022507796,678.46879638,677.995748565
2021-08-31,733.0,740.390015,726.440002,735.719971,735.719971,20855400,2021,2021-08,0.006580835092805604,680.76659546,679.61554837
2021-09-01,734.080017,741.98999,731.27002,734.090027,734.090027,13204300,2021,2021-09,-0.002215440744098074,682.9741955599999,681.243498505
2021-09-02,734.5,740.969971,730.539978,732.390015,732.390015,12777300,2021,2021-09,-0.0023158086031319636,684.49059572,682.8649985999999
2021-09-03,732.25,734.0,724.200012,733.570007,733.570007,15246100,2021,2021-09,0.0016111524950268574,685.5655957200001,684.32479871
2021-09-07,740.0,760.200012,739.26001,752.919983,752.919983,20039800,2021,2021-09,0.02637781781609827,687.18659548,685.65619855
2021-09-08,761.580017,764.450012,740.77002,753.869995,753.869995,18793000,2021,2021-09,0.0012617702032753364,688.4895959599999,686.92919858
2021-09-09,753.409973,762.099976,751.630005,754.859985,754.859985,14077700,2021,2021-09,0.0013132105091939739,689.97159546,688.2554485799999
2021-09-10,759.599976,762.609985,734.52002,736.27002,736.27002,15184200,2021,2021-09,-0.02462703729089577,691.10299562,689.3275487999999
2021-09-13,740.210022,744.780029,708.849976,743.0,743.0,22952500,2021,2021-09,0.009140641092516555,692.40459596,690.265648775
2021-09-14,742.570007,754.469971,736.400024,744.48999,744.48999,18524900,2021,2021-09,0.0020053701211306674,693.71639528,691.118098725
2021-09-15,745.0,756.859985,738.359985,755.830017,755.830017,15357700,2021,2021-09,0.015231940190357562,695.64139528,691.96844876
2021-09-16,752.830017,758.909973,747.609985,756.98999,756.98999,13923400,2021,2021-09,0.0015347008902930614,697.8881946,692.9153988300001
2021-09-17,757.150024,761.039978,750.0,759.48999,759.48999,28204200,2021,2021-09,0.0033025535780202286,700.0217944400001,693.7890487300001
2021-09-20,734.559998,742.0,718.619995,730.169983,730.169983,24757700,2021,2021-09,-0.03860486298180177,701.4861938600001,694.5957986100001
2021-09-21,734.789978,744.73999,730.440002,739.380005,739.380005,16330700,2021,2021-09,0.012613531389169763,702.55979372,695.3257986100001
2021-09-22,743.530029,753.669983,739.119995,751.940002,751.940002,15126300,2021,2021-09,0.016987201324168977,704.2277942000001,696.0902987300001
2021-09-23,755.0,758.200012,747.919983,753.640015,753.640015,11947500,2021,2021-09,0.002260835964941643,706.2329944,696.6496987550001
2021-09-24,745.890015,774.799988,744.559998,774.390015,774.390015,21373000,2021,2021-09,0.02753303909957605,708.70879518,697.272248805
2021-09-27,773.119995,799.0,769.309998,791.359985,791.359985,28070700,2021,2021-09,0.021913983485440713,711.65159546,698.2066488300001
2021-09-28,787.200012,795.640015,766.179993,777.559998,777.559998,25381400,2021,2021-09,-0.017438317910400958,714.2783959999999,698.9590987849999
2021-09-29,779.799988,793.5,770.679993,781.309998,781.309998,20942900,2021,2021-09,0.004822778961939278,716.69459596,699.815698825
2021-09-30,781.0,789.130005,775.0,775.47998,775.47998,17956000,2021,2021-09,-0.007461849989023217,719.0983959999999,700.49394864
2021-10-01,778.400024,780.780029,763.590027,775.219971,775.219971,17031400,2021,2021-10,-0.0003352878303833906,721.6175952199999,701.2037984949999
2021-10-04,796.5,806.969971,776.119995,781.530029,781.530029,30483300,2021,2021-10,0.008139700002646189,724.3805957,701.99759854
2021-10-05,784.799988,797.309998,774.200012,780.590027,780.590027,18432600,2021,2021-10,-0.0012027714420683733,726.83999634,702.621048555
2021-10-06,776.200012,786.659973,773.219971,782.75,782.75,14632800,2021,2021-10,0.0027671029929774438,729.5993957599999,703.059798555
2021-10-07,785.460022,805.0,783.380005,793.609985,793.609985,19195800,2021,2021-10,0.013874142446502757,732.53199586,703.778548555
2021-10-08,796.210022,796.380005,780.909973,785.48999,785.48999,16738600,2021,2021-10,-0.010231719803777461,734.69479614,704.50429837
2021-10-11,787.650024,801.23999,785.5,791.940002,791.940002,14200300,2021,2021-10,0.008211450282135324,736.78959594,705.23409848
2021-10-12,800.929993,812.320007,796.570007,805.719971,805.719971,22020000,2021,2021-10,0.017400268915826134,738.7105957000001,705.953848235
2021-10-13,810.469971,815.409973,805.780029,811.080017,811.080017,14120100,2021,2021-10,0.006652492420347489,740.7373962400001,706.69079831
2021-10-14,815.48999,820.25,813.349976,818.320007,818.320007,12247200,2021,2021-10,0.00892635726223312,742.88539672,707.4524483949999
2021-10-15,823.73999,843.210022,822.349976,843.030029,843.030029,18924600,2021,2021-10,0.03019603796635506,745.4533972,708.193698395
2021-10-18,851.789978,875.26001,851.469971,870.109985,870.109985,24207200,2021,2021-10,0.03212217248313465,748.87359738,709.015898405
2021-10-19,877.530029,877.950012,862.51001,864.27002,864.27002,17381100,2021,2021-10,-0.00671175495130083,751.88379758,709.688398405
2021-10-20,865.349976,869.48999,857.380005,865.799988,865.799988,14032100,2021,2021-10,0.001770243054363796,754.9999975399999,710.3418484199999
2021-10-21,856.0,900.0,855.5,894.0,894.0,31481500,2021,2021-10,0.03257104688248158,758.7235974,711.03194852
2021-10-22,895.5,910.0,890.960022,909.679993,909.679993,22880800,2021,2021-10,0.017539142058165424,762.4721972600001,711.500148595
2021-10-25,950.530029,1045.02002,944.200012,1024.859985,1024.859985,62852100,2021,2021-10,0.12661594504255524,768.6259973,712.2243484200001
2021-10-26,1024.689941,1094.939941,1001.440002,1018.429993,1018.429993,62415000,2021,2021-10,-0.006274019957955623,775.2711975000001,713.2605483750001
2021-10-27,1039.660034,1070.880005,1030.780029,1037.859985,1037.859985,38526500,2021,2021-10,0.019078377633758636,782.7141967599999,714.20264829
2021-10-28,1068.310059,1081.0,1054.199951,1077.040039,1077.040039,27213200,2021,2021-10,0.037750808939801095,790.47519774,715.31579862
2021-10-29,1081.859985,1115.209961,1073.209961,1114.0,1114.0,29918400,2021,2021-10,0.034316236780125964,799.28579832,716.66079862
2021-11-01,1145.0,1209.75,1118.660034,1208.589966,1208.589966,56048700,2021,2021-11,0.08491020287253148,809.8523974399999,718.572948585
2021-11-02,1159.359985,1208.589966,1146.0,1172.0,1172.0,42737800,2021,2021-11,-0.030274921213436556,819.1663976799999,720.2101986450001
2021-11-03,1177.329956,1215.390015,1152.619995,1213.859985,1213.859985,34628500,2021,2021-11,0.035716710750853364,829.27379758,722.0272485099999
2021-11-04,1234.410034,1243.48999,1217.0,1229.910034,1229.910034,25397400,2021,2021-11,0.013222323166044436,839.64799802,723.9518487299999
2021-11-05,1228.0,1239.869995,1208.0,1222.089966,1222.089966,21628800,2021,2021-11,-0.00635824392339257,850.06659788,725.829098485
2021-11-08,1149.790039,1197.0,1133.0,1162.939941,1162.939941,33445700,2021,2021-11,-0.04840071242349098,859.08699704,727.23979825
2021-11-09,1173.599976,1174.5,1011.52002,1023.5,1023.5,59105800,2021,2021-11,-0.11990295980383747,864.9387975799999,727.9418481150001
2021-11-10,1010.409973,1078.099976,987.309998,1067.949951,1067.949951,42802700,2021,2021-11,0.04342936101612116,871.58339718,728.960798005
2021-11-11,1102.77002,1104.969971,1054.680054,1063.51001,1063.51001,22396600,2021,2021-11,-0.004157442954927482,878.1717968400001,730.1011980899999
2021-11-12,1047.5,1054.5,1019.200012,1033.420044,1033.420044,25573100,2021,2021-11,-0.028293072671690234,884.19239742,731.300648165
2021-11-15,1017.630005,1031.97998,978.599976,1013.390015,1013.390015,34775600,2021,2021-11,-0.01938227259698866,889.7887975799999,732.1685482500001
2021-11-16,1003.309998,1057.199951,1002.179993,1054.72998,1054.72998,26542400,2021,2021-11,0.04079373625957827,895.8249975199999,733.0782482600001
2021-11-17,1063.51001,1119.640015,1055.5,1089.01001,1089.01001,31445400,2021,2021-11,0.03250123789977022,902.5277978200002,734.2498483
2021-11-18,1106.550049,1112.0,1075.02002,1096.380005,1096.380005,20898900,2021,2021-11,0.0067676099689846225,909.3581982200001,735.4817983749999
2021-11-19,1098.869995,1138.719971,1092.699951,1137.060059,1137.060059,21642300,2021,2021-11,0.03710397290581735,917.3739989999999,736.90594877
2021-11-22,1162.329956,1201.949951,1132.430054,1156.869995,1156.869995,33072500,2021,2021-11,0.017422066533074876,925.6513988999999,738.3731988299999
2021-11-23,1167.51001,1180.5,1062.699951,1109.030029,1109.030029,36171700,2021,2021-11,-0.04135293179593613,932.94219968,739.6710488650001
2021-11-24,1080.390015,1132.77002,1062.0,1116.0,1116.0,22560200,2021,2021-11,0.006284745063471986,940.14559934,741.2269488300001
2021-11-26,1099.469971,1108.780029,1081.0,1081.920044,1081.920044,11680900,2021,2021-11,-0.030537594982078864,946.64420042,742.578249185
2021-11-29,1100.98999,1142.670044,1100.189941,1136.98999,1136.98999,19464500,2021,2021-11,0.05090019942360913,954.19420042,744.18259916
2021-11-30,1144.369995,1168.0,1118.0,1144.76001,1144.76001,27092000,2021,2021-11,0.006833850841553968,962.48600096,745.925299355
2021-12-01,1160.699951,1172.839966,1090.76001,1095.0,1095.0,22816800,2021,2021-12,-0.04346763475778648,969.59840086,747.409549235
2021-12-02,1099.060059,1113.0,1056.650024,1084.599976,1084.599976,24371600,2021,2021-12,-0.009497738812785372,976.25160034,748.8956490899999
2021-12-03,1084.790039,1090.579956,1000.210022,1014.969971,1014.969971,30774000,2021,2021-12,-0.06419878899204401,981.47819946,750.063999005
2021-12-06,1001.51001,1021.640015,950.5,1009.01001,1009.01001,27221000,2021,2021-12,-0.00587205648471345,986.1705993600001,751.536549055
2021-12-07,1044.199951,1057.670044,1026.810059,1051.75,1051.75,18694900,2021,2021-12,0.04235834092468527,991.37839966,753.3010989200001
2021-12-08,1052.709961,1072.380005,1033.0,1068.959961,1068.959961,13968800,2021,2021-12,0.01636316710244823,997.2063989200001,754.9357986250001
2021-12-09,1060.640015,1062.48999,1002.359985,1003.799988,1003.799988,19812800,2021,2021-12,-0.06095642061190354,1001.6561987199999,756.5436987100001
2021-12-10,1008.75,1020.97998,982.530029,1017.030029,1017.030029,19888100,2021,2021-12,0.013179957320342162,1006.4871997,758.251348855
2021-12-13,1001.090027,1005.0,951.419983,966.409973,966.409973,26198500,2021,2021-12,-0.04977243007246546,1010.3109997400002,759.491248755
2021-12-14,945.0,966.409973,930.0,958.51001,958.51001,23602100,2021,2021-12,-0.00817454622852909,1013.85059936,760.851598795
2021-12-15,953.210022,978.75,928.25,975.98999,975.98999,25056400,2021,2021-12,0.018236617059429694,1017.7585986200002,762.4655486849999
2021-12-16,994.5,994.97998,921.849976,926.919983,926.919983,27590500,2021,2021-12,-0.05027716216638656,1020.6419982800002,763.99294859
2021-12-17,914.77002,960.659973,909.039978,932.570007,932.570007,33479100,2021,2021-12,0.006095481922520962,1023.42119872,765.666048565
2021-12-20,910.700012,921.690002,893.390015,899.940002,899.940002,18826700,2021,2021-12,-0.03498933565852924,1025.71019896,767.3507485749999
2021-12-21,916.869995,939.5,886.119995,938.530029,938.530029,23839300,2021,2021-12,0.04288066639358035,1028.6419995,768.6754986349999
2021-12-22,965.659973,1015.659973,957.049988,1008.869995,1008.869995,31211400,2021,2021-12,0.07494695302924614,1032.70499998,770.37954862
2021-12-23,1006.799988,1072.97998,997.559998,1067.0,1067.0,30904400,2021,2021-12,0.05761892541962266,1037.82339964,772.21654874
2021-12-27,1073.670044,1117.0,1070.719971,1093.939941,1093.939941,23715300,2021,2021-12,0.025248304592315085,1043.33579832,774.2175985450001
2021-12-28,1109.48999,1119.0,1078.420044,1088.469971,1088.469971,20108000,2021,2021-12,-0.005000247083948528,1048.24459716,776.1202483899999
2021-12-29,1098.640015,1104.0,1064.140015,1086.189941,1086.189941,18718000,2021,2021-12,-0.002094710980317771,1052.56619628,778.16679807
2021-12-30,1061.329956,1095.550049,1053.150024,1070.339966,1070.339966,15680300,2021,2021-12,-0.014592268259645103,1056.6875952,780.0094479100001
2021-12-31,1073.439941,1082.0,1054.589966,1056.780029,1056.780029,13577900,2021,2021-12,-0.012668813116149646,1060.50719602,782.02754819
2022-01-03,1147.75,1201.069946,1136.040039,1199.780029,1199.780029,34643800,2022,2022-01,0.13531671310567517,1066.6227966,784.75209836
2022-01-04,1189.550049,1208.0,1123.050049,1149.589966,1149.589966,33416100,2022,2022-01,-0.04183272082119316,1071.42099606,787.1500481899999
2022-01-05,1146.650024,1170.339966,1081.01001,1088.119995,1088.119995,26706600,2022,2022-01,-0.05347121392672283,1072.68619626,789.2798483
2022-01-06,1077.0,1088.0,1020.5,1064.699951,1064.699951,30112200,2022,2022-01,-0.021523401929582242,1073.61159542,791.451997955
2022-01-07,1080.369995,1080.930054,1010.0,1026.959961,1026.959961,28054900,2022,2022-01,-0.035446596916392625,1073.39359494,793.384847685
2022-01-10,1000.0,1059.099976,980.0,1058.119995,1058.119995,30605000,2022,2022-01,0.030342014473142553,1073.01519406,795.58189755
2022-01-11,1053.670044,1075.849976,1038.819946,1064.400024,1064.400024,22021100,2022,2022-01,0.005935082060329,1072.02319454,797.8474477799999
2022-01-12,1078.849976,1114.839966,1072.589966,1106.219971,1106.219971,27913000,2022,2022-01,0.03928969001977389,1069.97579464,800.20044766
2022-01-13,1109.069946,1115.599976,1026.540039,1031.560059,1031.560059,32403300,2022,2022-01,-0.06749101802285229,1067.16699582,802.01859799
2022-01-14,1019.880005,1052.0,1013.380005,1049.609985,1049.609985,24308100,2022,2022-01,0.017497697630419973,1063.88199582,803.9578979150001
2022-01-18,1026.609985,1070.790039,1016.059998,1030.51001,1030.51001,22247800,2022,2022-01,-0.01819721160522314,1059.89399534,805.655198025
2022-01-19,1041.709961,1054.670044,995.0,995.650024,995.650024,25147500,2022,2022-01,-0.03382789653833629,1055.3651965,807.1753481700001
2022-01-20,1009.72998,1041.660034,994.0,996.27002,996.27002,23496200,2022,2022-01,0.0006227047507207928,1052.03179808,808.801848415
2022-01-21,996.340027,1004.549988,940.5,943.900024,943.900024,34472000,2022,2022-01,-0.052566066376262155,1050.43979856,810.1023485950001
2022-01-24,904.76001,933.51001,851.469971,930.0,930.0,50521900,2022,2022-01,-0.014726161295234852,1047.68079954,811.3672484950001
2022-01-25,914.200012,951.26001,903.210022,918.400024,918.400024,28865300,2022,2022-01,-0.01247309247311823,1044.7785998200002,812.449348715
2022-01-26,952.429993,987.690002,906.0,937.409973,937.409973,34955800,2022,2022-01,0.020698985739573628,1042.8583984,813.3247985450001
2022-01-27,933.359985,935.390015,829.0,829.099976,829.099976,49036500,2022,2022-01,-0.11554175880311446,1039.17259762,813.8091485250001
2022-01-28,831.559998,857.5,792.01001,846.349976,846.349976,44929700,2022,2022-01,0.02080569352229733,1035.00499754,814.3466485250001
2022-01-31,872.710022,937.98999,862.049988,936.719971,936.719971,34812000,2022,2022-01,0.1067761535565992,1031.95919676,815.331348235
2022-02-01,935.210022,943.700012,905.0,931.25,931.25,24379400,2022,2022-02,-0.005839494373286902,1028.6565966599999,816.4144482099999
2022-02-02,928.179993,931.5,889.409973,905.659973,905.659973,22264300,2022,2022-02,-0.027479223624160998,1024.02859494,817.3477981249999
2022-02-03,882.0,937.0,880.52002,891.140015,891.140015,26285200,2022,2022-02,-0.016032460783159785,1018.7139953400001,818.082898225
2022-02-04,897.219971,936.5,881.169983,923.320007,923.320007,24541800,2022,2022-02,0.03611103918389302,1014.9997949,819.1010482500001
2022-02-07,923.789978,947.77002,902.710022,907.340027,907.340027,20331500,2022,2022-02,-0.017307087335756255,1010.8265954399999,819.990748265
2022-02-08,905.530029,926.289978,894.799988,922.0,922.0,16909700,2022,2022-02,0.016157088372339645,1007.62819456,820.909748205
2022-02-09,935.0,946.27002,920.0,932.0,932.0,17419800,2022,2022-02,0.010845986984815648,1003.52839476,822.0460482550001
2022-02-10,908.369995,943.809998,896.700012,904.549988,904.549988,22042300,2022,2022-02,-0.029452802575107295,998.7241943200002,823.0967980749999
2022-02-11,909.630005,915.960022,850.700012,860.0,860.0,26548600,2022,2022-02,-0.04925099617601236,994.0241943200001,824.011798075
2022-02-14,861.570007,898.880005,853.150024,875.76001,875.76001,22585500,2022,2022-02,0.01832559302325576,989.847395,824.843398115
2022-02-15,900.0,923.0,893.380005,922.429993,922.429993,19095400,2022,2022-02,0.05329083592204675,987.99659544,826.03104796
2022-02-16,914.049988,926.429993,901.210022,923.390015,923.390015,17098100,2022,2022-02,0.001040753235785008,986.28419554,827.2799981549999
2022-02-17,913.26001,918.5,874.099976,876.349976,876.349976,18392800,2022,2022-02,-0.05094276333494896,982.7761950600001,828.307048025
2022-02-18,886.0,886.869995,837.609985,856.97998,856.97998,22833900,2022,2022-02,-0.022103037063357034,978.5365954399999,829.2742480349999
2022-02-22,834.130005,856.72998,801.099976,821.530029,821.530029,27762700,2022,2022-02,-0.041366136697849054,974.89119626,830.0200482050001
2022-02-23,830.429993,835.299988,760.559998,764.039978,764.039978,31752300,2022,2022-02,-0.06997924478789808,969.83139524,830.695048205
2022-02-24,700.390015,802.47998,700.0,800.77002,800.77002,45107400,2022,2022-02,0.04807345565365173,966.51859618,831.612898245
2022-02-25,809.22998,819.5,782.400024,809.869995,809.869995,25355900,2022,2022-02,0.011364030586459739,963.5457958799999,832.712798145
2022-02-28,815.01001,876.859985,814.710022,870.429993,870.429993,33002300,2022,2022-02,0.07477743140737036,961.43459594,834.2064981
2022-03-01,869.679993,889.880005,853.780029,864.369995,864.369995,24922300,2022,2022-03,-0.0069620739734780335,960.18359618,835.579648125
2022-03-02,872.130005,886.47998,844.27002,879.890015,879.890015,24881100,2022,2022-03,0.017955297025320727,959.12999634,837.094948115
2022-03-03,878.77002,886.440002,832.599976,839.289978,839.289978,20541200,2022,2022-03,-0.04614217266688714,957.91699586,838.4020480300001
2022-03-04,849.099976,855.650024,825.159973,838.289978,838.289978,22333200,2022,2022-03,-0.001191483308764063,955.91219484,839.77619781
2022-03-07,856.299988,866.140015,804.570007,804.580017,804.580017,24164700,2022,2022-03,-0.040212768713310365,951.82639528,840.8651977500001
2022-03-08,795.530029,849.98999,782.169983,824.400024,824.400024,26799700,2022,2022-03,0.024633978698479275,946.9743957599999,842.0827978450001
2022-03-09,839.47998,860.559998,832.01001,858.969971,858.969971,19728000,2022,2022-03,0.04193346190392644,942.27499636,843.34544769
2022-03-10,851.450012,854.450012,810.359985,838.299988,838.299988,19549500,2022,2022-03,-0.02406368522514979,937.2715967,844.51349762
2022-03-11,840.200012,843.799988,793.77002,795.349976,795.349976,22272800,2022,2022-03,-0.0512346565845353,931.4547974,845.3945974750001
2022-03-14,780.609985,800.700012,756.039978,766.369995,766.369995,23717400,2022,2022-03,-0.03643676604574386,925.37539798,846.07219757
2022-03-15,775.27002,805.570007,756.570007,801.890015,801.890015,22280400,2022,2022-03,0.0463483959859361,920.2775976999999,846.95554779
2022-03-16,809.0,842.0,802.26001,840.22998,840.22998,28009600,2022,2022-03,0.04781199950469528,913.0865967200001,848.03719757
2022-03-17,830.98999,875.0,825.719971,871.599976,871.599976,22194300,2022,2022-03,0.03733501154053087,907.52679692,849.3695974750001
2022-03-18,874.48999,907.849976,867.390015,905.390015,905.390015,33408500,2022,2022-03,0.03876782919966493,903.8721973199999,851.032347415
2022-03-21,914.97998,942.849976,907.090027,921.159973,921.159973,27327200,2022,2022-03,0.017417861627289977,901.0013977599999,852.6428973399999
2022-03-22,930.0,997.859985,921.75,993.97998,993.97998,35289500,2022,2022-03,0.07905250893918292,900.34179814,854.587147215
2022-03-23,979.940002,1040.699951,976.400024,999.109985,999.109985,40225400,2022,2022-03,0.005161074773357255,899.1615979399999,856.5647470050001
2022-03-24,1009.72998,1024.48999,988.799988,1013.919983,1013.919983,22901900,2022,2022-03,0.014823190862215174,898.1519971199999,858.640446775
